episode_index,repeat_index,position_in_cycle,dataset_index,original_task_id,is_specialist_task,selected_shared_path,selected_unshared_path,cumulative_shared_path_ratio,rolling_shared_path_ratio_last10,shared_branch_triggered,unshared_branch_triggered,shared_update_count,cumulative_shared_update_count,unshared_edge_update_count,cumulative_unshared_edge_update_count,selected_path,selected_shared_path_nodes,selected_unshared_path_nodes,raw_terminal_penalty,total_cost
0,0,0,19,[mms_issue]airplane_mode_on|bad_network_preference|break_app_sms_permission[PERSONA:Hard],False,True,False,1.0,1.0,True,False,5,5,3,3,"['stage1_n4__from__root__c04', 'stage2_n2__from__n0004__c02', 'stage3_n3__from__n0016__c02', 'stage4_n3__from__n0053__c02', 'stage5_n2__from__n0147__c02']","['stage1_n4__from__root__c04', 'stage2_n2__from__n0004__c02', 'stage3_n3__from__n0016__c02', 'stage4_n3__from__n0053__c02', 'stage5_n2__from__n0147__c02']",[],1.5,0.19492395896197948
1,0,1,13,[mms_issue]airplane_mode_on|bad_wifi_calling|break_app_sms_permission[PERSONA:None],False,True,False,1.0,1.0,True,False,2,7,4,7,"['stage1_n3__from__root__c03', 'stage2_n2__from__n0003__c02', 'stage3_n5__from__n0013__c04', 'stage4_n3__from__n0046__c02', 'stage5_n4__from__n0130__c04']","['stage1_n3__from__root__c03', 'stage2_n2__from__n0003__c02', 'stage3_n5__from__n0013__c04', 'stage4_n3__from__n0046__c02', 'stage5_n4__from__n0130__c04']",[],0.0,0.12946303560651778
2,0,2,7,[mms_issue]airplane_mode_on|bad_wifi_calling|break_app_storage_permission[PERSONA:Easy],False,True,False,1.0,1.0,True,False,2,9,4,11,"['stage1_n5__from__root__c05', 'stage2_n3__from__n0005__c01', 'stage3_n5__from__n0020__c03', 'stage4_n3__from__n0067__c02', 'stage5_n1__from__n0193__c01']","['stage1_n5__from__root__c05', 'stage2_n3__from__n0005__c01', 'stage3_n5__from__n0020__c03', 'stage4_n3__from__n0067__c02', 'stage5_n1__from__n0193__c01']",[],0.0,0.12128681351840676
3,0,3,25,[mms_issue]airplane_mode_on|break_app_both_permissions|data_usage_exceeded[PERSONA:Hard],False,True,False,1.0,1.0,True,False,1,10,5,16,"['stage1_n3__from__root__c03', 'stage2_n3__from__n0003__c03', 'stage3_n5__from__n0014__c03', 'stage4_n5__from__n0049__c04', 'stage5_n2__from__n0142__c01']","['stage1_n3__from__root__c03', 'stage2_n3__from__n0003__c03', 'stage3_n5__from__n0014__c03', 'stage4_n5__from__n0049__c04', 'stage5_n2__from__n0142__c01']",[],6.0,0.34400558237779116
4,0,4,36,[mms_issue]airplane_mode_on|break_app_storage_permission[PERSONA:Easy],False,True,False,1.0,1.0,True,False,5,15,4,20,"['stage1_n2__from__root__c02', 'stage2_n3__from__n0002__c03', 'stage3_n4__from__n0011__c02', 'stage4_n2__from__n0039__c01', 'stage5_n1__from__n0112__c01']","['stage1_n2__from__root__c02', 'stage2_n3__from__n0002__c03', 'stage3_n4__from__n0011__c02', 'stage4_n2__from__n0039__c01', 'stage5_n1__from__n0112__c01']",[],1.5,0.19695473747736872
5,0,5,18,[mms_issue]bad_network_preference[PERSONA:None],False,True,False,1.0,1.0,True,False,5,20,2,22,"['stage1_n1__from__root__c01', 'stage2_n1__from__n0001__c01', 'stage3_n2__from__n0006__c02', 'stage4_n1__from__n0024__c01', 'stage5_n1__from__n0075__c01']","['stage1_n1__from__root__c01', 'stage2_n1__from__n0001__c01', 'stage3_n2__from__n0006__c02', 'stage4_n1__from__n0024__c01', 'stage5_n1__from__n0075__c01']",[],1.5,0.1714823476161738
6,0,6,24,[mms_issue]bad_network_preference|break_app_storage_permission[PERSONA:None],False,True,False,1.0,1.0,True,False,2,22,5,27,"['stage1_n2__from__root__c02', 'stage2_n3__from__n0002__c03', 'stage3_n5__from__n0011__c03', 'stage4_n4__from__n0040__c03', 'stage5_n4__from__n0118__c03']","['stage1_n2__from__root__c02', 'stage2_n3__from__n0002__c03', 'stage3_n5__from__n0011__c03', 'stage4_n4__from__n0040__c03', 'stage5_n4__from__n0118__c03']",[],1.5,0.1586692818346409
7,0,7,23,[mms_issue]bad_wifi_calling[PERSONA:Easy],False,True,False,1.0,1.0,True,False,5,27,4,31,"['stage1_n4__from__root__c04', 'stage2_n3__from__n0004__c03', 'stage3_n4__from__n0017__c02', 'stage4_n3__from__n0057__c02', 'stage5_n1__from__n0159__c01']","['stage1_n4__from__root__c04', 'stage2_n3__from__n0004__c03', 'stage3_n4__from__n0017__c02', 'stage4_n3__from__n0057__c02', 'stage5_n1__from__n0159__c01']",[],0.0,0.23255642727821363
8,0,8,61,[mms_issue]bad_wifi_calling|break_app_storage_permission[PERSONA:Easy],False,False,True,0.8888888888888888,0.8888888888888888,False,True,0,27,5,36,"['stage1_n4__from__root__c04', 'stage2_n4__from__n0004__c04', 'stage3_n5__from__n0018__c03', 'stage4_n5__from__n0061__c04', 'stage5_n5__from__n0175__c03']",[],"['stage1_n4__from__root__c04', 'stage2_n4__from__n0004__c04', 'stage3_n5__from__n0018__c03', 'stage4_n5__from__n0061__c04', 'stage5_n5__from__n0175__c03']",0.0,0.14133660229330114
9,0,9,0,[mms_issue]break_app_both_permissions[PERSONA:Hard],False,False,True,0.8,0.8,False,True,0,27,5,41,"['stage1_n3__from__root__c03', 'stage2_n2__from__n0003__c02', 'stage3_n4__from__n0013__c03', 'stage4_n5__from__n0045__c04', 'stage5_n5__from__n0128__c03']",[],"['stage1_n3__from__root__c03', 'stage2_n2__from__n0003__c02', 'stage3_n4__from__n0013__c03', 'stage4_n5__from__n0045__c04', 'stage5_n5__from__n0128__c03']",1.5,0.3143728123114061
10,1,0,19,[mms_issue]airplane_mode_on|bad_network_preference|break_app_sms_permission[PERSONA:Hard],False,True,False,0.8181818181818182,0.8,True,False,5,32,5,46,"['stage1_n2__from__root__c02', 'stage2_n3__from__n0002__c03', 'stage3_n4__from__n0011__c02', 'stage4_n4__from__n0039__c03', 'stage5_n4__from__n0114__c03']","['stage1_n2__from__root__c02', 'stage2_n3__from__n0002__c03', 'stage3_n4__from__n0011__c02', 'stage4_n4__from__n0039__c03', 'stage5_n4__from__n0114__c03']",[],1.5,0.15972103198551602
11,1,1,13,[mms_issue]airplane_mode_on|bad_wifi_calling|break_app_sms_permission[PERSONA:None],False,True,False,0.8333333333333334,0.8,True,False,5,37,2,48,"['stage1_n1__from__root__c01', 'stage2_n1__from__n0001__c01', 'stage3_n1__from__n0006__c01', 'stage4_n1__from__n0023__c01', 'stage5_n1__from__n0074__c01']","['stage1_n1__from__root__c01', 'stage2_n1__from__n0001__c01', 'stage3_n1__from__n0006__c01', 'stage4_n1__from__n0023__c01', 'stage5_n1__from__n0074__c01']",[],0.0,0.13540796620398307
12,1,2,7,[mms_issue]airplane_mode_on|bad_wifi_calling|break_app_storage_permission[PERSONA:Easy],False,True,False,0.8461538461538461,0.8,True,False,5,42,5,53,"['stage1_n1__from__root__c01', 'stage2_n3__from__n0001__c03', 'stage3_n4__from__n0008__c02', 'stage4_n4__from__n0030__c03', 'stage5_n1__from__n0091__c01']","['stage1_n1__from__root__c01', 'stage2_n3__from__n0001__c03', 'stage3_n4__from__n0008__c02', 'stage4_n4__from__n0030__c03', 'stage5_n1__from__n0091__c01']",[],0.0,0.10101750150875075
13,1,3,25,[mms_issue]airplane_mode_on|break_app_both_permissions|data_usage_exceeded[PERSONA:Hard],False,True,False,0.8571428571428571,0.8,True,False,2,44,4,57,"['stage1_n4__from__root__c04', 'stage2_n2__from__n0004__c02', 'stage3_n5__from__n0016__c04', 'stage4_n2__from__n0055__c01', 'stage5_n2__from__n0152__c02']","['stage1_n4__from__root__c04', 'stage2_n2__from__n0004__c02', 'stage3_n5__from__n0016__c04', 'stage4_n2__from__n0055__c01', 'stage5_n2__from__n0152__c02']",[],6.0,0.3036554013277007
14,1,4,35,[mms_issue]airplane_mode_on|bad_network_preference|bad_wifi_calling|break_apn_mms_setting|break_app_both_permissions|data_mode_off|data_usage_exceeded|unseat_sim_card|user_abroad_roaming_disabled_on[PERSONA:Hard],True,True,False,0.8666666666666667,0.8,True,False,5,49,3,60,"['stage1_n1__from__root__c01', 'stage2_n3__from__n0001__c03', 'stage3_n3__from__n0008__c01', 'stage4_n3__from__n0029__c02', 'stage5_n1__from__n0088__c01']","['stage1_n1__from__root__c01', 'stage2_n3__from__n0001__c03', 'stage3_n3__from__n0008__c01', 'stage4_n3__from__n0029__c02', 'stage5_n1__from__n0088__c01']",[],3.0,0.23406487628243813
15,1,5,51,[mms_issue]airplane_mode_on|bad_network_preference|bad_wifi_calling|break_apn_mms_setting|break_app_both_permissions|data_mode_off|data_usage_exceeded|unseat_sim_card|user_abroad_roaming_enabled_off[PERSONA:Hard],True,True,False,0.875,0.8,True,False,5,54,2,62,"['stage1_n2__from__root__c02', 'stage2_n1__from__n0002__c01', 'stage3_n1__from__n0009__c01', 'stage4_n1__from__n0032__c01', 'stage5_n1__from__n0097__c01']","['stage1_n2__from__root__c02', 'stage2_n1__from__n0002__c01', 'stage3_n1__from__n0009__c01', 'stage4_n1__from__n0032__c01', 'stage5_n1__from__n0097__c01']",[],2.0,0.21932317441158722
16,1,6,45,[mms_issue]airplane_mode_on|bad_network_preference|bad_wifi_calling|break_apn_mms_setting|break_app_both_permissions|data_mode_off|unseat_sim_card|user_abroad_roaming_enabled_off[PERSONA:Hard],True,True,False,0.8823529411764706,0.8,True,False,2,56,4,66,"['stage1_n5__from__root__c05', 'stage2_n4__from__n0005__c02', 'stage3_n5__from__n0021__c03', 'stage4_n2__from__n0070__c01', 'stage5_n2__from__n0202__c02']","['stage1_n5__from__root__c05', 'stage2_n4__from__n0005__c02', 'stage3_n5__from__n0021__c03', 'stage4_n2__from__n0070__c01', 'stage5_n2__from__n0202__c02']",[],11.0,0.49619764634882313
17,1,7,40,[mms_issue]airplane_mode_on|bad_network_preference|bad_wifi_calling|break_apn_mms_setting|break_app_sms_permission|data_mode_off|data_usage_exceeded|unseat_sim_card|user_abroad_roaming_disabled_on[PERSONA:None],True,True,False,0.8888888888888888,0.8,True,False,5,61,4,70,"['stage1_n1__from__root__c01', 'stage2_n3__from__n0001__c03', 'stage3_n4__from__n0008__c02', 'stage4_n3__from__n0030__c02', 'stage5_n1__from__n0090__c01']","['stage1_n1__from__root__c01', 'stage2_n3__from__n0001__c03', 'stage3_n4__from__n0008__c02', 'stage4_n3__from__n0030__c02', 'stage5_n1__from__n0090__c01']",[],19.5,0.7370170488835244
18,1,8,46,[mms_issue]airplane_mode_on|bad_network_preference|bad_wifi_calling|break_apn_mms_setting|break_app_sms_permission|data_mode_off|data_usage_exceeded|unseat_sim_card|user_abroad_roaming_enabled_off[PERSONA:None],True,True,False,0.8947368421052632,0.9,True,False,5,66,2,72,"['stage1_n3__from__root__c03', 'stage2_n1__from__n0003__c01', 'stage3_n1__from__n0012__c01', 'stage4_n1__from__n0041__c01', 'stage5_n2__from__n0120__c02']","['stage1_n3__from__root__c03', 'stage2_n1__from__n0003__c01', 'stage3_n1__from__n0012__c01', 'stage4_n1__from__n0041__c01', 'stage5_n2__from__n0120__c02']",[],20.5,0.7888708509354255
19,1,9,16,[mms_issue]airplane_mode_on|bad_network_preference|bad_wifi_calling|break_apn_mms_setting|break_app_sms_permission|data_mode_off|data_usage_exceeded|user_abroad_roaming_disabled_on[PERSONA:None],True,True,False,0.9,1.0,True,False,3,69,3,75,"['stage1_n4__from__root__c04', 'stage2_n5__from__n0004__c05', 'stage3_n3__from__n0019__c01', 'stage4_n2__from__n0062__c01', 'stage5_n1__from__n0176__c01']","['stage1_n4__from__root__c04', 'stage2_n5__from__n0004__c05', 'stage3_n3__from__n0019__c01', 'stage4_n2__from__n0062__c01', 'stage5_n1__from__n0176__c01']",[],2.0,0.20898023536511767
20,2,0,65,[mms_issue]airplane_mode_on|bad_network_preference|bad_wifi_calling|break_apn_mms_setting|break_app_sms_permission|data_mode_off|unseat_sim_card|user_abroad_roaming_enabled_off[PERSONA:None],True,True,False,0.9047619047619048,1.0,True,False,5,74,2,77,"['stage1_n2__from__root__c02', 'stage2_n1__from__n0002__c01', 'stage3_n2__from__n0009__c02', 'stage4_n1__from__n0033__c01', 'stage5_n2__from__n0098__c02']","['stage1_n2__from__root__c02', 'stage2_n1__from__n0002__c01', 'stage3_n2__from__n0009__c02', 'stage4_n1__from__n0033__c01', 'stage5_n2__from__n0098__c02']",[],0.0,0.1746057634278817
21,2,1,11,[mms_issue]airplane_mode_on|bad_network_preference|bad_wifi_calling|break_apn_mms_setting|break_app_storage_permission|data_mode_off|data_usage_exceeded|unseat_sim_card|user_abroad_roaming_disabled_on[PERSONA:Easy],True,True,False,0.9090909090909091,1.0,True,False,5,79,3,80,"['stage1_n2__from__root__c02', 'stage2_n2__from__n0002__c02', 'stage3_n2__from__n0010__c01', 'stage4_n1__from__n0034__c01', 'stage5_n1__from__n0099__c01']","['stage1_n2__from__root__c02', 'stage2_n2__from__n0002__c02', 'stage3_n2__from__n0010__c01', 'stage4_n1__from__n0034__c01', 'stage5_n1__from__n0099__c01']",[],19.5,0.7411754677127338
22,2,2,17,[mms_issue]airplane_mode_on|bad_network_preference|bad_wifi_calling|break_apn_mms_setting|break_app_storage_permission|data_mode_off|data_usage_exceeded|unseat_sim_card|user_abroad_roaming_enabled_off[PERSONA:Easy],True,True,False,0.9130434782608695,1.0,True,False,5,84,3,83,"['stage1_n3__from__root__c03', 'stage2_n3__from__n0003__c03', 'stage3_n3__from__n0014__c01', 'stage4_n3__from__n0047__c02', 'stage5_n2__from__n0134__c02']","['stage1_n3__from__root__c03', 'stage2_n3__from__n0003__c03', 'stage3_n3__from__n0014__c01', 'stage4_n3__from__n0047__c02', 'stage5_n2__from__n0134__c02']",[],15.0,0.6026478575739288
23,2,3,67,[mms_issue]airplane_mode_on|break_apn_mms_setting|break_app_both_permissions|user_abroad_roaming_disabled_off[PERSONA:None],False,True,False,0.9166666666666666,1.0,True,False,5,89,2,85,"['stage1_n1__from__root__c01', 'stage2_n1__from__n0001__c01', 'stage3_n1__from__n0006__c01', 'stage4_n1__from__n0023__c01', 'stage5_n1__from__n0074__c01']","['stage1_n1__from__root__c01', 'stage2_n1__from__n0001__c01', 'stage3_n1__from__n0006__c01', 'stage4_n1__from__n0023__c01', 'stage5_n1__from__n0074__c01']",[],1.0,0.1586926674713337
24,2,4,35,[mms_issue]airplane_mode_on|bad_network_preference|bad_wifi_calling|break_apn_mms_setting|break_app_both_permissions|data_mode_off|data_usage_exceeded|unseat_sim_card|user_abroad_roaming_disabled_on[PERSONA:Hard],True,True,False,0.92,1.0,True,False,4,93,3,88,"['stage1_n5__from__root__c05', 'stage2_n4__from__n0005__c02', 'stage3_n3__from__n0021__c01', 'stage4_n3__from__n0068__c02', 'stage5_n4__from__n0197__c04']","['stage1_n5__from__root__c05', 'stage2_n4__from__n0005__c02', 'stage3_n3__from__n0021__c01', 'stage4_n3__from__n0068__c02', 'stage5_n4__from__n0197__c04']",[],19.0,0.7267788171394085
25,2,5,51,[mms_issue]airplane_mode_on|bad_network_preference|bad_wifi_calling|break_apn_mms_setting|break_app_both_permissions|data_mode_off|data_usage_exceeded|unseat_sim_card|user_abroad_roaming_enabled_off[PERSONA:Hard],True,True,False,0.9230769230769231,1.0,True,False,5,98,4,92,"['stage1_n1__from__root__c01', 'stage2_n2__from__n0001__c02', 'stage3_n4__from__n0007__c03', 'stage4_n3__from__n0027__c02', 'stage5_n3__from__n0080__c03']","['stage1_n1__from__root__c01', 'stage2_n2__from__n0001__c02', 'stage3_n4__from__n0007__c03', 'stage4_n3__from__n0027__c02', 'stage5_n3__from__n0080__c03']",[],15.0,0.5900958056729029
26,2,6,45,[mms_issue]airplane_mode_on|bad_network_preference|bad_wifi_calling|break_apn_mms_setting|break_app_both_permissions|data_mode_off|unseat_sim_card|user_abroad_roaming_enabled_off[PERSONA:Hard],True,True,False,0.9259259259259259,1.0,True,False,5,103,2,94,"['stage1_n2__from__root__c02', 'stage2_n1__from__n0002__c01', 'stage3_n2__from__n0009__c02', 'stage4_n1__from__n0033__c01', 'stage5_n1__from__n0098__c01']","['stage1_n2__from__root__c02', 'stage2_n1__from__n0002__c01', 'stage3_n2__from__n0009__c02', 'stage4_n1__from__n0033__c01', 'stage5_n1__from__n0098__c01']",[],11.0,0.5139484007242003
27,2,7,40,[mms_issue]airplane_mode_on|bad_network_preference|bad_wifi_calling|break_apn_mms_setting|break_app_sms_permission|data_mode_off|data_usage_exceeded|unseat_sim_card|user_abroad_roaming_disabled_on[PERSONA:None],True,True,False,0.9285714285714286,1.0,True,False,4,107,3,97,"['stage1_n5__from__root__c05', 'stage2_n3__from__n0005__c01', 'stage3_n3__from__n0020__c01', 'stage4_n3__from__n0065__c02', 'stage5_n2__from__n0187__c02']","['stage1_n5__from__root__c05', 'stage2_n3__from__n0005__c01', 'stage3_n3__from__n0020__c01', 'stage4_n3__from__n0065__c02', 'stage5_n2__from__n0187__c02']",[],19.5,0.7275668376584189
28,2,8,46,[mms_issue]airplane_mode_on|bad_network_preference|bad_wifi_calling|break_apn_mms_setting|break_app_sms_permission|data_mode_off|data_usage_exceeded|unseat_sim_card|user_abroad_roaming_enabled_off[PERSONA:None],True,True,False,0.9310344827586207,1.0,True,False,5,112,3,100,"['stage1_n2__from__root__c02', 'stage2_n2__from__n0002__c02', 'stage3_n3__from__n0010__c02', 'stage4_n3__from__n0035__c02', 'stage5_n3__from__n0101__c03']","['stage1_n2__from__root__c02', 'stage2_n2__from__n0002__c02', 'stage3_n3__from__n0010__c02', 'stage4_n3__from__n0035__c02', 'stage5_n3__from__n0101__c03']",[],21.5,0.8060171997585999
29,2,9,16,[mms_issue]airplane_mode_on|bad_network_preference|bad_wifi_calling|break_apn_mms_setting|break_app_sms_permission|data_mode_off|data_usage_exceeded|user_abroad_roaming_disabled_on[PERSONA:None],True,False,True,0.9,0.9,False,True,0,112,5,105,"['stage1_n5__from__root__c05', 'stage2_n3__from__n0005__c01', 'stage3_n4__from__n0020__c02', 'stage4_n5__from__n0066__c04', 'stage5_n5__from__n0191__c03']",[],"['stage1_n5__from__root__c05', 'stage2_n3__from__n0005__c01', 'stage3_n4__from__n0020__c02', 'stage4_n5__from__n0066__c04', 'stage5_n5__from__n0191__c03']",11.0,0.4634660531080265
30,3,0,65,[mms_issue]airplane_mode_on|bad_network_preference|bad_wifi_calling|break_apn_mms_setting|break_app_sms_permission|data_mode_off|unseat_sim_card|user_abroad_roaming_enabled_off[PERSONA:None],True,True,False,0.9032258064516129,0.9,True,False,2,114,4,109,"['stage1_n5__from__root__c05', 'stage2_n5__from__n0005__c03', 'stage3_n5__from__n0022__c03', 'stage4_n3__from__n0073__c02', 'stage5_n3__from__n0213__c03']","['stage1_n5__from__root__c05', 'stage2_n5__from__n0005__c03', 'stage3_n5__from__n0022__c03', 'stage4_n3__from__n0073__c02', 'stage5_n3__from__n0213__c03']",[],18.5,0.7223743210621606
31,3,1,11,[mms_issue]airplane_mode_on|bad_network_preference|bad_wifi_calling|break_apn_mms_setting|break_app_storage_permission|data_mode_off|data_usage_exceeded|unseat_sim_card|user_abroad_roaming_disabled_on[PERSONA:Easy],True,True,False,0.90625,0.9,True,False,5,119,2,111,"['stage1_n4__from__root__c04', 'stage2_n1__from__n0004__c01', 'stage3_n1__from__n0015__c01', 'stage4_n1__from__n0050__c01', 'stage5_n2__from__n0143__c02']","['stage1_n4__from__root__c04', 'stage2_n1__from__n0004__c01', 'stage3_n1__from__n0015__c01', 'stage4_n1__from__n0050__c01', 'stage5_n2__from__n0143__c02']",[],18.5,0.710460018105009
32,3,2,17,[mms_issue]airplane_mode_on|bad_network_preference|bad_wifi_calling|break_apn_mms_setting|break_app_storage_permission|data_mode_off|data_usage_exceeded|unseat_sim_card|user_abroad_roaming_enabled_off[PERSONA:Easy],True,True,False,0.9090909090909091,0.9,True,False,5,124,3,114,"['stage1_n4__from__root__c04', 'stage2_n3__from__n0004__c03', 'stage3_n3__from__n0017__c01', 'stage4_n3__from__n0056__c02', 'stage5_n3__from__n0157__c03']","['stage1_n4__from__root__c04', 'stage2_n3__from__n0004__c03', 'stage3_n3__from__n0017__c01', 'stage4_n3__from__n0056__c02', 'stage5_n3__from__n0157__c03']",[],13.0,0.5520330416415209
33,3,3,67,[mms_issue]airplane_mode_on|break_apn_mms_setting|break_app_both_permissions|user_abroad_roaming_disabled_off[PERSONA:None],False,True,False,0.9117647058823529,0.9,True,False,5,129,2,116,"['stage1_n4__from__root__c04', 'stage2_n1__from__n0004__c01', 'stage3_n1__from__n0015__c01', 'stage4_n1__from__n0050__c01', 'stage5_n1__from__n0143__c01']","['stage1_n4__from__root__c04', 'stage2_n1__from__n0004__c01', 'stage3_n1__from__n0015__c01', 'stage4_n1__from__n0050__c01', 'stage5_n1__from__n0143__c01']",[],1.0,0.18427972238986118
34,3,4,35,[mms_issue]airplane_mode_on|bad_network_preference|bad_wifi_calling|break_apn_mms_setting|break_app_both_permissions|data_mode_off|data_usage_exceeded|unseat_sim_card|user_abroad_roaming_disabled_on[PERSONA:Hard],True,True,False,0.9142857142857143,0.9,True,False,5,134,2,118,"['stage1_n2__from__root__c02', 'stage2_n1__from__n0002__c01', 'stage3_n2__from__n0009__c02', 'stage4_n1__from__n0033__c01', 'stage5_n2__from__n0098__c02']","['stage1_n2__from__root__c02', 'stage2_n1__from__n0002__c01', 'stage3_n2__from__n0009__c02', 'stage4_n1__from__n0033__c01', 'stage5_n2__from__n0098__c02']",[],18.5,0.7305502414001206
35,3,5,51,[mms_issue]airplane_mode_on|bad_network_preference|bad_wifi_calling|break_apn_mms_setting|break_app_both_permissions|data_mode_off|data_usage_exceeded|unseat_sim_card|user_abroad_roaming_enabled_off[PERSONA:Hard],True,True,False,0.9166666666666666,0.9,True,False,5,139,3,121,"['stage1_n3__from__root__c03', 'stage2_n2__from__n0003__c02', 'stage3_n2__from__n0013__c01', 'stage4_n1__from__n0043__c01', 'stage5_n2__from__n0122__c02']","['stage1_n3__from__root__c03', 'stage2_n2__from__n0003__c02', 'stage3_n2__from__n0013__c01', 'stage4_n1__from__n0043__c01', 'stage5_n2__from__n0122__c02']",[],13.0,0.5726875377187688
36,3,6,45,[mms_issue]airplane_mode_on|bad_network_preference|bad_wifi_calling|break_apn_mms_setting|break_app_both_permissions|data_mode_off|unseat_sim_card|user_abroad_roaming_enabled_off[PERSONA:Hard],True,True,False,0.918918918918919,0.9,True,False,3,142,3,124,"['stage1_n4__from__root__c04', 'stage2_n5__from__n0004__c05', 'stage3_n3__from__n0019__c01', 'stage4_n2__from__n0062__c01', 'stage5_n2__from__n0176__c02']","['stage1_n4__from__root__c04', 'stage2_n5__from__n0004__c05', 'stage3_n3__from__n0019__c01', 'stage4_n2__from__n0062__c01', 'stage5_n2__from__n0176__c02']",[],11.0,0.49190826795413395
37,3,7,40,[mms_issue]airplane_mode_on|bad_network_preference|bad_wifi_calling|break_apn_mms_setting|break_app_sms_permission|data_mode_off|data_usage_exceeded|unseat_sim_card|user_abroad_roaming_disabled_on[PERSONA:None],True,True,False,0.9210526315789473,0.9,True,False,5,147,3,127,"['stage1_n1__from__root__c01', 'stage2_n2__from__n0001__c02', 'stage3_n3__from__n0007__c02', 'stage4_n3__from__n0026__c02', 'stage5_n3__from__n0078__c03']","['stage1_n1__from__root__c01', 'stage2_n2__from__n0001__c02', 'stage3_n3__from__n0007__c02', 'stage4_n3__from__n0026__c02', 'stage5_n3__from__n0078__c03']",[],19.5,0.7279758599879299
38,3,8,46,[mms_issue]airplane_mode_on|bad_network_preference|bad_wifi_calling|break_apn_mms_setting|break_app_sms_permission|data_mode_off|data_usage_exceeded|unseat_sim_card|user_abroad_roaming_enabled_off[PERSONA:None],True,True,False,0.9230769230769231,0.9,True,False,5,152,3,130,"['stage1_n4__from__root__c04', 'stage2_n4__from__n0004__c04', 'stage3_n3__from__n0018__c01', 'stage4_n3__from__n0059__c02', 'stage5_n1__from__n0167__c01']","['stage1_n4__from__root__c04', 'stage2_n4__from__n0004__c04', 'stage3_n3__from__n0018__c01', 'stage4_n3__from__n0059__c02', 'stage5_n1__from__n0167__c01']",[],21.5,0.7868605914302957
39,3,9,16,[mms_issue]airplane_mode_on|bad_network_preference|bad_wifi_calling|break_apn_mms_setting|break_app_sms_permission|data_mode_off|data_usage_exceeded|user_abroad_roaming_disabled_on[PERSONA:None],True,True,False,0.925,1.0,True,False,3,155,3,133,"['stage1_n5__from__root__c05', 'stage2_n5__from__n0005__c03', 'stage3_n3__from__n0022__c01', 'stage4_n3__from__n0071__c02', 'stage5_n1__from__n0207__c01']","['stage1_n5__from__root__c05', 'stage2_n5__from__n0005__c03', 'stage3_n3__from__n0022__c01', 'stage4_n3__from__n0071__c02', 'stage5_n1__from__n0207__c01']",[],2.0,0.20590494870247436
40,4,0,65,[mms_issue]airplane_mode_on|bad_network_preference|bad_wifi_calling|break_apn_mms_setting|break_app_sms_permission|data_mode_off|unseat_sim_card|user_abroad_roaming_enabled_off[PERSONA:None],True,True,False,0.926829268292683,1.0,True,False,4,159,4,137,"['stage1_n5__from__root__c05', 'stage2_n4__from__n0005__c02', 'stage3_n4__from__n0021__c02', 'stage4_n2__from__n0069__c01', 'stage5_n2__from__n0198__c02']","['stage1_n5__from__root__c05', 'stage2_n4__from__n0005__c02', 'stage3_n4__from__n0021__c02', 'stage4_n2__from__n0069__c01', 'stage5_n2__from__n0198__c02']",[],11.0,0.503521726010863
41,4,1,11,[mms_issue]airplane_mode_on|bad_network_preference|bad_wifi_calling|break_apn_mms_setting|break_app_storage_permission|data_mode_off|data_usage_exceeded|unseat_sim_card|user_abroad_roaming_disabled_on[PERSONA:Easy],True,True,False,0.9285714285714286,1.0,True,False,5,164,3,140,"['stage1_n1__from__root__c01', 'stage2_n2__from__n0001__c02', 'stage3_n3__from__n0007__c02', 'stage4_n3__from__n0026__c02', 'stage5_n2__from__n0078__c02']","['stage1_n1__from__root__c01', 'stage2_n2__from__n0001__c02', 'stage3_n3__from__n0007__c02', 'stage4_n3__from__n0026__c02', 'stage5_n2__from__n0078__c02']",[],19.5,0.7275286662643332
42,4,2,17,[mms_issue]airplane_mode_on|bad_network_preference|bad_wifi_calling|break_apn_mms_setting|break_app_storage_permission|data_mode_off|data_usage_exceeded|unseat_sim_card|user_abroad_roaming_enabled_off[PERSONA:Easy],True,False,True,0.9069767441860465,0.9,False,True,0,164,5,145,"['stage1_n4__from__root__c04', 'stage2_n3__from__n0004__c03', 'stage3_n5__from__n0017__c03', 'stage4_n5__from__n0058__c04', 'stage5_n5__from__n0165__c03']",[],"['stage1_n4__from__root__c04', 'stage2_n3__from__n0004__c03', 'stage3_n5__from__n0017__c03', 'stage4_n5__from__n0058__c04', 'stage5_n5__from__n0165__c03']",13.0,0.5331071213035606
43,4,3,67,[mms_issue]airplane_mode_on|break_apn_mms_setting|break_app_both_permissions|user_abroad_roaming_disabled_off[PERSONA:None],False,True,False,0.9090909090909091,0.9,True,False,1,165,5,150,"['stage1_n1__from__root__c01', 'stage2_n2__from__n0001__c02', 'stage3_n5__from__n0007__c04', 'stage4_n5__from__n0028__c04', 'stage5_n2__from__n0086__c01']","['stage1_n1__from__root__c01', 'stage2_n2__from__n0001__c02', 'stage3_n5__from__n0007__c04', 'stage4_n5__from__n0028__c04', 'stage5_n2__from__n0086__c01']",[],3.0,0.23433056729028365
44,4,4,35,[mms_issue]airplane_mode_on|bad_network_preference|bad_wifi_calling|break_apn_mms_setting|break_app_both_permissions|data_mode_off|data_usage_exceeded|unseat_sim_card|user_abroad_roaming_disabled_on[PERSONA:Hard],True,True,False,0.9111111111111111,0.9,True,False,5,170,2,152,"['stage1_n1__from__root__c01', 'stage2_n1__from__n0001__c01', 'stage3_n1__from__n0006__c01', 'stage4_n1__from__n0023__c01', 'stage5_n1__from__n0074__c01']","['stage1_n1__from__root__c01', 'stage2_n1__from__n0001__c01', 'stage3_n1__from__n0006__c01', 'stage4_n1__from__n0023__c01', 'stage5_n1__from__n0074__c01']",[],2.0,0.21492426071213036
45,4,5,51,[mms_issue]airplane_mode_on|bad_network_preference|bad_wifi_calling|break_apn_mms_setting|break_app_both_permissions|data_mode_off|data_usage_exceeded|unseat_sim_card|user_abroad_roaming_enabled_off[PERSONA:Hard],True,False,True,0.8913043478260869,0.8,False,True,0,170,5,157,"['stage1_n1__from__root__c01', 'stage2_n3__from__n0001__c03', 'stage3_n5__from__n0008__c03', 'stage4_n4__from__n0031__c03', 'stage5_n5__from__n0095__c04']",[],"['stage1_n1__from__root__c01', 'stage2_n3__from__n0001__c03', 'stage3_n5__from__n0008__c03', 'stage4_n4__from__n0031__c03', 'stage5_n5__from__n0095__c04']",5.0,0.31324426674713335
46,4,6,45,[mms_issue]airplane_mode_on|bad_network_preference|bad_wifi_calling|break_apn_mms_setting|break_app_both_permissions|data_mode_off|unseat_sim_card|user_abroad_roaming_enabled_off[PERSONA:Hard],True,False,True,0.8723404255319149,0.7,False,True,0,170,5,162,"['stage1_n5__from__root__c05', 'stage2_n5__from__n0005__c03', 'stage3_n4__from__n0022__c02', 'stage4_n5__from__n0072__c04', 'stage5_n5__from__n0211__c03']",[],"['stage1_n5__from__root__c05', 'stage2_n5__from__n0005__c03', 'stage3_n4__from__n0022__c02', 'stage4_n5__from__n0072__c04', 'stage5_n5__from__n0211__c03']",11.0,0.5023716053108026
47,4,7,40,[mms_issue]airplane_mode_on|bad_network_preference|bad_wifi_calling|break_apn_mms_setting|break_app_sms_permission|data_mode_off|data_usage_exceeded|unseat_sim_card|user_abroad_roaming_disabled_on[PERSONA:None],True,True,False,0.875,0.7,True,False,3,173,3,165,"['stage1_n5__from__root__c05', 'stage2_n5__from__n0005__c03', 'stage3_n3__from__n0022__c01', 'stage4_n2__from__n0071__c01', 'stage5_n2__from__n0206__c02']","['stage1_n5__from__root__c05', 'stage2_n5__from__n0005__c03', 'stage3_n3__from__n0022__c01', 'stage4_n2__from__n0071__c01', 'stage5_n2__from__n0206__c02']",[],18.5,0.7104480989740494
48,4,8,46,[mms_issue]airplane_mode_on|bad_network_preference|bad_wifi_calling|break_apn_mms_setting|break_app_sms_permission|data_mode_off|data_usage_exceeded|unseat_sim_card|user_abroad_roaming_enabled_off[PERSONA:None],True,True,False,0.8775510204081632,0.7,True,False,5,178,3,168,"['stage1_n1__from__root__c01', 'stage2_n2__from__n0001__c02', 'stage3_n2__from__n0007__c01', 'stage4_n1__from__n0025__c01', 'stage5_n1__from__n0076__c01']","['stage1_n1__from__root__c01', 'stage2_n2__from__n0001__c02', 'stage3_n2__from__n0007__c01', 'stage4_n1__from__n0025__c01', 'stage5_n1__from__n0076__c01']",[],13.0,0.5524535304767652
49,4,9,16,[mms_issue]airplane_mode_on|bad_network_preference|bad_wifi_calling|break_apn_mms_setting|break_app_sms_permission|data_mode_off|data_usage_exceeded|user_abroad_roaming_disabled_on[PERSONA:None],True,True,False,0.88,0.7,True,False,5,183,3,171,"['stage1_n3__from__root__c03', 'stage2_n2__from__n0003__c02', 'stage3_n3__from__n0013__c02', 'stage4_n3__from__n0044__c02', 'stage5_n2__from__n0124__c02']","['stage1_n3__from__root__c03', 'stage2_n2__from__n0003__c02', 'stage3_n3__from__n0013__c02', 'stage4_n3__from__n0044__c02', 'stage5_n2__from__n0124__c02']",[],3.0,0.24479164152082072
50,5,0,65,[mms_issue]airplane_mode_on|bad_network_preference|bad_wifi_calling|break_apn_mms_setting|break_app_sms_permission|data_mode_off|unseat_sim_card|user_abroad_roaming_enabled_off[PERSONA:None],True,True,False,0.8823529411764706,0.7,True,False,4,187,4,175,"['stage1_n5__from__root__c05', 'stage2_n3__from__n0005__c01', 'stage3_n4__from__n0020__c02', 'stage4_n3__from__n0066__c02', 'stage5_n1__from__n0189__c01']","['stage1_n5__from__root__c05', 'stage2_n3__from__n0005__c01', 'stage3_n4__from__n0020__c02', 'stage4_n3__from__n0066__c02', 'stage5_n1__from__n0189__c01']",[],18.5,0.7274898913699457
51,5,1,11,[mms_issue]airplane_mode_on|bad_network_preference|bad_wifi_calling|break_apn_mms_setting|break_app_storage_permission|data_mode_off|data_usage_exceeded|unseat_sim_card|user_abroad_roaming_disabled_on[PERSONA:Easy],True,True,False,0.8846153846153846,0.7,True,False,5,192,2,177,"['stage1_n3__from__root__c03', 'stage2_n1__from__n0003__c01', 'stage3_n2__from__n0012__c02', 'stage4_n1__from__n0042__c01', 'stage5_n2__from__n0121__c02']","['stage1_n3__from__root__c03', 'stage2_n1__from__n0003__c01', 'stage3_n2__from__n0012__c02', 'stage4_n1__from__n0042__c01', 'stage5_n2__from__n0121__c02']",[],2.0,0.23198234761617378
52,5,2,17,[mms_issue]airplane_mode_on|bad_network_preference|bad_wifi_calling|break_apn_mms_setting|break_app_storage_permission|data_mode_off|data_usage_exceeded|unseat_sim_card|user_abroad_roaming_enabled_off[PERSONA:Easy],True,True,False,0.8867924528301887,0.8,True,False,5,197,5,182,"['stage1_n4__from__root__c04', 'stage2_n4__from__n0004__c04', 'stage3_n4__from__n0018__c02', 'stage4_n4__from__n0060__c03', 'stage5_n1__from__n0170__c01']","['stage1_n4__from__root__c04', 'stage2_n4__from__n0004__c04', 'stage3_n4__from__n0018__c02', 'stage4_n4__from__n0060__c03', 'stage5_n1__from__n0170__c01']",[],20.5,0.7495428485214242
53,5,3,67,[mms_issue]airplane_mode_on|break_apn_mms_setting|break_app_both_permissions|user_abroad_roaming_disabled_off[PERSONA:None],False,False,True,0.8703703703703703,0.7,False,True,0,197,5,187,"['stage1_n5__from__root__c05', 'stage2_n5__from__n0005__c03', 'stage3_n4__from__n0022__c02', 'stage4_n4__from__n0072__c03', 'stage5_n5__from__n0210__c04']",[],"['stage1_n5__from__root__c05', 'stage2_n5__from__n0005__c03', 'stage3_n4__from__n0022__c02', 'stage4_n4__from__n0072__c03', 'stage5_n5__from__n0210__c04']",3.0,0.24457634278817136
54,5,4,35,[mms_issue]airplane_mode_on|bad_network_preference|bad_wifi_calling|break_apn_mms_setting|break_app_both_permissions|data_mode_off|data_usage_exceeded|unseat_sim_card|user_abroad_roaming_disabled_on[PERSONA:Hard],True,True,False,0.8727272727272727,0.7,True,False,3,200,5,192,"['stage1_n5__from__root__c05', 'stage2_n5__from__n0005__c03', 'stage3_n4__from__n0022__c02', 'stage4_n4__from__n0072__c03', 'stage5_n1__from__n0210__c01']","['stage1_n5__from__root__c05', 'stage2_n5__from__n0005__c03', 'stage3_n4__from__n0022__c02', 'stage4_n4__from__n0072__c03', 'stage5_n1__from__n0210__c01']",[],2.0,0.25072133373566685
55,5,5,51,[mms_issue]airplane_mode_on|bad_network_preference|bad_wifi_calling|break_apn_mms_setting|break_app_both_permissions|data_mode_off|data_usage_exceeded|unseat_sim_card|user_abroad_roaming_enabled_off[PERSONA:Hard],True,True,False,0.875,0.8,True,False,2,202,4,196,"['stage1_n4__from__root__c04', 'stage2_n5__from__n0004__c05', 'stage3_n5__from__n0019__c03', 'stage4_n2__from__n0064__c01', 'stage5_n2__from__n0182__c02']","['stage1_n4__from__root__c04', 'stage2_n5__from__n0004__c05', 'stage3_n5__from__n0019__c03', 'stage4_n2__from__n0064__c01', 'stage5_n2__from__n0182__c02']",[],20.5,0.7718467109233554
56,5,6,45,[mms_issue]airplane_mode_on|bad_network_preference|bad_wifi_calling|break_apn_mms_setting|break_app_both_permissions|data_mode_off|unseat_sim_card|user_abroad_roaming_enabled_off[PERSONA:Hard],True,True,False,0.8771929824561403,0.9,True,False,3,205,3,199,"['stage1_n5__from__root__c05', 'stage2_n5__from__n0005__c03', 'stage3_n3__from__n0022__c01', 'stage4_n3__from__n0071__c02', 'stage5_n3__from__n0207__c03']","['stage1_n5__from__root__c05', 'stage2_n5__from__n0005__c03', 'stage3_n3__from__n0022__c01', 'stage4_n3__from__n0071__c02', 'stage5_n3__from__n0207__c03']",[],0.0,0.13605522027761013
57,5,7,40,[mms_issue]airplane_mode_on|bad_network_preference|bad_wifi_calling|break_apn_mms_setting|break_app_sms_permission|data_mode_off|data_usage_exceeded|unseat_sim_card|user_abroad_roaming_disabled_on[PERSONA:None],True,True,False,0.8793103448275862,0.9,True,False,2,207,5,204,"['stage1_n5__from__root__c05', 'stage2_n4__from__n0005__c02', 'stage3_n5__from__n0021__c03', 'stage4_n4__from__n0070__c03', 'stage5_n1__from__n0204__c01']","['stage1_n5__from__root__c05', 'stage2_n4__from__n0005__c02', 'stage3_n5__from__n0021__c03', 'stage4_n4__from__n0070__c03', 'stage5_n1__from__n0204__c01']",[],14.0,0.5448940856970429
58,5,8,46,[mms_issue]airplane_mode_on|bad_network_preference|bad_wifi_calling|break_apn_mms_setting|break_app_sms_permission|data_mode_off|data_usage_exceeded|unseat_sim_card|user_abroad_roaming_enabled_off[PERSONA:None],True,False,True,0.864406779661017,0.8,False,True,0,207,5,209,"['stage1_n5__from__root__c05', 'stage2_n3__from__n0005__c01', 'stage3_n5__from__n0020__c03', 'stage4_n4__from__n0067__c03', 'stage5_n5__from__n0194__c04']",[],"['stage1_n5__from__root__c05', 'stage2_n3__from__n0005__c01', 'stage3_n5__from__n0020__c03', 'stage4_n4__from__n0067__c03', 'stage5_n5__from__n0194__c04']",5.0,0.31049140012070003
59,5,9,16,[mms_issue]airplane_mode_on|bad_network_preference|bad_wifi_calling|break_apn_mms_setting|break_app_sms_permission|data_mode_off|data_usage_exceeded|user_abroad_roaming_disabled_on[PERSONA:None],True,True,False,0.8666666666666667,0.8,True,False,5,212,2,211,"['stage1_n1__from__root__c01', 'stage2_n1__from__n0001__c01', 'stage3_n1__from__n0006__c01', 'stage4_n1__from__n0023__c01', 'stage5_n2__from__n0074__c02']","['stage1_n1__from__root__c01', 'stage2_n1__from__n0001__c01', 'stage3_n1__from__n0006__c01', 'stage4_n1__from__n0023__c01', 'stage5_n2__from__n0074__c02']",[],2.0,0.2092729330114665
60,6,0,65,[mms_issue]airplane_mode_on|bad_network_preference|bad_wifi_calling|break_apn_mms_setting|break_app_sms_permission|data_mode_off|unseat_sim_card|user_abroad_roaming_enabled_off[PERSONA:None],True,True,False,0.8688524590163934,0.8,True,False,5,217,2,213,"['stage1_n1__from__root__c01', 'stage2_n1__from__n0001__c01', 'stage3_n2__from__n0006__c02', 'stage4_n1__from__n0024__c01', 'stage5_n1__from__n0075__c01']","['stage1_n1__from__root__c01', 'stage2_n1__from__n0001__c01', 'stage3_n2__from__n0006__c02', 'stage4_n1__from__n0024__c01', 'stage5_n1__from__n0075__c01']",[],0.0,0.15630280627640314
61,6,1,11,[mms_issue]airplane_mode_on|bad_network_preference|bad_wifi_calling|break_apn_mms_setting|break_app_storage_permission|data_mode_off|data_usage_exceeded|unseat_sim_card|user_abroad_roaming_disabled_on[PERSONA:Easy],True,True,False,0.8709677419354839,0.8,True,False,5,222,2,215,"['stage1_n3__from__root__c03', 'stage2_n1__from__n0003__c01', 'stage3_n2__from__n0012__c02', 'stage4_n1__from__n0042__c01', 'stage5_n1__from__n0121__c01']","['stage1_n3__from__root__c03', 'stage2_n1__from__n0003__c01', 'stage3_n2__from__n0012__c02', 'stage4_n1__from__n0042__c01', 'stage5_n1__from__n0121__c01']",[],2.0,0.22955250452625225
62,6,2,17,[mms_issue]airplane_mode_on|bad_network_preference|bad_wifi_calling|break_apn_mms_setting|break_app_storage_permission|data_mode_off|data_usage_exceeded|unseat_sim_card|user_abroad_roaming_enabled_off[PERSONA:Easy],True,False,True,0.8571428571428571,0.7,False,True,0,222,5,220,"['stage1_n5__from__root__c05', 'stage2_n5__from__n0005__c03', 'stage3_n5__from__n0022__c03', 'stage4_n4__from__n0073__c03', 'stage5_n5__from__n0214__c04']",[],"['stage1_n5__from__root__c05', 'stage2_n5__from__n0005__c03', 'stage3_n5__from__n0022__c03', 'stage4_n4__from__n0073__c03', 'stage5_n5__from__n0214__c04']",20.5,0.7385621605310803
63,6,3,67,[mms_issue]airplane_mode_on|break_apn_mms_setting|break_app_both_permissions|user_abroad_roaming_disabled_off[PERSONA:None],False,True,False,0.859375,0.8,True,False,3,225,3,223,"['stage1_n5__from__root__c05', 'stage2_n5__from__n0005__c03', 'stage3_n3__from__n0022__c01', 'stage4_n3__from__n0071__c02', 'stage5_n1__from__n0207__c01']","['stage1_n5__from__root__c05', 'stage2_n5__from__n0005__c03', 'stage3_n3__from__n0022__c01', 'stage4_n3__from__n0071__c02', 'stage5_n1__from__n0207__c01']",[],1.0,0.20153002414001206
64,6,4,35,[mms_issue]airplane_mode_on|bad_network_preference|bad_wifi_calling|break_apn_mms_setting|break_app_both_permissions|data_mode_off|data_usage_exceeded|unseat_sim_card|user_abroad_roaming_disabled_on[PERSONA:Hard],True,True,False,0.8615384615384616,0.8,True,False,5,230,2,225,"['stage1_n1__from__root__c01', 'stage2_n1__from__n0001__c01', 'stage3_n1__from__n0006__c01', 'stage4_n1__from__n0023__c01', 'stage5_n2__from__n0074__c02']","['stage1_n1__from__root__c01', 'stage2_n1__from__n0001__c01', 'stage3_n1__from__n0006__c01', 'stage4_n1__from__n0023__c01', 'stage5_n2__from__n0074__c02']",[],18.5,0.7122699155099577
65,6,5,51,[mms_issue]airplane_mode_on|bad_network_preference|bad_wifi_calling|break_apn_mms_setting|break_app_both_permissions|data_mode_off|data_usage_exceeded|unseat_sim_card|user_abroad_roaming_enabled_off[PERSONA:Hard],True,True,False,0.8636363636363636,0.8,True,False,5,235,2,227,"['stage1_n4__from__root__c04', 'stage2_n1__from__n0004__c01', 'stage3_n1__from__n0015__c01', 'stage4_n1__from__n0050__c01', 'stage5_n2__from__n0143__c02']","['stage1_n4__from__root__c04', 'stage2_n1__from__n0004__c01', 'stage3_n1__from__n0015__c01', 'stage4_n1__from__n0050__c01', 'stage5_n2__from__n0143__c02']",[],20.5,0.7637053409776704
66,6,6,45,[mms_issue]airplane_mode_on|bad_network_preference|bad_wifi_calling|break_apn_mms_setting|break_app_both_permissions|data_mode_off|unseat_sim_card|user_abroad_roaming_enabled_off[PERSONA:Hard],True,True,False,0.8656716417910447,0.8,True,False,3,238,4,231,"['stage1_n4__from__root__c04', 'stage2_n5__from__n0004__c05', 'stage3_n4__from__n0019__c02', 'stage4_n3__from__n0063__c02', 'stage5_n4__from__n0179__c04']","['stage1_n4__from__root__c04', 'stage2_n5__from__n0004__c05', 'stage3_n4__from__n0019__c02', 'stage4_n3__from__n0063__c02', 'stage5_n4__from__n0179__c04']",[],18.5,0.7147585998792998
67,6,7,40,[mms_issue]airplane_mode_on|bad_network_preference|bad_wifi_calling|break_apn_mms_setting|break_app_sms_permission|data_mode_off|data_usage_exceeded|unseat_sim_card|user_abroad_roaming_disabled_on[PERSONA:None],True,True,False,0.8676470588235294,0.8,True,False,5,243,2,233,"['stage1_n3__from__root__c03', 'stage2_n1__from__n0003__c01', 'stage3_n2__from__n0012__c02', 'stage4_n1__from__n0042__c01', 'stage5_n1__from__n0121__c01']","['stage1_n3__from__root__c03', 'stage2_n1__from__n0003__c01', 'stage3_n2__from__n0012__c02', 'stage4_n1__from__n0042__c01', 'stage5_n1__from__n0121__c01']",[],2.0,0.2546128545564273
68,6,8,46,[mms_issue]airplane_mode_on|bad_network_preference|bad_wifi_calling|break_apn_mms_setting|break_app_sms_permission|data_mode_off|data_usage_exceeded|unseat_sim_card|user_abroad_roaming_enabled_off[PERSONA:None],True,True,False,0.8695652173913043,0.9,True,False,5,248,3,236,"['stage1_n4__from__root__c04', 'stage2_n4__from__n0004__c04', 'stage3_n3__from__n0018__c01', 'stage4_n3__from__n0059__c02', 'stage5_n3__from__n0167__c03']","['stage1_n4__from__root__c04', 'stage2_n4__from__n0004__c04', 'stage3_n3__from__n0018__c01', 'stage4_n3__from__n0059__c02', 'stage5_n3__from__n0167__c03']",[],21.5,0.8100807181653591
69,6,9,16,[mms_issue]airplane_mode_on|bad_network_preference|bad_wifi_calling|break_apn_mms_setting|break_app_sms_permission|data_mode_off|data_usage_exceeded|user_abroad_roaming_disabled_on[PERSONA:None],True,True,False,0.8714285714285714,0.9,True,False,5,253,3,239,"['stage1_n2__from__root__c02', 'stage2_n3__from__n0002__c03', 'stage3_n3__from__n0011__c01', 'stage4_n2__from__n0038__c01', 'stage5_n2__from__n0110__c02']","['stage1_n2__from__root__c02', 'stage2_n3__from__n0002__c03', 'stage3_n3__from__n0011__c01', 'stage4_n2__from__n0038__c01', 'stage5_n2__from__n0110__c02']",[],11.0,0.4861095353047677
70,7,0,65,[mms_issue]airplane_mode_on|bad_network_preference|bad_wifi_calling|break_apn_mms_setting|break_app_sms_permission|data_mode_off|unseat_sim_card|user_abroad_roaming_enabled_off[PERSONA:None],True,True,False,0.8732394366197183,0.9,True,False,3,256,4,243,"['stage1_n5__from__root__c05', 'stage2_n5__from__n0005__c03', 'stage3_n4__from__n0022__c02', 'stage4_n2__from__n0072__c01', 'stage5_n2__from__n0208__c02']","['stage1_n5__from__root__c05', 'stage2_n5__from__n0005__c03', 'stage3_n4__from__n0022__c02', 'stage4_n2__from__n0072__c01', 'stage5_n2__from__n0208__c02']",[],18.5,0.7081902534701267
71,7,1,11,[mms_issue]airplane_mode_on|bad_network_preference|bad_wifi_calling|break_apn_mms_setting|break_app_storage_permission|data_mode_off|data_usage_exceeded|unseat_sim_card|user_abroad_roaming_disabled_on[PERSONA:Easy],True,True,False,0.875,0.9,True,False,3,259,3,246,"['stage1_n5__from__root__c05', 'stage2_n5__from__n0005__c03', 'stage3_n3__from__n0022__c01', 'stage4_n3__from__n0071__c02', 'stage5_n3__from__n0207__c03']","['stage1_n5__from__root__c05', 'stage2_n5__from__n0005__c03', 'stage3_n3__from__n0022__c01', 'stage4_n3__from__n0071__c02', 'stage5_n3__from__n0207__c03']",[],18.5,0.7109210923355461
72,7,2,17,[mms_issue]airplane_mode_on|bad_network_preference|bad_wifi_calling|break_apn_mms_setting|break_app_storage_permission|data_mode_off|data_usage_exceeded|unseat_sim_card|user_abroad_roaming_enabled_off[PERSONA:Easy],True,True,False,0.8767123287671232,1.0,True,False,5,264,2,248,"['stage1_n1__from__root__c01', 'stage2_n1__from__n0001__c01', 'stage3_n2__from__n0006__c02', 'stage4_n1__from__n0024__c01', 'stage5_n2__from__n0075__c02']","['stage1_n1__from__root__c01', 'stage2_n1__from__n0001__c01', 'stage3_n2__from__n0006__c02', 'stage4_n1__from__n0024__c01', 'stage5_n2__from__n0075__c02']",[],20.5,0.7701303560651781
73,7,3,67,[mms_issue]airplane_mode_on|break_apn_mms_setting|break_app_both_permissions|user_abroad_roaming_disabled_off[PERSONA:None],False,True,False,0.8783783783783784,1.0,True,False,3,267,3,251,"['stage1_n5__from__root__c05', 'stage2_n5__from__n0005__c03', 'stage3_n3__from__n0022__c01', 'stage4_n3__from__n0071__c02', 'stage5_n1__from__n0207__c01']","['stage1_n5__from__root__c05', 'stage2_n5__from__n0005__c03', 'stage3_n3__from__n0022__c01', 'stage4_n3__from__n0071__c02', 'stage5_n1__from__n0207__c01']",[],1.0,0.16532423053711526
74,7,4,35,[mms_issue]airplane_mode_on|bad_network_preference|bad_wifi_calling|break_apn_mms_setting|break_app_both_permissions|data_mode_off|data_usage_exceeded|unseat_sim_card|user_abroad_roaming_disabled_on[PERSONA:Hard],True,True,False,0.88,1.0,True,False,5,272,2,253,"['stage1_n3__from__root__c03', 'stage2_n1__from__n0003__c01', 'stage3_n2__from__n0012__c02', 'stage4_n1__from__n0042__c01', 'stage5_n1__from__n0121__c01']","['stage1_n3__from__root__c03', 'stage2_n1__from__n0003__c01', 'stage3_n2__from__n0012__c02', 'stage4_n1__from__n0042__c01', 'stage5_n1__from__n0121__c01']",[],2.0,0.23135666867833435
75,7,5,51,[mms_issue]airplane_mode_on|bad_network_preference|bad_wifi_calling|break_apn_mms_setting|break_app_both_permissions|data_mode_off|data_usage_exceeded|unseat_sim_card|user_abroad_roaming_enabled_off[PERSONA:Hard],True,True,False,0.881578947368421,1.0,True,False,5,277,4,257,"['stage1_n3__from__root__c03', 'stage2_n3__from__n0003__c03', 'stage3_n4__from__n0014__c02', 'stage4_n2__from__n0048__c01', 'stage5_n2__from__n0135__c02']","['stage1_n3__from__root__c03', 'stage2_n3__from__n0003__c03', 'stage3_n4__from__n0014__c02', 'stage4_n2__from__n0048__c01', 'stage5_n2__from__n0135__c02']",[],21.5,0.8344675618587809
76,7,6,45,[mms_issue]airplane_mode_on|bad_network_preference|bad_wifi_calling|break_apn_mms_setting|break_app_both_permissions|data_mode_off|unseat_sim_card|user_abroad_roaming_enabled_off[PERSONA:Hard],True,True,False,0.8831168831168831,1.0,True,False,3,280,4,261,"['stage1_n5__from__root__c05', 'stage2_n5__from__n0005__c03', 'stage3_n4__from__n0022__c02', 'stage4_n3__from__n0072__c02', 'stage5_n3__from__n0209__c03']","['stage1_n5__from__root__c05', 'stage2_n5__from__n0005__c03', 'stage3_n4__from__n0022__c02', 'stage4_n3__from__n0072__c02', 'stage5_n3__from__n0209__c03']",[],11.0,0.5028767350633675
77,7,7,40,[mms_issue]airplane_mode_on|bad_network_preference|bad_wifi_calling|break_apn_mms_setting|break_app_sms_permission|data_mode_off|data_usage_exceeded|unseat_sim_card|user_abroad_roaming_disabled_on[PERSONA:None],True,True,False,0.8846153846153846,1.0,True,False,3,283,3,264,"['stage1_n5__from__root__c05', 'stage2_n5__from__n0005__c03', 'stage3_n3__from__n0022__c01', 'stage4_n3__from__n0071__c02', 'stage5_n1__from__n0207__c01']","['stage1_n5__from__root__c05', 'stage2_n5__from__n0005__c03', 'stage3_n3__from__n0022__c01', 'stage4_n3__from__n0071__c02', 'stage5_n1__from__n0207__c01']",[],18.5,0.7106588714544356
78,7,8,46,[mms_issue]airplane_mode_on|bad_network_preference|bad_wifi_calling|break_apn_mms_setting|break_app_sms_permission|data_mode_off|data_usage_exceeded|unseat_sim_card|user_abroad_roaming_enabled_off[PERSONA:None],True,True,False,0.8860759493670886,1.0,True,False,1,284,5,269,"['stage1_n5__from__root__c05', 'stage2_n5__from__n0005__c03', 'stage3_n5__from__n0022__c03', 'stage4_n5__from__n0073__c04', 'stage5_n2__from__n0215__c01']","['stage1_n5__from__root__c05', 'stage2_n5__from__n0005__c03', 'stage3_n5__from__n0022__c03', 'stage4_n5__from__n0073__c04', 'stage5_n2__from__n0215__c01']",[],20.5,0.7708578756789378
79,7,9,16,[mms_issue]airplane_mode_on|bad_network_preference|bad_wifi_calling|break_apn_mms_setting|break_app_sms_permission|data_mode_off|data_usage_exceeded|user_abroad_roaming_disabled_on[PERSONA:None],True,True,False,0.8875,1.0,True,False,3,287,4,273,"['stage1_n5__from__root__c05', 'stage2_n5__from__n0005__c03', 'stage3_n4__from__n0022__c02', 'stage4_n3__from__n0072__c02', 'stage5_n2__from__n0209__c02']","['stage1_n5__from__root__c05', 'stage2_n5__from__n0005__c03', 'stage3_n4__from__n0022__c02', 'stage4_n3__from__n0072__c02', 'stage5_n2__from__n0209__c02']",[],2.0,0.20327745926372962
80,8,0,65,[mms_issue]airplane_mode_on|bad_network_preference|bad_wifi_calling|break_apn_mms_setting|break_app_sms_permission|data_mode_off|unseat_sim_card|user_abroad_roaming_enabled_off[PERSONA:None],True,True,False,0.8888888888888888,1.0,True,False,5,292,2,275,"['stage1_n3__from__root__c03', 'stage2_n1__from__n0003__c01', 'stage3_n1__from__n0012__c01', 'stage4_n1__from__n0041__c01', 'stage5_n1__from__n0120__c01']","['stage1_n3__from__root__c03', 'stage2_n1__from__n0003__c01', 'stage3_n1__from__n0012__c01', 'stage4_n1__from__n0041__c01', 'stage5_n1__from__n0120__c01']",[],11.0,0.5089473445986723
81,8,1,11,[mms_issue]airplane_mode_on|bad_network_preference|bad_wifi_calling|break_apn_mms_setting|break_app_storage_permission|data_mode_off|data_usage_exceeded|unseat_sim_card|user_abroad_roaming_disabled_on[PERSONA:Easy],True,True,False,0.8902439024390244,1.0,True,False,4,296,3,278,"['stage1_n5__from__root__c05', 'stage2_n3__from__n0005__c01', 'stage3_n3__from__n0020__c01', 'stage4_n3__from__n0065__c02', 'stage5_n2__from__n0187__c02']","['stage1_n5__from__root__c05', 'stage2_n3__from__n0005__c01', 'stage3_n3__from__n0020__c01', 'stage4_n3__from__n0065__c02', 'stage5_n2__from__n0187__c02']",[],19.5,0.7228453530476765
82,8,2,17,[mms_issue]airplane_mode_on|bad_network_preference|bad_wifi_calling|break_apn_mms_setting|break_app_storage_permission|data_mode_off|data_usage_exceeded|unseat_sim_card|user_abroad_roaming_enabled_off[PERSONA:Easy],True,True,False,0.891566265060241,1.0,True,False,2,298,4,282,"['stage1_n2__from__root__c02', 'stage2_n2__from__n0002__c02', 'stage3_n5__from__n0010__c04', 'stage4_n3__from__n0037__c02', 'stage5_n1__from__n0107__c01']","['stage1_n2__from__root__c02', 'stage2_n2__from__n0002__c02', 'stage3_n5__from__n0010__c04', 'stage4_n3__from__n0037__c02', 'stage5_n1__from__n0107__c01']",[],15.0,0.619445534097767
83,8,3,67,[mms_issue]airplane_mode_on|break_apn_mms_setting|break_app_both_permissions|user_abroad_roaming_disabled_off[PERSONA:None],False,True,False,0.8928571428571429,1.0,True,False,5,303,5,287,"['stage1_n2__from__root__c02', 'stage2_n2__from__n0002__c02', 'stage3_n4__from__n0010__c03', 'stage4_n4__from__n0036__c03', 'stage5_n3__from__n0104__c02']","['stage1_n2__from__root__c02', 'stage2_n2__from__n0002__c02', 'stage3_n4__from__n0010__c03', 'stage4_n4__from__n0036__c03', 'stage5_n3__from__n0104__c02']",[],3.0,0.26355175015087506
84,8,4,35,[mms_issue]airplane_mode_on|bad_network_preference|bad_wifi_calling|break_apn_mms_setting|break_app_both_permissions|data_mode_off|data_usage_exceeded|unseat_sim_card|user_abroad_roaming_disabled_on[PERSONA:Hard],True,True,False,0.8941176470588236,1.0,True,False,1,304,5,292,"['stage1_n2__from__root__c02', 'stage2_n3__from__n0002__c03', 'stage3_n5__from__n0011__c03', 'stage4_n5__from__n0040__c04', 'stage5_n4__from__n0119__c02']","['stage1_n2__from__root__c02', 'stage2_n3__from__n0002__c03', 'stage3_n5__from__n0011__c03', 'stage4_n5__from__n0040__c04', 'stage5_n4__from__n0119__c02']",[],13.0,0.5573835244417622
85,8,5,51,[mms_issue]airplane_mode_on|bad_network_preference|bad_wifi_calling|break_apn_mms_setting|break_app_both_permissions|data_mode_off|data_usage_exceeded|unseat_sim_card|user_abroad_roaming_enabled_off[PERSONA:Hard],True,True,False,0.8953488372093024,1.0,True,False,3,307,3,295,"['stage1_n5__from__root__c05', 'stage2_n5__from__n0005__c03', 'stage3_n3__from__n0022__c01', 'stage4_n2__from__n0071__c01', 'stage5_n2__from__n0206__c02']","['stage1_n5__from__root__c05', 'stage2_n5__from__n0005__c03', 'stage3_n3__from__n0022__c01', 'stage4_n2__from__n0071__c01', 'stage5_n2__from__n0206__c02']",[],21.5,0.8124663548581774
86,8,6,45,[mms_issue]airplane_mode_on|bad_network_preference|bad_wifi_calling|break_apn_mms_setting|break_app_both_permissions|data_mode_off|unseat_sim_card|user_abroad_roaming_enabled_off[PERSONA:Hard],True,True,False,0.896551724137931,1.0,True,False,3,310,4,299,"['stage1_n5__from__root__c05', 'stage2_n5__from__n0005__c03', 'stage3_n4__from__n0022__c02', 'stage4_n3__from__n0072__c02', 'stage5_n1__from__n0209__c01']","['stage1_n5__from__root__c05', 'stage2_n5__from__n0005__c03', 'stage3_n4__from__n0022__c02', 'stage4_n3__from__n0072__c02', 'stage5_n1__from__n0209__c01']",[],11.0,0.502547223898612
87,8,7,40,[mms_issue]airplane_mode_on|bad_network_preference|bad_wifi_calling|break_apn_mms_setting|break_app_sms_permission|data_mode_off|data_usage_exceeded|unseat_sim_card|user_abroad_roaming_disabled_on[PERSONA:None],True,True,False,0.8977272727272727,1.0,True,False,3,313,3,302,"['stage1_n5__from__root__c05', 'stage2_n5__from__n0005__c03', 'stage3_n3__from__n0022__c01', 'stage4_n2__from__n0071__c01', 'stage5_n1__from__n0206__c01']","['stage1_n5__from__root__c05', 'stage2_n5__from__n0005__c03', 'stage3_n3__from__n0022__c01', 'stage4_n2__from__n0071__c01', 'stage5_n1__from__n0206__c01']",[],2.0,0.19810621605310802
88,8,8,46,[mms_issue]airplane_mode_on|bad_network_preference|bad_wifi_calling|break_apn_mms_setting|break_app_sms_permission|data_mode_off|data_usage_exceeded|unseat_sim_card|user_abroad_roaming_enabled_off[PERSONA:None],True,True,False,0.898876404494382,1.0,True,False,5,318,2,304,"['stage1_n3__from__root__c03', 'stage2_n1__from__n0003__c01', 'stage3_n2__from__n0012__c02', 'stage4_n1__from__n0042__c01', 'stage5_n1__from__n0121__c01']","['stage1_n3__from__root__c03', 'stage2_n1__from__n0003__c01', 'stage3_n2__from__n0012__c02', 'stage4_n1__from__n0042__c01', 'stage5_n1__from__n0121__c01']",[],21.5,0.8285802655401328
89,8,9,16,[mms_issue]airplane_mode_on|bad_network_preference|bad_wifi_calling|break_apn_mms_setting|break_app_sms_permission|data_mode_off|data_usage_exceeded|user_abroad_roaming_disabled_on[PERSONA:None],True,True,False,0.9,1.0,True,False,2,320,5,309,"['stage1_n2__from__root__c02', 'stage2_n2__from__n0002__c02', 'stage3_n5__from__n0010__c04', 'stage4_n4__from__n0037__c03', 'stage5_n1__from__n0108__c01']","['stage1_n2__from__root__c02', 'stage2_n2__from__n0002__c02', 'stage3_n5__from__n0010__c04', 'stage4_n4__from__n0037__c03', 'stage5_n1__from__n0108__c01']",[],5.0,0.3092125829812915
90,9,0,65,[mms_issue]airplane_mode_on|bad_network_preference|bad_wifi_calling|break_apn_mms_setting|break_app_sms_permission|data_mode_off|unseat_sim_card|user_abroad_roaming_enabled_off[PERSONA:None],True,True,False,0.9010989010989011,1.0,True,False,3,323,4,313,"['stage1_n5__from__root__c05', 'stage2_n5__from__n0005__c03', 'stage3_n4__from__n0022__c02', 'stage4_n2__from__n0072__c01', 'stage5_n2__from__n0208__c02']","['stage1_n5__from__root__c05', 'stage2_n5__from__n0005__c03', 'stage3_n4__from__n0022__c02', 'stage4_n2__from__n0072__c01', 'stage5_n2__from__n0208__c02']",[],18.5,0.7321996077248039
91,9,1,11,[mms_issue]airplane_mode_on|bad_network_preference|bad_wifi_calling|break_apn_mms_setting|break_app_storage_permission|data_mode_off|data_usage_exceeded|unseat_sim_card|user_abroad_roaming_disabled_on[PERSONA:Easy],True,True,False,0.9021739130434783,1.0,True,False,5,328,2,315,"['stage1_n1__from__root__c01', 'stage2_n1__from__n0001__c01', 'stage3_n2__from__n0006__c02', 'stage4_n1__from__n0024__c01', 'stage5_n1__from__n0075__c01']","['stage1_n1__from__root__c01', 'stage2_n1__from__n0001__c01', 'stage3_n2__from__n0006__c02', 'stage4_n1__from__n0024__c01', 'stage5_n1__from__n0075__c01']",[],2.0,0.2139007242003621
92,9,2,17,[mms_issue]airplane_mode_on|bad_network_preference|bad_wifi_calling|break_apn_mms_setting|break_app_storage_permission|data_mode_off|data_usage_exceeded|unseat_sim_card|user_abroad_roaming_enabled_off[PERSONA:Easy],True,True,False,0.9032258064516129,1.0,True,False,5,333,3,318,"['stage1_n1__from__root__c01', 'stage2_n3__from__n0001__c03', 'stage3_n3__from__n0008__c01', 'stage4_n3__from__n0029__c02', 'stage5_n2__from__n0088__c02']","['stage1_n1__from__root__c01', 'stage2_n3__from__n0001__c03', 'stage3_n3__from__n0008__c01', 'stage4_n3__from__n0029__c02', 'stage5_n2__from__n0088__c02']",[],13.0,0.5528277006638502
93,9,3,67,[mms_issue]airplane_mode_on|break_apn_mms_setting|break_app_both_permissions|user_abroad_roaming_disabled_off[PERSONA:None],False,True,False,0.9042553191489362,1.0,True,False,5,338,4,322,"['stage1_n2__from__root__c02', 'stage2_n2__from__n0002__c02', 'stage3_n4__from__n0010__c03', 'stage4_n2__from__n0036__c01', 'stage5_n1__from__n0102__c01']","['stage1_n2__from__root__c02', 'stage2_n2__from__n0002__c02', 'stage3_n4__from__n0010__c03', 'stage4_n2__from__n0036__c01', 'stage5_n1__from__n0102__c01']",[],1.0,0.18108267954133977
94,9,4,35,[mms_issue]airplane_mode_on|bad_network_preference|bad_wifi_calling|break_apn_mms_setting|break_app_both_permissions|data_mode_off|data_usage_exceeded|unseat_sim_card|user_abroad_roaming_disabled_on[PERSONA:Hard],True,True,False,0.9052631578947369,1.0,True,False,5,343,2,324,"['stage1_n1__from__root__c01', 'stage2_n1__from__n0001__c01', 'stage3_n1__from__n0006__c01', 'stage4_n1__from__n0023__c01', 'stage5_n2__from__n0074__c02']","['stage1_n1__from__root__c01', 'stage2_n1__from__n0001__c01', 'stage3_n1__from__n0006__c01', 'stage4_n1__from__n0023__c01', 'stage5_n2__from__n0074__c02']",[],2.0,0.21613141219070608
95,9,5,51,[mms_issue]airplane_mode_on|bad_network_preference|bad_wifi_calling|break_apn_mms_setting|break_app_both_permissions|data_mode_off|data_usage_exceeded|unseat_sim_card|user_abroad_roaming_enabled_off[PERSONA:Hard],True,True,False,0.90625,1.0,True,False,5,348,2,326,"['stage1_n3__from__root__c03', 'stage2_n1__from__n0003__c01', 'stage3_n2__from__n0012__c02', 'stage4_n1__from__n0042__c01', 'stage5_n2__from__n0121__c02']","['stage1_n3__from__root__c03', 'stage2_n1__from__n0003__c01', 'stage3_n2__from__n0012__c02', 'stage4_n1__from__n0042__c01', 'stage5_n2__from__n0121__c02']",[],13.0,0.5746733554616777
96,9,6,45,[mms_issue]airplane_mode_on|bad_network_preference|bad_wifi_calling|break_apn_mms_setting|break_app_both_permissions|data_mode_off|unseat_sim_card|user_abroad_roaming_enabled_off[PERSONA:Hard],True,True,False,0.9072164948453608,1.0,True,False,2,350,4,330,"['stage1_n4__from__root__c04', 'stage2_n4__from__n0004__c04', 'stage3_n5__from__n0018__c03', 'stage4_n3__from__n0061__c02', 'stage5_n3__from__n0173__c03']","['stage1_n4__from__root__c04', 'stage2_n4__from__n0004__c04', 'stage3_n5__from__n0018__c03', 'stage4_n3__from__n0061__c02', 'stage5_n3__from__n0173__c03']",[],11.0,0.49231095353047677
97,9,7,40,[mms_issue]airplane_mode_on|bad_network_preference|bad_wifi_calling|break_apn_mms_setting|break_app_sms_permission|data_mode_off|data_usage_exceeded|unseat_sim_card|user_abroad_roaming_disabled_on[PERSONA:None],True,True,False,0.9081632653061225,1.0,True,False,5,355,2,332,"['stage1_n4__from__root__c04', 'stage2_n1__from__n0004__c01', 'stage3_n2__from__n0015__c02', 'stage4_n1__from__n0051__c01', 'stage5_n1__from__n0144__c01']","['stage1_n4__from__root__c04', 'stage2_n1__from__n0004__c01', 'stage3_n2__from__n0015__c02', 'stage4_n1__from__n0051__c01', 'stage5_n1__from__n0144__c01']",[],18.5,0.710318949909475
98,9,8,46,[mms_issue]airplane_mode_on|bad_network_preference|bad_wifi_calling|break_apn_mms_setting|break_app_sms_permission|data_mode_off|data_usage_exceeded|unseat_sim_card|user_abroad_roaming_enabled_off[PERSONA:None],True,True,False,0.9090909090909091,1.0,True,False,5,360,2,334,"['stage1_n1__from__root__c01', 'stage2_n1__from__n0001__c01', 'stage3_n2__from__n0006__c02', 'stage4_n1__from__n0024__c01', 'stage5_n1__from__n0075__c01']","['stage1_n1__from__root__c01', 'stage2_n1__from__n0001__c01', 'stage3_n2__from__n0006__c02', 'stage4_n1__from__n0024__c01', 'stage5_n1__from__n0075__c01']",[],21.5,0.7890043753771876
99,9,9,16,[mms_issue]airplane_mode_on|bad_network_preference|bad_wifi_calling|break_apn_mms_setting|break_app_sms_permission|data_mode_off|data_usage_exceeded|user_abroad_roaming_disabled_on[PERSONA:None],True,True,False,0.91,1.0,True,False,1,361,5,339,"['stage1_n5__from__root__c05', 'stage2_n5__from__n0005__c03', 'stage3_n4__from__n0022__c02', 'stage4_n5__from__n0072__c04', 'stage5_n2__from__n0211__c01']","['stage1_n5__from__root__c05', 'stage2_n5__from__n0005__c03', 'stage3_n4__from__n0022__c02', 'stage4_n5__from__n0072__c04', 'stage5_n2__from__n0211__c01']",[],14.5,0.611777610138805
