method,episode_index,phase,terminal_cost,reasoning_cost,total_cost,clear_success_proxy,auxiliary_success_proxy,strict_clean_success,oracle_action,final_action,required_modes,actual_path_modes,majority_pair,mismatch_bucket,original_task_id
direct_multistage_exp3,0,trap_pre_switch,0.0,4.430885,4.501785,True,True,True,repair_all,repair_all,fast/fast/fast/fast/fast,fast/deep/fast/deep/deep,mostly_deep_vs_mostly_fast_required,deep_on_fast_required,[mms_issue]airplane_mode_on|bad_wifi_calling|break_app_sms_permission[PERSONA:None]
direct_multistage_exp3,1,trap_pre_switch,0.0,4.598955,4.6658550000000005,True,True,True,repair_all,repair_all,fast/fast/fast/fast/fast,deep/fast/deep/deep/deep,mostly_deep_vs_mostly_fast_required,deep_on_fast_required,[mms_issue]airplane_mode_on|bad_wifi_calling|break_app_storage_permission[PERSONA:Easy]
direct_multistage_exp3,2,trap_pre_switch,0.0,8.928925,8.999125,True,True,True,repair_all,repair_all,fast/fast/fast/fast/fast,fast/deep/deep/deep/deep,mostly_deep_vs_mostly_fast_required,deep_on_fast_required,[mms_issue]bad_wifi_calling[PERSONA:Easy]
direct_multistage_exp3,3,trap_pre_switch,0.0,4.848345,4.926745,True,True,True,repair_all,repair_all,fast/fast/fast/fast/fast,deep/fast/deep/deep/deep,mostly_deep_vs_mostly_fast_required,deep_on_fast_required,[mms_issue]bad_wifi_calling|break_app_storage_permission[PERSONA:Easy]
direct_multistage_exp3,4,trap_pre_switch,0.0,4.158435,4.224435,True,True,True,repair_all,repair_all,fast/fast/fast/fast/fast,deep/fast/deep/fast/deep,mostly_deep_vs_mostly_fast_required,deep_on_fast_required,[mms_issue]airplane_mode_on|bad_wifi_calling|break_app_sms_permission[PERSONA:None]
direct_multistage_exp3,5,trap_pre_switch,0.0,3.70586,3.7798599999999998,True,True,True,repair_all,repair_all,fast/fast/fast/fast/fast,fast/fast/fast/deep/deep,mostly_fast_vs_mostly_fast_required,deep_on_fast_required,[mms_issue]airplane_mode_on|bad_wifi_calling|break_app_storage_permission[PERSONA:Easy]
direct_multistage_exp3,6,trap_pre_switch,0.0,9.112385,9.178485,True,True,True,repair_all,repair_all,fast/fast/fast/fast/fast,deep/fast/deep/deep/deep,mostly_deep_vs_mostly_fast_required,deep_on_fast_required,[mms_issue]bad_wifi_calling[PERSONA:Easy]
direct_multistage_exp3,7,trap_pre_switch,0.0,4.00987,4.08107,True,True,True,repair_all,repair_all,fast/fast/fast/fast/fast,fast/fast/fast/deep/deep,mostly_fast_vs_mostly_fast_required,deep_on_fast_required,[mms_issue]bad_wifi_calling|break_app_storage_permission[PERSONA:Easy]
direct_multistage_exp3,8,trap_pre_switch,0.0,3.964115,4.035715,True,True,True,repair_all,repair_all,fast/fast/fast/fast/fast,fast/fast/deep/deep/deep,mostly_deep_vs_mostly_fast_required,deep_on_fast_required,[mms_issue]airplane_mode_on|bad_wifi_calling|break_app_sms_permission[PERSONA:None]
direct_multistage_exp3,9,trap_pre_switch,0.0,3.6893,3.7571,True,True,True,repair_all,repair_all,fast/fast/fast/fast/fast,fast/fast/fast/deep/deep,mostly_fast_vs_mostly_fast_required,deep_on_fast_required,[mms_issue]airplane_mode_on|bad_wifi_calling|break_app_storage_permission[PERSONA:Easy]
direct_multistage_exp3,10,target_post_switch,3.0,4.679345,7.741045,False,False,False,repair_subset,repair_subset,fast/deep/deep/deep/deep,fast/fast/deep/deep/deep,mostly_deep_vs_mostly_deep_required,fast_on_deep_required,[mms_issue]airplane_mode_on|bad_network_preference|bad_wifi_calling|break_apn_mms_setting|break_app_both_permissions|data_mode_off|data_usage_exceeded|unseat_sim_card|user_abroad_roaming_disabled_on[PERSONA:Hard]
direct_multistage_exp3,11,target_post_switch,13.0,5.709,18.7731,False,False,False,repair_subset,repair_subset,fast/deep/deep/deep/deep,fast/fast/fast/deep/fast,mostly_fast_vs_mostly_deep_required,fast_on_deep_required,[mms_issue]airplane_mode_on|bad_network_preference|bad_wifi_calling|break_apn_mms_setting|break_app_both_permissions|data_mode_off|data_usage_exceeded|unseat_sim_card|user_abroad_roaming_enabled_off[PERSONA:Hard]
direct_multistage_exp3,12,target_post_switch,18.5,4.54732,23.107219999999998,False,False,False,repair_subset,transfer,fast/deep/deep/deep/deep,fast/deep/deep/fast/fast,mostly_fast_vs_mostly_deep_required,fast_on_deep_required,[mms_issue]airplane_mode_on|bad_network_preference|bad_wifi_calling|break_apn_mms_setting|break_app_sms_permission|data_mode_off|data_usage_exceeded|unseat_sim_card|user_abroad_roaming_disabled_on[PERSONA:None]
direct_multistage_exp3,13,target_post_switch,0.0,6.15848,6.2268799999999995,True,True,True,repair_all,repair_all,fast/deep/deep/deep/deep,deep/fast/deep/deep/deep,mostly_deep_vs_mostly_deep_required,both_mismatch_types,[mms_issue]airplane_mode_on|bad_network_preference|bad_wifi_calling|break_apn_mms_setting|break_app_sms_permission|data_mode_off|unseat_sim_card|user_abroad_roaming_enabled_off[PERSONA:None]
direct_multistage_exp3,14,target_post_switch,6.0,6.004315,12.079515,False,True,False,repair_subset,repair_all,fast/deep/deep/deep/deep,fast/deep/deep/deep/deep,mostly_deep_vs_mostly_deep_required,all_stage_modes_match,[mms_issue]airplane_mode_on|bad_network_preference|bad_wifi_calling|break_apn_mms_setting|break_app_both_permissions|data_mode_off|data_usage_exceeded|unseat_sim_card|user_abroad_roaming_disabled_on[PERSONA:Hard]
direct_multistage_exp3,15,target_post_switch,13.0,5.292535,18.367135,False,False,False,repair_subset,repair_subset,fast/deep/deep/deep/deep,fast/fast/deep/deep/deep,mostly_deep_vs_mostly_deep_required,fast_on_deep_required,[mms_issue]airplane_mode_on|bad_network_preference|bad_wifi_calling|break_apn_mms_setting|break_app_both_permissions|data_mode_off|data_usage_exceeded|unseat_sim_card|user_abroad_roaming_enabled_off[PERSONA:Hard]
direct_multistage_exp3,16,target_post_switch,2.0,6.064605,8.128805,True,False,False,repair_subset,repair_subset,fast/deep/deep/deep/deep,fast/deep/fast/deep/deep,mostly_deep_vs_mostly_deep_required,fast_on_deep_required,[mms_issue]airplane_mode_on|bad_network_preference|bad_wifi_calling|break_apn_mms_setting|break_app_sms_permission|data_mode_off|data_usage_exceeded|unseat_sim_card|user_abroad_roaming_disabled_on[PERSONA:None]
direct_multistage_exp3,17,target_post_switch,11.0,6.24255,17.30855,False,True,False,repair_all,repair_subset,fast/deep/deep/deep/deep,deep/fast/fast/deep/fast,mostly_fast_vs_mostly_deep_required,both_mismatch_types,[mms_issue]airplane_mode_on|bad_network_preference|bad_wifi_calling|break_apn_mms_setting|break_app_sms_permission|data_mode_off|unseat_sim_card|user_abroad_roaming_enabled_off[PERSONA:None]
direct_multistage_exp3,18,target_post_switch,2.0,5.29824,7.36994,True,False,False,repair_subset,repair_subset,fast/deep/deep/deep/deep,fast/deep/deep/deep/fast,mostly_deep_vs_mostly_deep_required,fast_on_deep_required,[mms_issue]airplane_mode_on|bad_network_preference|bad_wifi_calling|break_apn_mms_setting|break_app_both_permissions|data_mode_off|data_usage_exceeded|unseat_sim_card|user_abroad_roaming_disabled_on[PERSONA:Hard]
direct_multistage_exp3,19,target_post_switch,11.0,5.444835,16.500235,False,False,False,repair_subset,repair_subset,fast/deep/deep/deep/deep,fast/fast/fast/fast/deep,mostly_fast_vs_mostly_deep_required,fast_on_deep_required,[mms_issue]airplane_mode_on|bad_network_preference|bad_wifi_calling|break_apn_mms_setting|break_app_both_permissions|data_mode_off|data_usage_exceeded|unseat_sim_card|user_abroad_roaming_enabled_off[PERSONA:Hard]
direct_multistage_exp3,20,target_post_switch,5.0,6.082815,11.143915,False,False,False,repair_subset,repair_subset,fast/deep/deep/deep/deep,deep/fast/fast/fast/deep,mostly_fast_vs_mostly_deep_required,both_mismatch_types,[mms_issue]airplane_mode_on|bad_network_preference|bad_wifi_calling|break_apn_mms_setting|break_app_sms_permission|data_mode_off|data_usage_exceeded|unseat_sim_card|user_abroad_roaming_disabled_on[PERSONA:None]
direct_multistage_exp3,21,target_post_switch,18.5,5.401565,23.977565,False,True,False,repair_all,transfer,fast/deep/deep/deep/deep,deep/deep/deep/deep/deep,mostly_deep_vs_mostly_deep_required,deep_on_fast_required,[mms_issue]airplane_mode_on|bad_network_preference|bad_wifi_calling|break_apn_mms_setting|break_app_sms_permission|data_mode_off|unseat_sim_card|user_abroad_roaming_enabled_off[PERSONA:None]
direct_multistage_exp3,22,target_post_switch,13.5,4.689205,18.262805,False,False,False,repair_subset,repair_subset,fast/deep/deep/deep/deep,fast/fast/deep/deep/deep,mostly_deep_vs_mostly_deep_required,fast_on_deep_required,[mms_issue]airplane_mode_on|bad_network_preference|bad_wifi_calling|break_apn_mms_setting|break_app_both_permissions|data_mode_off|data_usage_exceeded|unseat_sim_card|user_abroad_roaming_disabled_on[PERSONA:Hard]
direct_multistage_exp3,23,target_post_switch,13.0,5.906805,18.982605,False,False,False,repair_subset,repair_subset,fast/deep/deep/deep/deep,deep/fast/deep/deep/deep,mostly_deep_vs_mostly_deep_required,both_mismatch_types,[mms_issue]airplane_mode_on|bad_network_preference|bad_wifi_calling|break_apn_mms_setting|break_app_both_permissions|data_mode_off|data_usage_exceeded|unseat_sim_card|user_abroad_roaming_enabled_off[PERSONA:Hard]
direct_multistage_exp3,24,target_post_switch,2.0,6.371845,8.448345,True,False,False,repair_subset,repair_subset,fast/deep/deep/deep/deep,deep/deep/deep/deep/deep,mostly_deep_vs_mostly_deep_required,deep_on_fast_required,[mms_issue]airplane_mode_on|bad_network_preference|bad_wifi_calling|break_apn_mms_setting|break_app_sms_permission|data_mode_off|data_usage_exceeded|unseat_sim_card|user_abroad_roaming_disabled_on[PERSONA:None]
direct_multistage_exp3,25,target_post_switch,0.0,4.809715,4.875814999999999,True,True,True,repair_all,repair_all,fast/deep/deep/deep/deep,fast/fast/deep/deep/deep,mostly_deep_vs_mostly_deep_required,fast_on_deep_required,[mms_issue]airplane_mode_on|bad_network_preference|bad_wifi_calling|break_apn_mms_setting|break_app_sms_permission|data_mode_off|unseat_sim_card|user_abroad_roaming_enabled_off[PERSONA:None]
direct_multistage_exp3,26,target_post_switch,18.5,5.025965,23.595264999999998,False,False,False,repair_subset,transfer,fast/deep/deep/deep/deep,fast/deep/deep/deep/deep,mostly_deep_vs_mostly_deep_required,all_stage_modes_match,[mms_issue]airplane_mode_on|bad_network_preference|bad_wifi_calling|break_apn_mms_setting|break_app_both_permissions|data_mode_off|data_usage_exceeded|unseat_sim_card|user_abroad_roaming_disabled_on[PERSONA:Hard]
direct_multistage_exp3,27,target_post_switch,15.0,4.853135,19.930635000000002,False,False,False,repair_subset,repair_subset,fast/deep/deep/deep/deep,deep/deep/deep/deep/deep,mostly_deep_vs_mostly_deep_required,deep_on_fast_required,[mms_issue]airplane_mode_on|bad_network_preference|bad_wifi_calling|break_apn_mms_setting|break_app_both_permissions|data_mode_off|data_usage_exceeded|unseat_sim_card|user_abroad_roaming_enabled_off[PERSONA:Hard]
direct_multistage_exp3,28,target_post_switch,2.0,6.424885,8.501384999999999,True,False,False,repair_subset,repair_subset,fast/deep/deep/deep/deep,deep/deep/deep/deep/deep,mostly_deep_vs_mostly_deep_required,deep_on_fast_required,[mms_issue]airplane_mode_on|bad_network_preference|bad_wifi_calling|break_apn_mms_setting|break_app_sms_permission|data_mode_off|data_usage_exceeded|unseat_sim_card|user_abroad_roaming_disabled_on[PERSONA:None]
direct_multistage_exp3,29,target_post_switch,18.5,5.794765,24.370165,False,True,False,repair_all,transfer,fast/deep/deep/deep/deep,deep/fast/deep/deep/deep,mostly_deep_vs_mostly_deep_required,both_mismatch_types,[mms_issue]airplane_mode_on|bad_network_preference|bad_wifi_calling|break_apn_mms_setting|break_app_sms_permission|data_mode_off|unseat_sim_card|user_abroad_roaming_enabled_off[PERSONA:None]
direct_multistage_exp3,30,target_post_switch,3.0,5.573855,8.646855,False,False,False,repair_subset,repair_subset,fast/deep/deep/deep/deep,deep/fast/fast/deep/deep,mostly_deep_vs_mostly_deep_required,both_mismatch_types,[mms_issue]airplane_mode_on|bad_network_preference|bad_wifi_calling|break_apn_mms_setting|break_app_both_permissions|data_mode_off|data_usage_exceeded|unseat_sim_card|user_abroad_roaming_disabled_on[PERSONA:Hard]
direct_multistage_exp3,31,target_post_switch,2.0,5.18795,7.2639499999999995,True,False,False,repair_subset,repair_subset,fast/deep/deep/deep/deep,deep/deep/deep/deep/deep,mostly_deep_vs_mostly_deep_required,deep_on_fast_required,[mms_issue]airplane_mode_on|bad_network_preference|bad_wifi_calling|break_apn_mms_setting|break_app_both_permissions|data_mode_off|data_usage_exceeded|unseat_sim_card|user_abroad_roaming_enabled_off[PERSONA:Hard]
direct_multistage_exp3,32,target_post_switch,18.5,5.582365,24.160265,False,False,False,repair_subset,transfer,fast/deep/deep/deep/deep,deep/deep/deep/deep/deep,mostly_deep_vs_mostly_deep_required,deep_on_fast_required,[mms_issue]airplane_mode_on|bad_network_preference|bad_wifi_calling|break_apn_mms_setting|break_app_sms_permission|data_mode_off|data_usage_exceeded|unseat_sim_card|user_abroad_roaming_disabled_on[PERSONA:None]
direct_multistage_exp3,33,target_post_switch,17.0,4.49768,21.560879999999997,False,False,False,repair_all,repair_subset,fast/deep/deep/deep/deep,deep/fast/fast/fast/deep,mostly_fast_vs_mostly_deep_required,both_mismatch_types,[mms_issue]airplane_mode_on|bad_network_preference|bad_wifi_calling|break_apn_mms_setting|break_app_sms_permission|data_mode_off|unseat_sim_card|user_abroad_roaming_enabled_off[PERSONA:None]
direct_multistage_exp3,34,target_post_switch,2.0,5.097875,7.171375,True,False,False,repair_subset,repair_subset,fast/deep/deep/deep/deep,fast/deep/deep/deep/deep,mostly_deep_vs_mostly_deep_required,all_stage_modes_match,[mms_issue]airplane_mode_on|bad_network_preference|bad_wifi_calling|break_apn_mms_setting|break_app_both_permissions|data_mode_off|data_usage_exceeded|unseat_sim_card|user_abroad_roaming_disabled_on[PERSONA:Hard]
direct_multistage_exp3,35,target_post_switch,13.0,5.774275,18.839075,False,False,False,repair_subset,repair_subset,fast/deep/deep/deep/deep,fast/deep/fast/deep/fast,mostly_fast_vs_mostly_deep_required,fast_on_deep_required,[mms_issue]airplane_mode_on|bad_network_preference|bad_wifi_calling|break_apn_mms_setting|break_app_both_permissions|data_mode_off|data_usage_exceeded|unseat_sim_card|user_abroad_roaming_enabled_off[PERSONA:Hard]
direct_multistage_exp3,36,target_post_switch,3.0,5.454725,8.520325,False,False,False,repair_subset,repair_subset,fast/deep/deep/deep/deep,deep/fast/fast/deep/deep,mostly_deep_vs_mostly_deep_required,both_mismatch_types,[mms_issue]airplane_mode_on|bad_network_preference|bad_wifi_calling|break_apn_mms_setting|break_app_sms_permission|data_mode_off|data_usage_exceeded|unseat_sim_card|user_abroad_roaming_disabled_on[PERSONA:None]
direct_multistage_exp3,37,target_post_switch,0.0,4.99977,5.0772699999999995,True,True,True,repair_all,repair_all,fast/deep/deep/deep/deep,deep/deep/deep/deep/deep,mostly_deep_vs_mostly_deep_required,deep_on_fast_required,[mms_issue]airplane_mode_on|bad_network_preference|bad_wifi_calling|break_apn_mms_setting|break_app_sms_permission|data_mode_off|unseat_sim_card|user_abroad_roaming_enabled_off[PERSONA:None]
direct_multistage_exp3,38,target_post_switch,5.0,6.7462,11.8077,False,False,False,repair_subset,repair_subset,fast/deep/deep/deep/deep,deep/fast/fast/fast/deep,mostly_fast_vs_mostly_deep_required,both_mismatch_types,[mms_issue]airplane_mode_on|bad_network_preference|bad_wifi_calling|break_apn_mms_setting|break_app_both_permissions|data_mode_off|data_usage_exceeded|unseat_sim_card|user_abroad_roaming_disabled_on[PERSONA:Hard]
direct_multistage_exp3,39,target_post_switch,13.0,5.967315,19.042115,False,False,False,repair_subset,repair_subset,fast/deep/deep/deep/deep,deep/deep/deep/deep/deep,mostly_deep_vs_mostly_deep_required,deep_on_fast_required,[mms_issue]airplane_mode_on|bad_network_preference|bad_wifi_calling|break_apn_mms_setting|break_app_both_permissions|data_mode_off|data_usage_exceeded|unseat_sim_card|user_abroad_roaming_enabled_off[PERSONA:Hard]
epsilon_exp3,0,trap_pre_switch,0.0,3.963195,4.028695,True,True,True,repair_all,repair_all,fast/fast/fast/fast/fast,fast/fast/deep/deep/deep,mostly_deep_vs_mostly_fast_required,deep_on_fast_required,[mms_issue]airplane_mode_on|bad_wifi_calling|break_app_sms_permission[PERSONA:None]
epsilon_exp3,1,trap_pre_switch,0.0,4.230785,4.293785,True,True,True,repair_all,repair_all,fast/fast/fast/fast/fast,deep/fast/deep/deep/fast,mostly_deep_vs_mostly_fast_required,deep_on_fast_required,[mms_issue]airplane_mode_on|bad_wifi_calling|break_app_storage_permission[PERSONA:Easy]
epsilon_exp3,2,trap_pre_switch,0.0,7.840955,7.900055,True,True,True,repair_all,repair_all,fast/fast/fast/fast/fast,fast/deep/deep/deep/fast,mostly_deep_vs_mostly_fast_required,deep_on_fast_required,[mms_issue]bad_wifi_calling[PERSONA:Easy]
epsilon_exp3,3,trap_pre_switch,0.0,4.690415,4.768115,True,True,True,repair_all,repair_all,fast/fast/fast/fast/fast,fast/deep/deep/deep/deep,mostly_deep_vs_mostly_fast_required,deep_on_fast_required,[mms_issue]bad_wifi_calling|break_app_storage_permission[PERSONA:Easy]
epsilon_exp3,4,trap_pre_switch,0.0,4.98571,5.06171,True,True,True,repair_all,repair_all,fast/fast/fast/fast/fast,deep/deep/deep/deep/deep,mostly_deep_vs_mostly_fast_required,deep_on_fast_required,[mms_issue]airplane_mode_on|bad_wifi_calling|break_app_sms_permission[PERSONA:None]
epsilon_exp3,5,trap_pre_switch,0.0,5.32013,5.39543,True,True,True,repair_all,repair_all,fast/fast/fast/fast/fast,deep/deep/deep/deep/deep,mostly_deep_vs_mostly_fast_required,deep_on_fast_required,[mms_issue]airplane_mode_on|bad_wifi_calling|break_app_storage_permission[PERSONA:Easy]
epsilon_exp3,6,trap_pre_switch,0.0,9.017625,9.087825,True,True,True,repair_all,repair_all,fast/fast/fast/fast/fast,deep/fast/deep/deep/deep,mostly_deep_vs_mostly_fast_required,deep_on_fast_required,[mms_issue]bad_wifi_calling[PERSONA:Easy]
epsilon_exp3,7,trap_pre_switch,0.0,4.297405,4.371005,True,True,True,repair_all,repair_all,fast/fast/fast/fast/fast,fast/fast/deep/deep/deep,mostly_deep_vs_mostly_fast_required,deep_on_fast_required,[mms_issue]bad_wifi_calling|break_app_storage_permission[PERSONA:Easy]
epsilon_exp3,8,trap_pre_switch,0.0,4.41084,4.48104,True,True,True,repair_all,repair_all,fast/fast/fast/fast/fast,fast/deep/deep/deep/deep,mostly_deep_vs_mostly_fast_required,deep_on_fast_required,[mms_issue]airplane_mode_on|bad_wifi_calling|break_app_sms_permission[PERSONA:None]
epsilon_exp3,9,trap_pre_switch,0.0,4.544675,4.614875,True,True,True,repair_all,repair_all,fast/fast/fast/fast/fast,deep/fast/deep/deep/deep,mostly_deep_vs_mostly_fast_required,deep_on_fast_required,[mms_issue]airplane_mode_on|bad_wifi_calling|break_app_storage_permission[PERSONA:Easy]
epsilon_exp3,10,target_post_switch,2.0,4.8702,6.940099999999999,True,False,False,repair_subset,repair_subset,fast/deep/deep/deep/deep,fast/deep/fast/deep/deep,mostly_deep_vs_mostly_deep_required,fast_on_deep_required,[mms_issue]airplane_mode_on|bad_network_preference|bad_wifi_calling|break_apn_mms_setting|break_app_both_permissions|data_mode_off|data_usage_exceeded|unseat_sim_card|user_abroad_roaming_disabled_on[PERSONA:Hard]
epsilon_exp3,11,target_post_switch,13.0,5.602015,18.660615,False,False,False,repair_subset,repair_subset,fast/deep/deep/deep/deep,fast/fast/fast/deep/deep,mostly_fast_vs_mostly_deep_required,fast_on_deep_required,[mms_issue]airplane_mode_on|bad_network_preference|bad_wifi_calling|break_apn_mms_setting|break_app_both_permissions|data_mode_off|data_usage_exceeded|unseat_sim_card|user_abroad_roaming_enabled_off[PERSONA:Hard]
epsilon_exp3,12,target_post_switch,19.5,5.155815,24.721515,False,False,False,repair_subset,transfer,fast/deep/deep/deep/deep,deep/fast/deep/deep/deep,mostly_deep_vs_mostly_deep_required,both_mismatch_types,[mms_issue]airplane_mode_on|bad_network_preference|bad_wifi_calling|break_apn_mms_setting|break_app_sms_permission|data_mode_off|data_usage_exceeded|unseat_sim_card|user_abroad_roaming_disabled_on[PERSONA:None]
epsilon_exp3,13,target_post_switch,18.5,5.234375,23.805975,False,True,False,repair_all,transfer,fast/deep/deep/deep/deep,fast/fast/deep/deep/deep,mostly_deep_vs_mostly_deep_required,fast_on_deep_required,[mms_issue]airplane_mode_on|bad_network_preference|bad_wifi_calling|break_apn_mms_setting|break_app_sms_permission|data_mode_off|unseat_sim_card|user_abroad_roaming_enabled_off[PERSONA:None]
epsilon_exp3,14,target_post_switch,3.0,4.981005,8.048605,False,False,False,repair_subset,repair_subset,fast/deep/deep/deep/deep,fast/fast/fast/deep/deep,mostly_fast_vs_mostly_deep_required,fast_on_deep_required,[mms_issue]airplane_mode_on|bad_network_preference|bad_wifi_calling|break_apn_mms_setting|break_app_both_permissions|data_mode_off|data_usage_exceeded|unseat_sim_card|user_abroad_roaming_disabled_on[PERSONA:Hard]
epsilon_exp3,15,target_post_switch,5.0,5.763345,10.832844999999999,False,False,False,repair_subset,repair_subset,fast/deep/deep/deep/deep,fast/deep/fast/fast/deep,mostly_fast_vs_mostly_deep_required,fast_on_deep_required,[mms_issue]airplane_mode_on|bad_network_preference|bad_wifi_calling|break_apn_mms_setting|break_app_both_permissions|data_mode_off|data_usage_exceeded|unseat_sim_card|user_abroad_roaming_enabled_off[PERSONA:Hard]
epsilon_exp3,16,target_post_switch,3.0,4.58947,7.6591700000000005,False,False,False,repair_subset,repair_subset,fast/deep/deep/deep/deep,fast/fast/deep/deep/deep,mostly_deep_vs_mostly_deep_required,fast_on_deep_required,[mms_issue]airplane_mode_on|bad_network_preference|bad_wifi_calling|break_apn_mms_setting|break_app_sms_permission|data_mode_off|data_usage_exceeded|unseat_sim_card|user_abroad_roaming_disabled_on[PERSONA:None]
epsilon_exp3,17,target_post_switch,0.0,5.105015,5.180815,True,True,True,repair_all,repair_all,fast/deep/deep/deep/deep,fast/deep/deep/deep/deep,mostly_deep_vs_mostly_deep_required,all_stage_modes_match,[mms_issue]airplane_mode_on|bad_network_preference|bad_wifi_calling|break_apn_mms_setting|break_app_sms_permission|data_mode_off|unseat_sim_card|user_abroad_roaming_enabled_off[PERSONA:None]
epsilon_exp3,18,target_post_switch,2.0,5.72022,7.7967200000000005,True,False,False,repair_subset,repair_subset,fast/deep/deep/deep/deep,deep/deep/deep/deep/deep,mostly_deep_vs_mostly_deep_required,deep_on_fast_required,[mms_issue]airplane_mode_on|bad_network_preference|bad_wifi_calling|break_apn_mms_setting|break_app_both_permissions|data_mode_off|data_usage_exceeded|unseat_sim_card|user_abroad_roaming_disabled_on[PERSONA:Hard]
epsilon_exp3,19,target_post_switch,13.0,5.602355,18.669355,False,False,False,repair_subset,repair_subset,fast/deep/deep/deep/deep,fast/fast/fast/deep/deep,mostly_fast_vs_mostly_deep_required,fast_on_deep_required,[mms_issue]airplane_mode_on|bad_network_preference|bad_wifi_calling|break_apn_mms_setting|break_app_both_permissions|data_mode_off|data_usage_exceeded|unseat_sim_card|user_abroad_roaming_enabled_off[PERSONA:Hard]
epsilon_exp3,20,target_post_switch,18.5,4.973435,23.550935000000003,False,False,False,repair_subset,transfer,fast/deep/deep/deep/deep,fast/deep/deep/deep/deep,mostly_deep_vs_mostly_deep_required,all_stage_modes_match,[mms_issue]airplane_mode_on|bad_network_preference|bad_wifi_calling|break_apn_mms_setting|break_app_sms_permission|data_mode_off|data_usage_exceeded|unseat_sim_card|user_abroad_roaming_disabled_on[PERSONA:None]
epsilon_exp3,21,target_post_switch,0.0,4.40147,4.47737,True,True,True,repair_all,repair_all,fast/deep/deep/deep/deep,fast/deep/deep/deep/deep,mostly_deep_vs_mostly_deep_required,all_stage_modes_match,[mms_issue]airplane_mode_on|bad_network_preference|bad_wifi_calling|break_apn_mms_setting|break_app_sms_permission|data_mode_off|unseat_sim_card|user_abroad_roaming_enabled_off[PERSONA:None]
epsilon_exp3,22,target_post_switch,18.5,5.636835,24.214734999999997,False,False,False,repair_subset,transfer,fast/deep/deep/deep/deep,deep/deep/deep/deep/deep,mostly_deep_vs_mostly_deep_required,deep_on_fast_required,[mms_issue]airplane_mode_on|bad_network_preference|bad_wifi_calling|break_apn_mms_setting|break_app_both_permissions|data_mode_off|data_usage_exceeded|unseat_sim_card|user_abroad_roaming_disabled_on[PERSONA:Hard]
epsilon_exp3,23,target_post_switch,15.0,5.26396,20.33146,False,False,False,repair_subset,repair_subset,fast/deep/deep/deep/deep,fast/deep/fast/deep/deep,mostly_deep_vs_mostly_deep_required,fast_on_deep_required,[mms_issue]airplane_mode_on|bad_network_preference|bad_wifi_calling|break_apn_mms_setting|break_app_both_permissions|data_mode_off|data_usage_exceeded|unseat_sim_card|user_abroad_roaming_enabled_off[PERSONA:Hard]
epsilon_exp3,24,target_post_switch,4.0,5.24025,9.313749999999999,False,False,False,repair_subset,repair_subset,fast/deep/deep/deep/deep,fast/deep/deep/deep/deep,mostly_deep_vs_mostly_deep_required,all_stage_modes_match,[mms_issue]airplane_mode_on|bad_network_preference|bad_wifi_calling|break_apn_mms_setting|break_app_sms_permission|data_mode_off|data_usage_exceeded|unseat_sim_card|user_abroad_roaming_disabled_on[PERSONA:None]
epsilon_exp3,25,target_post_switch,5.0,6.256585,11.312585,False,False,False,repair_all,repair_subset,fast/deep/deep/deep/deep,deep/fast/fast/fast/fast,mostly_fast_vs_mostly_deep_required,both_mismatch_types,[mms_issue]airplane_mode_on|bad_network_preference|bad_wifi_calling|break_apn_mms_setting|break_app_sms_permission|data_mode_off|unseat_sim_card|user_abroad_roaming_enabled_off[PERSONA:None]
epsilon_exp3,26,target_post_switch,3.0,5.490215,8.557915,False,False,False,repair_subset,repair_subset,fast/deep/deep/deep/deep,deep/fast/fast/deep/deep,mostly_deep_vs_mostly_deep_required,both_mismatch_types,[mms_issue]airplane_mode_on|bad_network_preference|bad_wifi_calling|break_apn_mms_setting|break_app_both_permissions|data_mode_off|data_usage_exceeded|unseat_sim_card|user_abroad_roaming_disabled_on[PERSONA:Hard]
epsilon_exp3,27,target_post_switch,13.0,5.965275,19.040075,False,False,False,repair_subset,repair_subset,fast/deep/deep/deep/deep,deep/deep/deep/deep/deep,mostly_deep_vs_mostly_deep_required,deep_on_fast_required,[mms_issue]airplane_mode_on|bad_network_preference|bad_wifi_calling|break_apn_mms_setting|break_app_both_permissions|data_mode_off|data_usage_exceeded|unseat_sim_card|user_abroad_roaming_enabled_off[PERSONA:Hard]
epsilon_exp3,28,target_post_switch,18.5,4.991625,23.570625,False,False,False,repair_subset,transfer,fast/deep/deep/deep/deep,fast/deep/deep/deep/deep,mostly_deep_vs_mostly_deep_required,all_stage_modes_match,[mms_issue]airplane_mode_on|bad_network_preference|bad_wifi_calling|break_apn_mms_setting|break_app_sms_permission|data_mode_off|data_usage_exceeded|unseat_sim_card|user_abroad_roaming_disabled_on[PERSONA:None]
epsilon_exp3,29,target_post_switch,0.0,5.9317,6.0012,True,True,True,repair_all,repair_all,fast/deep/deep/deep/deep,deep/fast/deep/deep/deep,mostly_deep_vs_mostly_deep_required,both_mismatch_types,[mms_issue]airplane_mode_on|bad_network_preference|bad_wifi_calling|break_apn_mms_setting|break_app_sms_permission|data_mode_off|unseat_sim_card|user_abroad_roaming_enabled_off[PERSONA:None]
epsilon_exp3,30,target_post_switch,18.5,5.026985,23.601185,False,False,False,repair_subset,transfer,fast/deep/deep/deep/deep,fast/deep/deep/deep/deep,mostly_deep_vs_mostly_deep_required,all_stage_modes_match,[mms_issue]airplane_mode_on|bad_network_preference|bad_wifi_calling|break_apn_mms_setting|break_app_both_permissions|data_mode_off|data_usage_exceeded|unseat_sim_card|user_abroad_roaming_disabled_on[PERSONA:Hard]
epsilon_exp3,31,target_post_switch,5.0,5.73953,10.80603,False,False,False,repair_subset,repair_subset,fast/deep/deep/deep/deep,deep/fast/fast/fast/deep,mostly_fast_vs_mostly_deep_required,both_mismatch_types,[mms_issue]airplane_mode_on|bad_network_preference|bad_wifi_calling|break_apn_mms_setting|break_app_both_permissions|data_mode_off|data_usage_exceeded|unseat_sim_card|user_abroad_roaming_enabled_off[PERSONA:Hard]
epsilon_exp3,32,target_post_switch,19.5,5.149695,24.725595000000002,False,False,False,repair_subset,transfer,fast/deep/deep/deep/deep,deep/fast/deep/deep/deep,mostly_deep_vs_mostly_deep_required,both_mismatch_types,[mms_issue]airplane_mode_on|bad_network_preference|bad_wifi_calling|break_apn_mms_setting|break_app_sms_permission|data_mode_off|data_usage_exceeded|unseat_sim_card|user_abroad_roaming_disabled_on[PERSONA:None]
epsilon_exp3,33,target_post_switch,18.5,6.10851,24.68571,False,True,False,repair_all,transfer,fast/deep/deep/deep/deep,deep/deep/deep/deep/deep,mostly_deep_vs_mostly_deep_required,deep_on_fast_required,[mms_issue]airplane_mode_on|bad_network_preference|bad_wifi_calling|break_apn_mms_setting|break_app_sms_permission|data_mode_off|unseat_sim_card|user_abroad_roaming_enabled_off[PERSONA:None]
epsilon_exp3,34,target_post_switch,3.0,4.68963,7.76403,False,False,False,repair_subset,repair_subset,fast/deep/deep/deep/deep,fast/fast/deep/deep/deep,mostly_deep_vs_mostly_deep_required,fast_on_deep_required,[mms_issue]airplane_mode_on|bad_network_preference|bad_wifi_calling|break_apn_mms_setting|break_app_both_permissions|data_mode_off|data_usage_exceeded|unseat_sim_card|user_abroad_roaming_disabled_on[PERSONA:Hard]
epsilon_exp3,35,target_post_switch,13.0,5.903405,18.974805,False,False,False,repair_subset,repair_subset,fast/deep/deep/deep/deep,deep/fast/deep/deep/deep,mostly_deep_vs_mostly_deep_required,both_mismatch_types,[mms_issue]airplane_mode_on|bad_network_preference|bad_wifi_calling|break_apn_mms_setting|break_app_both_permissions|data_mode_off|data_usage_exceeded|unseat_sim_card|user_abroad_roaming_enabled_off[PERSONA:Hard]
epsilon_exp3,36,target_post_switch,19.5,4.540085,24.113285,False,False,False,repair_subset,transfer,fast/deep/deep/deep/deep,fast/fast/deep/deep/deep,mostly_deep_vs_mostly_deep_required,fast_on_deep_required,[mms_issue]airplane_mode_on|bad_network_preference|bad_wifi_calling|break_apn_mms_setting|break_app_sms_permission|data_mode_off|data_usage_exceeded|unseat_sim_card|user_abroad_roaming_disabled_on[PERSONA:None]
epsilon_exp3,37,target_post_switch,0.0,4.808355,4.881455,True,True,True,repair_all,repair_all,fast/deep/deep/deep/deep,fast/fast/deep/deep/deep,mostly_deep_vs_mostly_deep_required,fast_on_deep_required,[mms_issue]airplane_mode_on|bad_network_preference|bad_wifi_calling|break_apn_mms_setting|break_app_sms_permission|data_mode_off|unseat_sim_card|user_abroad_roaming_enabled_off[PERSONA:None]
epsilon_exp3,38,target_post_switch,3.0,5.29812,8.37332,False,False,False,repair_subset,repair_subset,fast/deep/deep/deep/deep,deep/fast/deep/deep/deep,mostly_deep_vs_mostly_deep_required,both_mismatch_types,[mms_issue]airplane_mode_on|bad_network_preference|bad_wifi_calling|break_apn_mms_setting|break_app_both_permissions|data_mode_off|data_usage_exceeded|unseat_sim_card|user_abroad_roaming_disabled_on[PERSONA:Hard]
epsilon_exp3,39,target_post_switch,13.0,5.293895,18.359995,False,False,False,repair_subset,repair_subset,fast/deep/deep/deep/deep,fast/fast/deep/deep/deep,mostly_deep_vs_mostly_deep_required,fast_on_deep_required,[mms_issue]airplane_mode_on|bad_network_preference|bad_wifi_calling|break_apn_mms_setting|break_app_both_permissions|data_mode_off|data_usage_exceeded|unseat_sim_card|user_abroad_roaming_enabled_off[PERSONA:Hard]
risky_ps_linear,0,trap_pre_switch,0.0,3.964115,4.0308150000000005,True,True,True,repair_all,repair_all,fast/fast/fast/fast/fast,fast/fast/deep/deep/deep,mostly_deep_vs_mostly_fast_required,deep_on_fast_required,[mms_issue]airplane_mode_on|bad_wifi_calling|break_app_sms_permission[PERSONA:None]
risky_ps_linear,1,trap_pre_switch,0.0,4.212765,4.278065,True,True,True,repair_all,repair_all,fast/fast/fast/fast/fast,deep/fast/deep/deep/fast,mostly_deep_vs_mostly_fast_required,deep_on_fast_required,[mms_issue]airplane_mode_on|bad_wifi_calling|break_app_storage_permission[PERSONA:Easy]
risky_ps_linear,2,trap_pre_switch,0.0,8.47722,8.55222,True,True,True,repair_all,repair_all,fast/fast/fast/fast/fast,fast/fast/deep/deep/deep,mostly_deep_vs_mostly_fast_required,deep_on_fast_required,[mms_issue]bad_wifi_calling[PERSONA:Easy]
risky_ps_linear,3,trap_pre_switch,0.0,4.763705,4.839505,True,True,True,repair_all,repair_all,fast/fast/fast/fast/fast,deep/fast/deep/deep/deep,mostly_deep_vs_mostly_fast_required,deep_on_fast_required,[mms_issue]bad_wifi_calling|break_app_storage_permission[PERSONA:Easy]
risky_ps_linear,4,trap_pre_switch,0.0,4.32001,4.3842099999999995,True,True,True,repair_all,repair_all,fast/fast/fast/fast/fast,deep/fast/fast/deep/deep,mostly_deep_vs_mostly_fast_required,deep_on_fast_required,[mms_issue]airplane_mode_on|bad_wifi_calling|break_app_sms_permission[PERSONA:None]
risky_ps_linear,5,trap_pre_switch,0.0,4.71369,4.788889999999999,True,True,True,repair_all,repair_all,fast/fast/fast/fast/fast,fast/deep/deep/deep/deep,mostly_deep_vs_mostly_fast_required,deep_on_fast_required,[mms_issue]airplane_mode_on|bad_wifi_calling|break_app_storage_permission[PERSONA:Easy]
risky_ps_linear,6,trap_pre_switch,0.0,3.482605,3.545805,True,True,True,repair_all,repair_all,fast/fast/fast/fast/fast,deep/fast/deep/fast/fast,mostly_fast_vs_mostly_fast_required,deep_on_fast_required,[mms_issue]bad_wifi_calling[PERSONA:Easy]
risky_ps_linear,7,trap_pre_switch,0.0,3.994,4.0541,True,True,True,repair_all,repair_all,fast/fast/fast/fast/fast,fast/fast/fast/deep/deep,mostly_fast_vs_mostly_fast_required,deep_on_fast_required,[mms_issue]bad_wifi_calling|break_app_storage_permission[PERSONA:Easy]
risky_ps_linear,8,trap_pre_switch,0.0,4.29379,4.366890000000001,True,True,True,repair_all,repair_all,fast/fast/fast/fast/fast,deep/fast/fast/deep/deep,mostly_deep_vs_mostly_fast_required,deep_on_fast_required,[mms_issue]airplane_mode_on|bad_wifi_calling|break_app_sms_permission[PERSONA:None]
risky_ps_linear,9,trap_pre_switch,0.0,4.28953,4.3625300000000005,True,True,True,repair_all,repair_all,fast/fast/fast/fast/fast,deep/fast/fast/deep/deep,mostly_deep_vs_mostly_fast_required,deep_on_fast_required,[mms_issue]airplane_mode_on|bad_wifi_calling|break_app_storage_permission[PERSONA:Easy]
risky_ps_linear,10,target_post_switch,6.5,6.719885,13.275884999999999,False,False,False,repair_subset,repair_all,fast/deep/deep/deep/deep,deep/fast/fast/fast/fast,mostly_fast_vs_mostly_deep_required,both_mismatch_types,[mms_issue]airplane_mode_on|bad_network_preference|bad_wifi_calling|break_apn_mms_setting|break_app_both_permissions|data_mode_off|data_usage_exceeded|unseat_sim_card|user_abroad_roaming_disabled_on[PERSONA:Hard]
risky_ps_linear,11,target_post_switch,2.0,4.363985,6.441485,True,False,False,repair_subset,repair_subset,fast/deep/deep/deep/deep,fast/deep/deep/deep/deep,mostly_deep_vs_mostly_deep_required,all_stage_modes_match,[mms_issue]airplane_mode_on|bad_network_preference|bad_wifi_calling|break_apn_mms_setting|break_app_both_permissions|data_mode_off|data_usage_exceeded|unseat_sim_card|user_abroad_roaming_enabled_off[PERSONA:Hard]
risky_ps_linear,12,target_post_switch,5.0,4.971365,10.035464999999999,False,False,False,repair_subset,repair_subset,fast/deep/deep/deep/deep,fast/fast/fast/fast/deep,mostly_fast_vs_mostly_deep_required,fast_on_deep_required,[mms_issue]airplane_mode_on|bad_network_preference|bad_wifi_calling|break_apn_mms_setting|break_app_sms_permission|data_mode_off|data_usage_exceeded|unseat_sim_card|user_abroad_roaming_disabled_on[PERSONA:None]
risky_ps_linear,13,target_post_switch,11.0,5.225365,16.292665,False,True,False,repair_all,repair_subset,fast/deep/deep/deep/deep,fast/fast/deep/deep/deep,mostly_deep_vs_mostly_deep_required,fast_on_deep_required,[mms_issue]airplane_mode_on|bad_network_preference|bad_wifi_calling|break_apn_mms_setting|break_app_sms_permission|data_mode_off|unseat_sim_card|user_abroad_roaming_enabled_off[PERSONA:None]
risky_ps_linear,14,target_post_switch,3.0,4.655885,7.724184999999999,False,False,False,repair_subset,repair_subset,fast/deep/deep/deep/deep,fast/fast/deep/deep/deep,mostly_deep_vs_mostly_deep_required,fast_on_deep_required,[mms_issue]airplane_mode_on|bad_network_preference|bad_wifi_calling|break_apn_mms_setting|break_app_both_permissions|data_mode_off|data_usage_exceeded|unseat_sim_card|user_abroad_roaming_disabled_on[PERSONA:Hard]
risky_ps_linear,15,target_post_switch,13.0,5.949975,19.025975000000003,False,False,False,repair_subset,repair_subset,fast/deep/deep/deep/deep,deep/deep/deep/deep/deep,mostly_deep_vs_mostly_deep_required,deep_on_fast_required,[mms_issue]airplane_mode_on|bad_network_preference|bad_wifi_calling|break_apn_mms_setting|break_app_both_permissions|data_mode_off|data_usage_exceeded|unseat_sim_card|user_abroad_roaming_enabled_off[PERSONA:Hard]
risky_ps_linear,16,target_post_switch,18.5,4.970715,23.544915000000003,False,False,False,repair_subset,transfer,fast/deep/deep/deep/deep,fast/deep/deep/deep/deep,mostly_deep_vs_mostly_deep_required,all_stage_modes_match,[mms_issue]airplane_mode_on|bad_network_preference|bad_wifi_calling|break_apn_mms_setting|break_app_sms_permission|data_mode_off|data_usage_exceeded|unseat_sim_card|user_abroad_roaming_disabled_on[PERSONA:None]
risky_ps_linear,17,target_post_switch,18.5,4.531425,23.099925,False,True,False,repair_all,transfer,fast/deep/deep/deep/deep,fast/fast/deep/deep/deep,mostly_deep_vs_mostly_deep_required,fast_on_deep_required,[mms_issue]airplane_mode_on|bad_network_preference|bad_wifi_calling|break_apn_mms_setting|break_app_sms_permission|data_mode_off|unseat_sim_card|user_abroad_roaming_enabled_off[PERSONA:None]
risky_ps_linear,18,target_post_switch,18.5,5.066225,23.625325,False,False,False,repair_subset,transfer,fast/deep/deep/deep/deep,fast/deep/deep/deep/fast,mostly_deep_vs_mostly_deep_required,fast_on_deep_required,[mms_issue]airplane_mode_on|bad_network_preference|bad_wifi_calling|break_apn_mms_setting|break_app_both_permissions|data_mode_off|data_usage_exceeded|unseat_sim_card|user_abroad_roaming_disabled_on[PERSONA:Hard]
risky_ps_linear,19,target_post_switch,13.0,5.338765,18.408065,False,False,False,repair_subset,repair_subset,fast/deep/deep/deep/deep,fast/deep/deep/deep/deep,mostly_deep_vs_mostly_deep_required,all_stage_modes_match,[mms_issue]airplane_mode_on|bad_network_preference|bad_wifi_calling|break_apn_mms_setting|break_app_both_permissions|data_mode_off|data_usage_exceeded|unseat_sim_card|user_abroad_roaming_enabled_off[PERSONA:Hard]
risky_ps_linear,20,target_post_switch,18.5,5.582365,24.158365,False,False,False,repair_subset,transfer,fast/deep/deep/deep/deep,deep/deep/deep/deep/deep,mostly_deep_vs_mostly_deep_required,deep_on_fast_required,[mms_issue]airplane_mode_on|bad_network_preference|bad_wifi_calling|break_apn_mms_setting|break_app_sms_permission|data_mode_off|data_usage_exceeded|unseat_sim_card|user_abroad_roaming_disabled_on[PERSONA:None]
risky_ps_linear,21,target_post_switch,0.0,5.44516,5.519259999999999,True,True,True,repair_all,repair_all,fast/deep/deep/deep/deep,deep/fast/deep/deep/deep,mostly_deep_vs_mostly_deep_required,both_mismatch_types,[mms_issue]airplane_mode_on|bad_network_preference|bad_wifi_calling|break_apn_mms_setting|break_app_sms_permission|data_mode_off|unseat_sim_card|user_abroad_roaming_enabled_off[PERSONA:None]
risky_ps_linear,22,target_post_switch,3.0,5.29914,8.36834,False,False,False,repair_subset,repair_subset,fast/deep/deep/deep/deep,deep/fast/deep/deep/deep,mostly_deep_vs_mostly_deep_required,both_mismatch_types,[mms_issue]airplane_mode_on|bad_network_preference|bad_wifi_calling|break_apn_mms_setting|break_app_both_permissions|data_mode_off|data_usage_exceeded|unseat_sim_card|user_abroad_roaming_disabled_on[PERSONA:Hard]
risky_ps_linear,23,target_post_switch,20.5,5.021885,25.600885,False,False,False,repair_subset,transfer,fast/deep/deep/deep/deep,fast/deep/deep/deep/deep,mostly_deep_vs_mostly_deep_required,all_stage_modes_match,[mms_issue]airplane_mode_on|bad_network_preference|bad_wifi_calling|break_apn_mms_setting|break_app_both_permissions|data_mode_off|data_usage_exceeded|unseat_sim_card|user_abroad_roaming_enabled_off[PERSONA:Hard]
risky_ps_linear,24,target_post_switch,18.5,5.296545,23.872844999999998,False,False,False,repair_subset,transfer,fast/deep/deep/deep/deep,fast/deep/fast/deep/deep,mostly_deep_vs_mostly_deep_required,fast_on_deep_required,[mms_issue]airplane_mode_on|bad_network_preference|bad_wifi_calling|break_apn_mms_setting|break_app_sms_permission|data_mode_off|data_usage_exceeded|unseat_sim_card|user_abroad_roaming_disabled_on[PERSONA:None]
risky_ps_linear,25,target_post_switch,18.5,5.49729,24.07299,False,True,False,repair_all,transfer,fast/deep/deep/deep/deep,fast/deep/deep/deep/deep,mostly_deep_vs_mostly_deep_required,all_stage_modes_match,[mms_issue]airplane_mode_on|bad_network_preference|bad_wifi_calling|break_apn_mms_setting|break_app_sms_permission|data_mode_off|unseat_sim_card|user_abroad_roaming_enabled_off[PERSONA:None]
risky_ps_linear,26,target_post_switch,4.0,6.129505,10.190705000000001,False,False,False,repair_subset,repair_subset,fast/deep/deep/deep/deep,fast/deep/fast/fast/deep,mostly_fast_vs_mostly_deep_required,fast_on_deep_required,[mms_issue]airplane_mode_on|bad_network_preference|bad_wifi_calling|break_apn_mms_setting|break_app_both_permissions|data_mode_off|data_usage_exceeded|unseat_sim_card|user_abroad_roaming_disabled_on[PERSONA:Hard]
risky_ps_linear,27,target_post_switch,13.0,5.97495,19.03915,False,False,False,repair_subset,repair_subset,fast/deep/deep/deep/deep,deep/fast/deep/deep/fast,mostly_deep_vs_mostly_deep_required,both_mismatch_types,[mms_issue]airplane_mode_on|bad_network_preference|bad_wifi_calling|break_apn_mms_setting|break_app_both_permissions|data_mode_off|data_usage_exceeded|unseat_sim_card|user_abroad_roaming_enabled_off[PERSONA:Hard]
risky_ps_linear,28,target_post_switch,3.0,5.19466,8.26596,False,False,False,repair_subset,repair_subset,fast/deep/deep/deep/deep,deep/fast/deep/deep/deep,mostly_deep_vs_mostly_deep_required,both_mismatch_types,[mms_issue]airplane_mode_on|bad_network_preference|bad_wifi_calling|break_apn_mms_setting|break_app_sms_permission|data_mode_off|data_usage_exceeded|unseat_sim_card|user_abroad_roaming_disabled_on[PERSONA:None]
risky_ps_linear,29,target_post_switch,0.0,5.444735,5.510834999999999,True,True,True,repair_all,repair_all,fast/deep/deep/deep/deep,deep/fast/deep/deep/deep,mostly_deep_vs_mostly_deep_required,both_mismatch_types,[mms_issue]airplane_mode_on|bad_network_preference|bad_wifi_calling|break_apn_mms_setting|break_app_sms_permission|data_mode_off|unseat_sim_card|user_abroad_roaming_enabled_off[PERSONA:None]
risky_ps_linear,30,target_post_switch,4.0,6.06389,10.12979,False,False,False,repair_subset,repair_subset,fast/deep/deep/deep/deep,fast/deep/fast/fast/deep,mostly_fast_vs_mostly_deep_required,fast_on_deep_required,[mms_issue]airplane_mode_on|bad_network_preference|bad_wifi_calling|break_apn_mms_setting|break_app_both_permissions|data_mode_off|data_usage_exceeded|unseat_sim_card|user_abroad_roaming_disabled_on[PERSONA:Hard]
risky_ps_linear,31,target_post_switch,21.5,5.292875,26.863975000000003,False,False,False,repair_subset,transfer,fast/deep/deep/deep/deep,fast/fast/deep/deep/deep,mostly_deep_vs_mostly_deep_required,fast_on_deep_required,[mms_issue]airplane_mode_on|bad_network_preference|bad_wifi_calling|break_apn_mms_setting|break_app_both_permissions|data_mode_off|data_usage_exceeded|unseat_sim_card|user_abroad_roaming_enabled_off[PERSONA:Hard]
risky_ps_linear,32,target_post_switch,18.5,5.613815,24.190315,False,False,False,repair_subset,transfer,fast/deep/deep/deep/deep,deep/deep/deep/deep/deep,mostly_deep_vs_mostly_deep_required,deep_on_fast_required,[mms_issue]airplane_mode_on|bad_network_preference|bad_wifi_calling|break_apn_mms_setting|break_app_sms_permission|data_mode_off|data_usage_exceeded|unseat_sim_card|user_abroad_roaming_disabled_on[PERSONA:None]
risky_ps_linear,33,target_post_switch,0.0,6.427175,6.503675,True,True,True,repair_all,repair_all,fast/deep/deep/deep/deep,deep/deep/deep/deep/deep,mostly_deep_vs_mostly_deep_required,deep_on_fast_required,[mms_issue]airplane_mode_on|bad_network_preference|bad_wifi_calling|break_apn_mms_setting|break_app_sms_permission|data_mode_off|unseat_sim_card|user_abroad_roaming_enabled_off[PERSONA:None]
risky_ps_linear,34,target_post_switch,3.0,5.289535,8.357434999999999,False,False,False,repair_subset,repair_subset,fast/deep/deep/deep/deep,deep/fast/deep/deep/deep,mostly_deep_vs_mostly_deep_required,both_mismatch_types,[mms_issue]airplane_mode_on|bad_network_preference|bad_wifi_calling|break_apn_mms_setting|break_app_both_permissions|data_mode_off|data_usage_exceeded|unseat_sim_card|user_abroad_roaming_disabled_on[PERSONA:Hard]
risky_ps_linear,35,target_post_switch,5.0,5.14073,10.203029999999998,False,False,False,repair_subset,repair_subset,fast/deep/deep/deep/deep,fast/fast/fast/fast/deep,mostly_fast_vs_mostly_deep_required,fast_on_deep_required,[mms_issue]airplane_mode_on|bad_network_preference|bad_wifi_calling|break_apn_mms_setting|break_app_both_permissions|data_mode_off|data_usage_exceeded|unseat_sim_card|user_abroad_roaming_enabled_off[PERSONA:Hard]
risky_ps_linear,36,target_post_switch,9.0,5.30226,14.36456,False,False,False,repair_subset,repair_subset,fast/deep/deep/deep/deep,fast/fast/fast/fast/deep,mostly_fast_vs_mostly_deep_required,fast_on_deep_required,[mms_issue]airplane_mode_on|bad_network_preference|bad_wifi_calling|break_apn_mms_setting|break_app_sms_permission|data_mode_off|data_usage_exceeded|unseat_sim_card|user_abroad_roaming_disabled_on[PERSONA:None]
risky_ps_linear,37,target_post_switch,11.0,5.541575,16.624375,False,True,False,repair_all,repair_subset,fast/deep/deep/deep/deep,fast/deep/deep/deep/deep,mostly_deep_vs_mostly_deep_required,all_stage_modes_match,[mms_issue]airplane_mode_on|bad_network_preference|bad_wifi_calling|break_apn_mms_setting|break_app_sms_permission|data_mode_off|unseat_sim_card|user_abroad_roaming_enabled_off[PERSONA:None]
risky_ps_linear,38,target_post_switch,18.5,5.636835,24.214734999999997,False,False,False,repair_subset,transfer,fast/deep/deep/deep/deep,deep/deep/deep/deep/deep,mostly_deep_vs_mostly_deep_required,deep_on_fast_required,[mms_issue]airplane_mode_on|bad_network_preference|bad_wifi_calling|break_apn_mms_setting|break_app_both_permissions|data_mode_off|data_usage_exceeded|unseat_sim_card|user_abroad_roaming_disabled_on[PERSONA:Hard]
risky_ps_linear,39,target_post_switch,13.0,5.903745,18.975145,False,False,False,repair_subset,repair_subset,fast/deep/deep/deep/deep,deep/fast/deep/deep/deep,mostly_deep_vs_mostly_deep_required,both_mismatch_types,[mms_issue]airplane_mode_on|bad_network_preference|bad_wifi_calling|break_apn_mms_setting|break_app_both_permissions|data_mode_off|data_usage_exceeded|unseat_sim_card|user_abroad_roaming_enabled_off[PERSONA:Hard]
