method,episode_count,terminal_cost_avg,reasoning_cost_avg,total_cost_avg,exact_match_rate,clear_execution_success_rate,assistant_required_count,assistant_execution_success_rate_applicable,actual_majority_distribution,required_majority_distribution,phase
direct_multistage_exp3,100,8.885,5.23359825,14.18965425,0.19,0.13,63,0.0,"{""mostly_deep"": 83, ""mostly_fast"": 17}","{""mostly_deep"": 75, ""mostly_fast"": 25}",
epsilon_exp3,100,8.56,5.1069898,13.7387758,0.24,0.15,63,0.0,"{""mostly_deep"": 87, ""mostly_fast"": 13}","{""mostly_deep"": 75, ""mostly_fast"": 25}",
risky_ps_linear,100,8.14,5.166611850000001,13.37697485,0.24,0.11,63,0.0,"{""mostly_deep"": 75, ""mostly_fast"": 25}","{""mostly_deep"": 75, ""mostly_fast"": 25}",
direct_multistage_exp3,75,11.38,5.2242902,16.6758222,0.12,0.04,60,0.0,"{""mostly_deep"": 64, ""mostly_fast"": 11}","{""mostly_deep"": 75}",post_switch
direct_multistage_exp3,25,1.4,5.2615224000000005,6.731150400000001,0.4,0.4,3,0.0,"{""mostly_deep"": 19, ""mostly_fast"": 6}","{""mostly_fast"": 25}",pre_switch
epsilon_exp3,75,10.973333333333333,5.090089533333333,16.135962866666667,0.18666666666666668,0.06666666666666667,60,0.0,"{""mostly_deep"": 66, ""mostly_fast"": 9}","{""mostly_deep"": 75}",post_switch
epsilon_exp3,25,1.32,5.1576906,6.5472146,0.4,0.4,3,0.0,"{""mostly_deep"": 21, ""mostly_fast"": 4}","{""mostly_fast"": 25}",pre_switch
risky_ps_linear,75,10.333333333333334,5.160387066666666,15.563767066666665,0.18666666666666668,0.013333333333333334,60,0.0,"{""mostly_deep"": 53, ""mostly_fast"": 22}","{""mostly_deep"": 75}",post_switch
risky_ps_linear,25,1.56,5.1852862,6.8165982,0.4,0.4,3,0.0,"{""mostly_deep"": 22, ""mostly_fast"": 3}","{""mostly_fast"": 25}",pre_switch
