method,stage,required,actual,n_stage_observations,episode_n,terminal,reasoning,mode_mismatch_cost,total,exact,exact_mode_match,strict_clean,clear_success_proxy,auxiliary_success_proxy
direct_multistage_exp3,ALL,deep,deep,201,67,2.810945273631841,5.330130646766169,1.256218905472637,8.210624179104478,0.8805970149253731,0.3582089552238806,0.6865671641791045,0.8805970149253731,0.6865671641791045
direct_multistage_exp3,ALL,deep,fast,99,48,8.272727272727273,6.089401212121212,4.156565656565657,14.42328,0.43434343434343436,0.0,0.42424242424242425,0.43434343434343436,0.42424242424242425
direct_multistage_exp3,ALL,fast,deep,89,54,2.595505617977528,5.475093539325843,2.162921348314607,8.138194662921348,0.8426966292134831,0.0,0.8089887640449438,0.8426966292134831,0.8089887640449438
direct_multistage_exp3,ALL,fast,fast,111,61,1.8468468468468469,4.112147927927928,0.9774774774774775,6.019650630630631,0.9009009009009009,0.43243243243243246,0.8378378378378378,0.9009009009009009,0.8378378378378378
direct_multistage_exp3,stage1,fast,deep,44,44,4.0227272727272725,5.7394710227272725,2.522727272727273,9.829025568181818,0.75,0.0,0.6818181818181818,0.75,0.6818181818181818
direct_multistage_exp3,stage1,fast,fast,56,56,3.3392857142857144,4.840196785714285,1.4642857142857142,8.244053928571429,0.8214285714285714,0.42857142857142855,0.6964285714285714,0.8214285714285714,0.6964285714285714
direct_multistage_exp3,stage2,deep,deep,38,38,3.9473684210526314,5.606788421052632,0.9736842105263158,9.623964736842105,0.8421052631578947,0.47368421052631576,0.5789473684210527,0.8421052631578947,0.5789473684210527
direct_multistage_exp3,stage2,deep,fast,37,37,5.297297297297297,5.553886081081081,3.4864864864864864,10.914848243243243,0.6216216216216216,0.0,0.6216216216216216,0.6216216216216216,0.6216216216216216
direct_multistage_exp3,stage2,fast,deep,9,9,0.0,5.210972777777778,1.8333333333333333,5.279095,1.0,0.0,1.0,1.0,1.0
direct_multistage_exp3,stage2,fast,fast,16,16,1.125,3.6335778125,0.65625,4.8170153125,0.9375,0.375,0.9375,0.9375,0.9375
direct_multistage_exp3,stage3,deep,deep,50,50,2.78,5.3859775,1.2,8.2360675,0.88,0.36,0.7,0.88,0.7
direct_multistage_exp3,stage3,deep,fast,25,25,8.28,5.9701148,4.24,14.310266799999999,0.44,0.0,0.4,0.44,0.4
direct_multistage_exp3,stage3,fast,deep,10,10,1.8,5.2486215000000005,1.9,7.1184915,0.9,0.0,0.9,0.9,0.9
direct_multistage_exp3,stage3,fast,fast,15,15,0.0,3.503319,0.5333333333333333,3.5599456666666667,1.0,0.4,1.0,1.0,1.0
direct_multistage_exp3,stage4,deep,deep,58,58,2.3793103448275863,5.214398620689655,1.3793103448275863,7.6628813793103445,0.896551724137931,0.3103448275862069,0.7241379310344828,0.896551724137931,0.7241379310344828
direct_multistage_exp3,stage4,deep,fast,17,17,12.235294117647058,6.830389705882353,5.0588235294117645,19.12428970588235,0.17647058823529413,0.0,0.17647058823529413,0.17647058823529413,0.17647058823529413
direct_multistage_exp3,stage4,fast,deep,13,13,1.3846153846153846,5.206216538461539,1.7692307692307692,6.658670384615385,0.9230769230769231,0.0,0.9230769230769231,0.9230769230769231,0.9230769230769231
direct_multistage_exp3,stage4,fast,fast,12,12,0.0,3.1129320833333334,0.3333333333333333,3.16844875,1.0,0.5,1.0,1.0,1.0
direct_multistage_exp3,stage5,deep,deep,55,55,2.5090909090909093,5.210260090909091,1.3727272727272728,7.788623727272728,0.8909090909090909,0.32727272727272727,0.7090909090909091,0.8909090909090909,0.7090909090909091
direct_multistage_exp3,stage5,deep,fast,20,20,10.4,6.599372,4.525,17.059287,0.3,0.0,0.3,0.3,0.3
direct_multistage_exp3,stage5,fast,deep,13,13,1.3846153846153846,5.206216538461539,1.7692307692307692,6.658670384615385,0.9230769230769231,0.0,0.9230769230769231,0.9230769230769231,0.9230769230769231
direct_multistage_exp3,stage5,fast,fast,12,12,0.0,3.1129320833333334,0.3333333333333333,3.16844875,1.0,0.5,1.0,1.0,1.0
epsilon_exp3,ALL,deep,deep,182,63,3.0384615384615383,5.467604752747253,1.3571428571428572,8.575571236263736,0.8241758241758241,0.26373626373626374,0.6923076923076923,0.8241758241758241,0.6923076923076923
epsilon_exp3,ALL,deep,fast,118,52,8.872881355932204,6.190749618644068,4.432203389830509,15.123699618644068,0.3898305084745763,0.0,0.3898305084745763,0.3898305084745763,0.3898305084745763
epsilon_exp3,ALL,fast,deep,95,52,1.8421052631578947,5.754587894736842,2.0894736842105264,7.664262631578947,0.8842105263157894,0.0,0.8421052631578947,0.8842105263157894,0.8421052631578947
epsilon_exp3,ALL,fast,fast,105,65,2.142857142857143,4.387222904761905,1.4666666666666666,6.591631476190476,0.8571428571428571,0.3047619047619048,0.8380952380952381,0.8571428571428571,0.8380952380952381
epsilon_exp3,stage1,fast,deep,43,43,4.069767441860465,6.1347679069767445,2.395348837209302,10.271470232558139,0.7441860465116279,0.0,0.6511627906976745,0.7441860465116279,0.6511627906976745
epsilon_exp3,stage1,fast,fast,57,57,3.9473684210526314,4.961339210526316,2.1315789473684212,8.97266903508772,0.7368421052631579,0.2807017543859649,0.7017543859649122,0.7368421052631579,0.7017543859649122
epsilon_exp3,stage2,deep,deep,34,34,3.764705882352941,5.738997647058824,1.088235294117647,9.573891764705882,0.7941176470588235,0.35294117647058826,0.6176470588235294,0.7941176470588235,0.6176470588235294
epsilon_exp3,stage2,deep,fast,41,41,6.634146341463414,5.762858780487805,3.792682926829268,12.459153902439024,0.5365853658536586,0.0,0.5365853658536586,0.5365853658536586,0.5365853658536586
epsilon_exp3,stage2,fast,deep,7,7,0.0,6.119412142857143,2.2857142857142856,6.190526428571428,1.0,0.0,1.0,1.0,1.0
epsilon_exp3,stage2,fast,fast,18,18,0.0,4.019574444444444,0.8888888888888888,4.080224444444444,1.0,0.2222222222222222,1.0,1.0,1.0
epsilon_exp3,stage3,deep,deep,42,42,3.642857142857143,5.564347023809524,1.25,9.278020833333333,0.7857142857142857,0.2857142857142857,0.6428571428571429,0.7857142857142857,0.6428571428571429
epsilon_exp3,stage3,deep,fast,33,33,7.484848484848484,5.990925909090909,4.242424242424242,13.535174393939394,0.48484848484848486,0.0,0.48484848484848486,0.48484848484848486,0.48484848484848486
epsilon_exp3,stage3,fast,deep,11,11,0.0,5.559102727272728,1.9545454545454546,5.629275454545454,1.0,0.0,1.0,1.0,1.0
epsilon_exp3,stage3,fast,fast,14,14,0.0,3.8598639285714285,0.75,3.9182639285714287,1.0,0.2857142857142857,1.0,1.0,1.0
epsilon_exp3,stage4,deep,deep,55,55,2.4727272727272727,5.345426818181818,1.509090909090909,7.886895909090909,0.8545454545454545,0.21818181818181817,0.7454545454545455,0.8545454545454545,0.7454545454545455
epsilon_exp3,stage4,deep,fast,20,20,13.2,6.8702327499999996,5.475,20.12791775,0.1,0.0,0.1,0.1,0.1
epsilon_exp3,stage4,fast,deep,18,18,0.0,5.241359444444445,1.6944444444444444,5.308181666666667,1.0,0.0,1.0,1.0,1.0
epsilon_exp3,stage4,fast,fast,7,7,0.0,2.9776792857142858,0.21428571428571427,3.032922142857143,1.0,0.5714285714285714,1.0,1.0,1.0
epsilon_exp3,stage5,deep,deep,51,51,2.6666666666666665,5.338766568627451,1.4607843137254901,8.074225392156862,0.8431372549019608,0.23529411764705882,0.7254901960784313,0.8431372549019608,0.7254901960784313
epsilon_exp3,stage5,deep,fast,24,24,11.0,6.630251458333333,4.916666666666667,17.689672291666668,0.25,0.0,0.25,0.25,0.25
epsilon_exp3,stage5,fast,deep,16,16,0.0,5.2850215625,1.71875,5.3517965625,1.0,0.0,1.0,1.0,1.0
epsilon_exp3,stage5,fast,fast,9,9,0.0,3.403097777777778,0.5,3.460997777777778,1.0,0.4444444444444444,1.0,1.0,1.0
risky_ps,ALL,deep,deep,256,74,2.66015625,5.3877235546875,0.912109375,8.1186977734375,0.828125,0.21875,0.73828125,0.828125,0.73828125
risky_ps,ALL,deep,fast,44,32,7.431818181818182,5.955164772727272,2.9204545454545454,13.452351136363637,0.45454545454545453,0.0,0.4318181818181818,0.45454545454545453,0.4318181818181818
risky_ps,ALL,fast,deep,147,74,1.2244897959183674,5.879976666666667,1.8979591836734695,7.174885510204081,0.9183673469387755,0.0,0.891156462585034,0.9183673469387755,0.891156462585034
risky_ps,ALL,fast,fast,53,41,1.3584905660377358,4.781137264150943,1.0660377358490567,6.207803301886792,0.9056603773584906,0.2641509433962264,0.8679245283018868,0.9056603773584906,0.8679245283018868
risky_ps,stage1,fast,deep,64,64,2.8125,5.8107042968750005,1.59375,8.693268359375,0.8125,0.0,0.75,0.8125,0.75
risky_ps,stage1,fast,fast,36,36,2.0,4.997866388888889,1.0416666666666667,7.067588611111111,0.8611111111111112,0.3888888888888889,0.8055555555555556,0.8611111111111112,0.8055555555555556
risky_ps,stage2,deep,deep,53,53,1.4528301886792452,5.305662358490566,0.660377358490566,6.8294661320754715,0.9433962264150944,0.2641509433962264,0.8301886792452831,0.9433962264150944,0.8301886792452831
risky_ps,stage2,deep,fast,22,22,7.954545454545454,5.869137045454545,2.522727272727273,13.891400681818181,0.36363636363636365,0.0,0.36363636363636365,0.36363636363636365,0.36363636363636365
risky_ps,stage2,fast,deep,18,18,0.0,5.950638888888889,2.138888888888889,6.020877777777778,1.0,0.0,1.0,1.0,1.0
risky_ps,stage2,fast,fast,7,7,0.0,4.910806428571428,1.5,4.979149285714286,1.0,0.0,1.0,1.0,1.0
risky_ps,stage3,deep,deep,67,67,3.1940298507462686,5.464433955223881,0.9776119402985075,8.729310074626866,0.7910447761194029,0.208955223880597,0.7014925373134329,0.7910447761194029,0.7014925373134329
risky_ps,stage3,deep,fast,8,8,4.75,5.525505625,3.125,10.338593125,0.625,0.0,0.625,0.625,0.625
risky_ps,stage3,fast,deep,22,22,0.0,5.826585681818182,2.090909090909091,5.897090227272727,1.0,0.0,1.0,1.0,1.0
risky_ps,stage3,fast,fast,3,3,0.0,4.4340866666666665,1.0,4.497953333333333,1.0,0.0,1.0,1.0,1.0
risky_ps,stage4,deep,deep,71,71,2.8732394366197185,5.398826549295775,1.0211267605633803,8.342646267605634,0.8028169014084507,0.19718309859154928,0.7183098591549296,0.8028169014084507,0.7183098591549296
risky_ps,stage4,deep,fast,4,4,12.0,6.75110875,4.5,18.81115875,0.25,0.0,0.25,0.25,0.25
risky_ps,stage4,fast,deep,22,22,0.0,5.954606363636364,2.1363636363636362,6.025433636363636,1.0,0.0,1.0,1.0,1.0
risky_ps,stage4,fast,fast,3,3,0.0,3.495268333333333,0.6666666666666666,3.5567683333333333,1.0,0.0,1.0,1.0,1.0
risky_ps,stage5,deep,deep,65,65,2.8615384615384616,5.363436384615385,0.9307692307692308,8.295896384615384,0.8,0.2153846153846154,0.7230769230769231,0.8,0.7230769230769231
risky_ps,stage5,deep,fast,10,10,6.6,6.1697755,3.0,12.8339255,0.6,0.0,0.5,0.6,0.5
risky_ps,stage5,fast,deep,21,21,0.0,6.008274761904762,2.1666666666666665,6.079412857142857,1.0,0.0,1.0,1.0,1.0
risky_ps,stage5,fast,fast,4,4,0.0,3.82834375,0.875,3.89054375,1.0,0.0,1.0,1.0,1.0
