setting,setting_group,variant,depth,branching,risky_depth,safe_suffix_length,topology,sharing_scheme,tree_spec_cost_mode,trap_switch_denominator,trap_switch_episode,cyclic_switch_count,cyclic_switch_episodes,seed,method,method_label,eta,eta_shared,gamma_shared,epsilon,shared_estimator_variant_actual,shared_denominator_mode_actual,policy_actual_params,direct_eta,common_eta_override,common_epsilon_override,direct_eta_override,horizon,cumulative_cost,oracle_cumulative_cost,regret,regret_per_t,average_cost,overall_avg_total_cost,tail20_avg_total_cost,post_switch_avg_regret,tail_window_avg_cost,tail_window_size,post_switch_start_episode,post_switch_episode_count,exact_best_path_hit_rate,trap_basin_fraction,target_subtree_fraction,target_good_fraction,target_bad_fraction,decoy_branch_fraction,balancing_decoy_fraction,calibrated_decoy_fraction,candidate_corridor_fraction,candidate_safe_subtree_fraction,near_best_good_fraction,near_best_family_fraction,broad_safe_basin_fraction,ordinary_safe_basin_fraction,safe_basin_fraction,ps_favored_exact_best_hit_rate,first_episode_best_hit,first_selected_path,shared_path_fraction,shared_update_count,risky_update_count,final_cumulative_shared_update_count,shared_estimator_variant,shared_denominator_mode,shared_leaf_global_prob_mean,shared_leaf_global_prob_min,shared_leaf_global_prob_max,shared_leaf_conditional_prob_mean,shared_leaf_conditional_prob_min,shared_leaf_conditional_prob_max,shared_leaf_estimated_loss_mean,shared_leaf_estimated_loss_max,shared_leaf_observed_loss_mean,shared_leaf_observed_loss_max,safe_subtree_root_counts,true_best_leaf,true_best_cost,oracle_family_label,oracle_latent_roles,num_paths,expected_full_num_paths,full_branching,cost_noise,specialist_context_fraction
shared_basin_strong_4of5_prefix_dedup,external_tree,shared_basin_strong_4of5_prefix_dedup,5,5,,,external_tree_spec,external_tree_spec,ps_favored_trap_v11_cyclic_baited,3,166,5,"[166, 333, 500, 666, 833]",0,risky_ps_safe_conditional,risky_ps_safe_conditional,0.2,0.05,,0.01,safe_conditional,safe_subtree_conditional_prob,"{'eta': 0.2, 'eta_shared': 0.05, 'gamma_shared': None, 'epsilon': 0.01, 'shared_estimator_variant': 'safe_conditional', 'shared_denominator_mode': 'safe_subtree_conditional_prob', 'policy_kwargs': {'eta': 0.2, 'epsilon': 0.01}}",0.2,0.2,0.01,,1000,106.0,12.568632711238047,93.43136728876195,0.09343136728876195,0.106,0.106,0.05,0.08489320917071068,0.05,20,167,834,0.763,0.024,0.865,0.77,0.095,0.071,0.014,0.014,0.865,0.865,0.77,0.77,0.892,0.027,0.892,0.001,0,"['stage1_n4__from__root__c04', 'stage2_n2__from__n0004__c02', 'stage3_n3__from__n0016__c02', 'stage4_n3__from__n0053__c02', 'stage5_n2__from__n0147__c02']",0.993,4835,2230,4835,safe_conditional,safe_subtree_conditional_prob,0.7192239876086363,1.122812295522225e-06,0.9963762557906499,0.7853576771168973,1.122812295522225e-06,0.9992828362045802,909.8030284856171,890620.8134592039,0.0,,"{'stage1_n4__from__root__c04/stage2_n2__from__n0004__c02/stage3_n3__from__n0016__c02': 1, 'stage1_n3__from__root__c03/stage2_n2__from__n0003__c02/stage3_n5__from__n0013__c04/stage4_n3__from__n0046__c02': 1, 'stage1_n5__from__root__c05/stage2_n3__from__n0005__c01/stage3_n5__from__n0020__c03/stage4_n3__from__n0067__c02': 1, '': 22, 'stage1_n2__from__root__c02/stage2_n3__from__n0002__c03/stage3_n4__from__n0011__c02/stage4_n2__from__n0039__c01': 1, 'stage1_n1__from__root__c01/stage2_n1__from__n0001__c01': 848, 'stage1_n2__from__root__c02/stage2_n2__from__n0002__c02/stage3_n3__from__n0010__c02': 2, 'stage1_n1__from__root__c01/stage2_n2__from__n0001__c02/stage3_n2__from__n0007__c01': 19, 'stage1_n4__from__root__c04/stage2_n5__from__n0004__c05/stage3_n4__from__n0019__c02/stage4_n3__from__n0063__c02': 1, 'stage1_n2__from__root__c02/stage2_n2__from__n0002__c02/stage3_n2__from__n0010__c01': 3, 'stage1_n3__from__root__c03/stage2_n2__from__n0003__c02/stage3_n2__from__n0013__c01': 5, 'stage1_n1__from__root__c01/stage2_n3__from__n0001__c03/stage3_n3__from__n0008__c01': 3, 'stage1_n3__from__root__c03/stage2_n2__from__n0003__c02/stage3_n4__from__n0013__c03/stage4_n2__from__n0045__c01': 2, 'stage1_n2__from__root__c02/stage2_n1__from__n0002__c01': 7, 'stage1_n2__from__root__c02/stage2_n2__from__n0002__c02/stage3_n4__from__n0010__c03/stage4_n3__from__n0036__c02': 1, 'stage1_n2__from__root__c02/stage2_n3__from__n0002__c03/stage3_n4__from__n0011__c02/stage4_n3__from__n0039__c02': 1, 'stage1_n2__from__root__c02/stage2_n3__from__n0002__c03/stage3_n5__from__n0011__c03/stage4_n3__from__n0040__c02': 1, 'stage1_n4__from__root__c04/stage2_n1__from__n0004__c01': 3, 'stage1_n5__from__root__c05/stage2_n4__from__n0005__c02/stage3_n3__from__n0021__c01': 1, 'stage1_n4__from__root__c04/stage2_n4__from__n0004__c04/stage3_n4__from__n0018__c02/stage4_n3__from__n0060__c02': 2, 'stage1_n4__from__root__c04/stage2_n3__from__n0004__c03/stage3_n3__from__n0017__c01': 2, 'stage1_n1__from__root__c01/stage2_n2__from__n0001__c02/stage3_n4__from__n0007__c03/stage4_n2__from__n0027__c01': 1, 'stage1_n4__from__root__c04/stage2_n3__from__n0004__c03/stage3_n5__from__n0017__c03/stage4_n3__from__n0058__c02': 1, 'stage1_n4__from__root__c04/stage2_n3__from__n0004__c03/stage3_n4__from__n0017__c02/stage4_n2__from__n0057__c01': 1, 'stage1_n1__from__root__c01/stage2_n2__from__n0001__c02/stage3_n3__from__n0007__c02': 16, 'stage1_n4__from__root__c04/stage2_n5__from__n0004__c05/stage3_n5__from__n0019__c03/stage4_n3__from__n0064__c02': 3, 'stage1_n4__from__root__c04/stage2_n4__from__n0004__c04/stage3_n5__from__n0018__c03/stage4_n3__from__n0061__c02': 2, 'stage1_n1__from__root__c01/stage2_n2__from__n0001__c02/stage3_n4__from__n0007__c03/stage4_n3__from__n0027__c02': 2, 'stage1_n3__from__root__c03/stage2_n1__from__n0003__c01': 7, 'stage1_n4__from__root__c04/stage2_n4__from__n0004__c04/stage3_n5__from__n0018__c03/stage4_n2__from__n0061__c01': 1, 'stage1_n1__from__root__c01/stage2_n3__from__n0001__c03/stage3_n4__from__n0008__c02/stage4_n3__from__n0030__c02': 1, 'stage1_n1__from__root__c01/stage2_n2__from__n0001__c02/stage3_n5__from__n0007__c04/stage4_n2__from__n0028__c01': 2, 'stage1_n2__from__root__c02/stage2_n3__from__n0002__c03/stage3_n3__from__n0011__c01': 2, 'stage1_n4__from__root__c04/stage2_n5__from__n0004__c05/stage3_n5__from__n0019__c03/stage4_n2__from__n0064__c01': 1, 'stage1_n4__from__root__c04/stage2_n4__from__n0004__c04/stage3_n3__from__n0018__c01': 3, 'stage1_n1__from__root__c01/stage2_n2__from__n0001__c02/stage3_n5__from__n0007__c04/stage4_n3__from__n0028__c02': 1, 'stage1_n3__from__root__c03/stage2_n2__from__n0003__c02/stage3_n4__from__n0013__c03/stage4_n3__from__n0045__c02': 1, 'stage1_n4__from__root__c04/stage2_n5__from__n0004__c05/stage3_n3__from__n0019__c01': 4, 'stage1_n3__from__root__c03/stage2_n3__from__n0003__c03/stage3_n3__from__n0014__c01': 4, 'stage1_n4__from__root__c04/stage2_n5__from__n0004__c05/stage3_n4__from__n0019__c02/stage4_n2__from__n0063__c01': 1, 'stage1_n3__from__root__c03/stage2_n2__from__n0003__c02/stage3_n3__from__n0013__c02': 2, 'stage1_n1__from__root__c01/stage2_n3__from__n0001__c03/stage3_n5__from__n0008__c03/stage4_n2__from__n0031__c01': 1, 'stage1_n5__from__root__c05/stage2_n3__from__n0005__c01/stage3_n3__from__n0020__c01': 1, 'stage1_n5__from__root__c05/stage2_n4__from__n0005__c02/stage3_n4__from__n0021__c02/stage4_n2__from__n0069__c01': 2, 'stage1_n5__from__root__c05/stage2_n3__from__n0005__c01/stage3_n4__from__n0020__c02/stage4_n2__from__n0066__c01': 1, 'stage1_n1__from__root__c01/stage2_n3__from__n0001__c03/stage3_n5__from__n0008__c03/stage4_n3__from__n0031__c02': 1, 'stage1_n5__from__root__c05/stage2_n5__from__n0005__c03/stage3_n3__from__n0022__c01': 1, 'stage1_n1__from__root__c01/stage2_n3__from__n0001__c03/stage3_n4__from__n0008__c02/stage4_n2__from__n0030__c01': 1, 'stage1_n5__from__root__c05/stage2_n4__from__n0005__c02/stage3_n5__from__n0021__c03/stage4_n3__from__n0070__c02': 1, 'stage1_n2__from__root__c02/stage2_n2__from__n0002__c02/stage3_n5__from__n0010__c04/stage4_n2__from__n0037__c01': 1}","['stage1_n1__from__root__c01', 'stage2_n1__from__n0001__c01', 'stage3_n1__from__n0006__c01', 'stage4_n1__from__n0023__c01', 'stage5_n2__from__n0074__c02']",0.012568632711238047,ps_favored_v11_target_good_cyclic_target_phase,"['stage1_n1__from__root__c01', 'stage2_n1__from__n0001__c01', 'stage3_n1__from__n0006__c01', 'stage4_n1__from__n0023__c01', 'stage5_n2__from__n0074__c02']",440,3125,False,0.02,0.15
shared_basin_strong_4of5_prefix_dedup,external_tree,shared_basin_strong_4of5_prefix_dedup,5,5,,,external_tree_spec,external_tree_spec,ps_favored_trap_v11_cyclic_baited,3,166,5,"[166, 333, 500, 666, 833]",0,risky_ps_ix,risky_ps_ix,0.2,0.05,0.005,0.01,exp3_ix,path_prob_plus_gamma,"{'eta': 0.2, 'eta_shared': 0.05, 'gamma_shared': 0.005, 'epsilon': 0.01, 'shared_estimator_variant': 'exp3_ix', 'shared_denominator_mode': 'path_prob_plus_gamma', 'policy_kwargs': {'eta': 0.2, 'epsilon': 0.01}}",0.2,0.2,0.01,,1000,110.0,12.568632711238047,97.43136728876195,0.09743136728876195,0.11,0.11,0.15,0.09208745377502724,0.15,20,167,834,0.725,0.024,0.842,0.749,0.093,0.085,0.016,0.016,0.842,0.842,0.749,0.749,0.868,0.026,0.868,0.01,0,"['stage1_n4__from__root__c04', 'stage2_n2__from__n0004__c02', 'stage3_n3__from__n0016__c02', 'stage4_n3__from__n0053__c02', 'stage5_n2__from__n0147__c02']",0.992,4811,2262,4811,exp3_ix,,0.0,,,0.0,,,6.298874640226508,188.2217817754503,0.0,,{},"['stage1_n1__from__root__c01', 'stage2_n1__from__n0001__c01', 'stage3_n1__from__n0006__c01', 'stage4_n1__from__n0023__c01', 'stage5_n2__from__n0074__c02']",0.012568632711238047,ps_favored_v11_target_good_cyclic_target_phase,"['stage1_n1__from__root__c01', 'stage2_n1__from__n0001__c01', 'stage3_n1__from__n0006__c01', 'stage4_n1__from__n0023__c01', 'stage5_n2__from__n0074__c02']",440,3125,False,0.02,0.15
shared_basin_strong_4of5_prefix_dedup,external_tree,shared_basin_strong_4of5_prefix_dedup,5,5,,,external_tree_spec,external_tree_spec,ps_favored_trap_v11_cyclic_baited,3,166,5,"[166, 333, 500, 666, 833]",0,risky_ps_old,risky_ps_old,0.2,0.2,,0.01,path_importance_weighted,path_prob,"{'eta': 0.2, 'eta_shared': 0.2, 'gamma_shared': None, 'epsilon': 0.01, 'shared_estimator_variant': 'path_importance_weighted', 'shared_denominator_mode': 'path_prob', 'policy_kwargs': {'eta': 0.2, 'epsilon': 0.01}}",0.2,0.2,0.01,,1000,71.0,12.568632711238047,58.431367288761955,0.05843136728876196,0.071,0.071,0.05,0.045324863846969675,0.05,20,167,834,0.784,0.025,0.88,0.812,0.068,0.066,0.015,0.015,0.88,0.88,0.812,0.812,0.901,0.021,0.901,0.014,0,"['stage1_n4__from__root__c04', 'stage2_n2__from__n0004__c02', 'stage3_n3__from__n0016__c02', 'stage4_n3__from__n0053__c02', 'stage5_n2__from__n0147__c02']",0.993,4858,2202,4858,,,0.0,,,0.0,,,57.56927395843399,14255.371056344798,0.0,,{},"['stage1_n1__from__root__c01', 'stage2_n1__from__n0001__c01', 'stage3_n1__from__n0006__c01', 'stage4_n1__from__n0023__c01', 'stage5_n2__from__n0074__c02']",0.012568632711238047,ps_favored_v11_target_good_cyclic_target_phase,"['stage1_n1__from__root__c01', 'stage2_n1__from__n0001__c01', 'stage3_n1__from__n0006__c01', 'stage4_n1__from__n0023__c01', 'stage5_n2__from__n0074__c02']",440,3125,False,0.02,0.15
shared_basin_strong_4of5_prefix_dedup,external_tree,shared_basin_strong_4of5_prefix_dedup,5,5,,,external_tree_spec,external_tree_spec,ps_favored_trap_v11_cyclic_baited,3,166,5,"[166, 333, 500, 666, 833]",0,risky_ps_linear,risky_ps_linear,0.2,0.05,,0.01,,,"{'eta': 0.2, 'eta_shared': 0.05, 'gamma_shared': None, 'epsilon': 0.01, 'shared_estimator_variant': None, 'shared_denominator_mode': None, 'policy_kwargs': {'eta': 0.2, 'epsilon': 0.01}}",0.2,0.2,0.01,,1000,71.0,12.568632711238047,58.431367288761955,0.05843136728876196,0.071,0.071,0.05,0.045324863846969675,0.05,20,167,834,0.792,0.025,0.876,0.807,0.069,0.066,0.013,0.013,0.876,0.876,0.807,0.807,0.902,0.026,0.902,0.006,0,"['stage1_n4__from__root__c04', 'stage2_n2__from__n0004__c02', 'stage3_n3__from__n0016__c02', 'stage4_n3__from__n0053__c02', 'stage5_n2__from__n0147__c02']",0.994,4844,2209,4844,,,0.0,,,0.0,,,132.61773787529177,83399.94926959532,0.0,,{},"['stage1_n1__from__root__c01', 'stage2_n1__from__n0001__c01', 'stage3_n1__from__n0006__c01', 'stage4_n1__from__n0023__c01', 'stage5_n2__from__n0074__c02']",0.012568632711238047,ps_favored_v11_target_good_cyclic_target_phase,"['stage1_n1__from__root__c01', 'stage2_n1__from__n0001__c01', 'stage3_n1__from__n0006__c01', 'stage4_n1__from__n0023__c01', 'stage5_n2__from__n0074__c02']",440,3125,False,0.02,0.15
shared_basin_strong_4of5_prefix_dedup,external_tree,shared_basin_strong_4of5_prefix_dedup,5,5,,,external_tree_spec,external_tree_spec,ps_favored_trap_v11_cyclic_baited,3,166,5,"[166, 333, 500, 666, 833]",0,risky_ps,risky_ps,0.2,0.05,,0.01,path_importance_weighted,path_prob,"{'eta': 0.2, 'eta_shared': 0.05, 'gamma_shared': None, 'epsilon': 0.01, 'shared_estimator_variant': 'path_importance_weighted', 'shared_denominator_mode': 'path_prob', 'policy_kwargs': {'eta': 0.2, 'epsilon': 0.01}}",0.2,0.2,0.01,,1000,97.0,12.568632711238047,84.43136728876195,0.08443136728876195,0.097,0.097,0.05,0.07649992379900805,0.05,20,167,834,0.751,0.025,0.861,0.771,0.09,0.068,0.014,0.014,0.861,0.861,0.771,0.771,0.884,0.023,0.884,0.005,0,"['stage1_n4__from__root__c04', 'stage2_n2__from__n0004__c02', 'stage3_n3__from__n0016__c02', 'stage4_n3__from__n0053__c02', 'stage5_n2__from__n0147__c02']",0.993,4827,2230,4827,,,0.0,,,0.0,,,26.312153872837882,4377.493350473572,0.0,,{},"['stage1_n1__from__root__c01', 'stage2_n1__from__n0001__c01', 'stage3_n1__from__n0006__c01', 'stage4_n1__from__n0023__c01', 'stage5_n2__from__n0074__c02']",0.012568632711238047,ps_favored_v11_target_good_cyclic_target_phase,"['stage1_n1__from__root__c01', 'stage2_n1__from__n0001__c01', 'stage3_n1__from__n0006__c01', 'stage4_n1__from__n0023__c01', 'stage5_n2__from__n0074__c02']",440,3125,False,0.02,0.15
shared_basin_strong_4of5_prefix_dedup,external_tree,shared_basin_strong_4of5_prefix_dedup,5,5,,,external_tree_spec,external_tree_spec,ps_favored_trap_v11_cyclic_baited,3,166,5,"[166, 333, 500, 666, 833]",0,risky_ps_direct_cost,risky_ps_direct_cost,0.2,0.05,,0.01,direct_cost,none_observed_cost,"{'eta': 0.2, 'eta_shared': 0.05, 'gamma_shared': None, 'epsilon': 0.01, 'shared_estimator_variant': 'direct_cost', 'shared_denominator_mode': 'none_observed_cost', 'policy_kwargs': {'eta': 0.2, 'epsilon': 0.01}}",0.2,0.2,0.01,,1000,354.0,12.568632711238047,341.431367288762,0.341431367288762,0.354,0.354,0.15,0.38225531948246133,0.15,20,167,834,0.056,0.032,0.578,0.361,0.217,0.278,0.213,0.213,0.578,0.578,0.361,0.361,0.61,0.032,0.61,0.149,0,"['stage1_n4__from__root__c04', 'stage2_n2__from__n0004__c02', 'stage3_n3__from__n0016__c02', 'stage4_n3__from__n0053__c02', 'stage5_n2__from__n0147__c02']",0.978,4572,2667,4572,direct_cost,none_observed_cost,0.17762631413838822,1.122812295522225e-06,0.44733189947624347,0.0,,,0.3425357873210634,1.0,0.3425357873210634,1.0,{},"['stage1_n1__from__root__c01', 'stage2_n1__from__n0001__c01', 'stage3_n1__from__n0006__c01', 'stage4_n1__from__n0023__c01', 'stage5_n2__from__n0074__c02']",0.012568632711238047,ps_favored_v11_target_good_cyclic_target_phase,"['stage1_n1__from__root__c01', 'stage2_n1__from__n0001__c01', 'stage3_n1__from__n0006__c01', 'stage4_n1__from__n0023__c01', 'stage5_n2__from__n0074__c02']",440,3125,False,0.02,0.15
shared_basin_strong_4of5_prefix_dedup,external_tree,shared_basin_strong_4of5_prefix_dedup,5,5,,,external_tree_spec,external_tree_spec,ps_favored_trap_v11_cyclic_baited,3,166,5,"[166, 333, 500, 666, 833]",0,risky_ps_safe_conditional_ix,risky_ps_safe_conditional_ix,0.2,0.05,0.0005,0.01,safe_conditional_ix,safe_subtree_conditional_prob_plus_gamma,"{'eta': 0.2, 'eta_shared': 0.05, 'gamma_shared': 0.0005, 'epsilon': 0.01, 'shared_estimator_variant': 'safe_conditional_ix', 'shared_denominator_mode': 'safe_subtree_conditional_prob_plus_gamma', 'policy_kwargs': {'eta': 0.2, 'epsilon': 0.01}}",0.2,0.2,0.01,,1000,106.0,12.568632711238047,93.43136728876195,0.09343136728876195,0.106,0.106,0.05,0.08489320917071068,0.05,20,167,834,0.763,0.024,0.865,0.77,0.095,0.071,0.014,0.014,0.865,0.865,0.77,0.77,0.892,0.027,0.892,0.001,0,"['stage1_n4__from__root__c04', 'stage2_n2__from__n0004__c02', 'stage3_n3__from__n0016__c02', 'stage4_n3__from__n0053__c02', 'stage5_n2__from__n0147__c02']",0.993,4835,2230,4835,safe_conditional_ix,safe_subtree_conditional_prob_plus_gamma,0.71865401749034,1.122812295522225e-06,0.9960330046708641,0.7847510149495451,1.122812295522225e-06,0.9989385837693013,8.270471586772407,1995.5188138796602,0.0,,"{'stage1_n4__from__root__c04/stage2_n2__from__n0004__c02/stage3_n3__from__n0016__c02': 1, 'stage1_n3__from__root__c03/stage2_n2__from__n0003__c02/stage3_n5__from__n0013__c04/stage4_n3__from__n0046__c02': 1, 'stage1_n5__from__root__c05/stage2_n3__from__n0005__c01/stage3_n5__from__n0020__c03/stage4_n3__from__n0067__c02': 1, '': 22, 'stage1_n2__from__root__c02/stage2_n3__from__n0002__c03/stage3_n4__from__n0011__c02/stage4_n2__from__n0039__c01': 1, 'stage1_n1__from__root__c01/stage2_n1__from__n0001__c01': 848, 'stage1_n2__from__root__c02/stage2_n2__from__n0002__c02/stage3_n3__from__n0010__c02': 2, 'stage1_n1__from__root__c01/stage2_n2__from__n0001__c02/stage3_n2__from__n0007__c01': 19, 'stage1_n4__from__root__c04/stage2_n5__from__n0004__c05/stage3_n4__from__n0019__c02/stage4_n3__from__n0063__c02': 1, 'stage1_n2__from__root__c02/stage2_n2__from__n0002__c02/stage3_n2__from__n0010__c01': 3, 'stage1_n3__from__root__c03/stage2_n2__from__n0003__c02/stage3_n2__from__n0013__c01': 5, 'stage1_n1__from__root__c01/stage2_n3__from__n0001__c03/stage3_n3__from__n0008__c01': 3, 'stage1_n3__from__root__c03/stage2_n2__from__n0003__c02/stage3_n4__from__n0013__c03/stage4_n2__from__n0045__c01': 2, 'stage1_n2__from__root__c02/stage2_n1__from__n0002__c01': 7, 'stage1_n2__from__root__c02/stage2_n2__from__n0002__c02/stage3_n4__from__n0010__c03/stage4_n3__from__n0036__c02': 1, 'stage1_n2__from__root__c02/stage2_n3__from__n0002__c03/stage3_n4__from__n0011__c02/stage4_n3__from__n0039__c02': 1, 'stage1_n2__from__root__c02/stage2_n3__from__n0002__c03/stage3_n5__from__n0011__c03/stage4_n3__from__n0040__c02': 1, 'stage1_n4__from__root__c04/stage2_n1__from__n0004__c01': 3, 'stage1_n5__from__root__c05/stage2_n4__from__n0005__c02/stage3_n3__from__n0021__c01': 1, 'stage1_n4__from__root__c04/stage2_n4__from__n0004__c04/stage3_n4__from__n0018__c02/stage4_n3__from__n0060__c02': 2, 'stage1_n4__from__root__c04/stage2_n3__from__n0004__c03/stage3_n3__from__n0017__c01': 2, 'stage1_n1__from__root__c01/stage2_n2__from__n0001__c02/stage3_n4__from__n0007__c03/stage4_n2__from__n0027__c01': 1, 'stage1_n4__from__root__c04/stage2_n3__from__n0004__c03/stage3_n5__from__n0017__c03/stage4_n3__from__n0058__c02': 1, 'stage1_n4__from__root__c04/stage2_n3__from__n0004__c03/stage3_n4__from__n0017__c02/stage4_n2__from__n0057__c01': 1, 'stage1_n1__from__root__c01/stage2_n2__from__n0001__c02/stage3_n3__from__n0007__c02': 16, 'stage1_n4__from__root__c04/stage2_n5__from__n0004__c05/stage3_n5__from__n0019__c03/stage4_n3__from__n0064__c02': 3, 'stage1_n4__from__root__c04/stage2_n4__from__n0004__c04/stage3_n5__from__n0018__c03/stage4_n3__from__n0061__c02': 2, 'stage1_n1__from__root__c01/stage2_n2__from__n0001__c02/stage3_n4__from__n0007__c03/stage4_n3__from__n0027__c02': 2, 'stage1_n3__from__root__c03/stage2_n1__from__n0003__c01': 7, 'stage1_n4__from__root__c04/stage2_n4__from__n0004__c04/stage3_n5__from__n0018__c03/stage4_n2__from__n0061__c01': 1, 'stage1_n1__from__root__c01/stage2_n3__from__n0001__c03/stage3_n4__from__n0008__c02/stage4_n3__from__n0030__c02': 1, 'stage1_n1__from__root__c01/stage2_n2__from__n0001__c02/stage3_n5__from__n0007__c04/stage4_n2__from__n0028__c01': 2, 'stage1_n2__from__root__c02/stage2_n3__from__n0002__c03/stage3_n3__from__n0011__c01': 2, 'stage1_n4__from__root__c04/stage2_n5__from__n0004__c05/stage3_n5__from__n0019__c03/stage4_n2__from__n0064__c01': 1, 'stage1_n4__from__root__c04/stage2_n4__from__n0004__c04/stage3_n3__from__n0018__c01': 3, 'stage1_n1__from__root__c01/stage2_n2__from__n0001__c02/stage3_n5__from__n0007__c04/stage4_n3__from__n0028__c02': 1, 'stage1_n3__from__root__c03/stage2_n2__from__n0003__c02/stage3_n4__from__n0013__c03/stage4_n3__from__n0045__c02': 1, 'stage1_n4__from__root__c04/stage2_n5__from__n0004__c05/stage3_n3__from__n0019__c01': 4, 'stage1_n3__from__root__c03/stage2_n3__from__n0003__c03/stage3_n3__from__n0014__c01': 4, 'stage1_n4__from__root__c04/stage2_n5__from__n0004__c05/stage3_n4__from__n0019__c02/stage4_n2__from__n0063__c01': 1, 'stage1_n3__from__root__c03/stage2_n2__from__n0003__c02/stage3_n3__from__n0013__c02': 2, 'stage1_n1__from__root__c01/stage2_n3__from__n0001__c03/stage3_n5__from__n0008__c03/stage4_n2__from__n0031__c01': 1, 'stage1_n5__from__root__c05/stage2_n3__from__n0005__c01/stage3_n3__from__n0020__c01': 1, 'stage1_n5__from__root__c05/stage2_n4__from__n0005__c02/stage3_n4__from__n0021__c02/stage4_n2__from__n0069__c01': 2, 'stage1_n5__from__root__c05/stage2_n3__from__n0005__c01/stage3_n4__from__n0020__c02/stage4_n2__from__n0066__c01': 1, 'stage1_n1__from__root__c01/stage2_n3__from__n0001__c03/stage3_n5__from__n0008__c03/stage4_n3__from__n0031__c02': 1, 'stage1_n5__from__root__c05/stage2_n5__from__n0005__c03/stage3_n3__from__n0022__c01': 1, 'stage1_n1__from__root__c01/stage2_n3__from__n0001__c03/stage3_n4__from__n0008__c02/stage4_n2__from__n0030__c01': 1, 'stage1_n5__from__root__c05/stage2_n4__from__n0005__c02/stage3_n5__from__n0021__c03/stage4_n3__from__n0070__c02': 1, 'stage1_n2__from__root__c02/stage2_n2__from__n0002__c02/stage3_n5__from__n0010__c04/stage4_n2__from__n0037__c01': 1}","['stage1_n1__from__root__c01', 'stage2_n1__from__n0001__c01', 'stage3_n1__from__n0006__c01', 'stage4_n1__from__n0023__c01', 'stage5_n2__from__n0074__c02']",0.012568632711238047,ps_favored_v11_target_good_cyclic_target_phase,"['stage1_n1__from__root__c01', 'stage2_n1__from__n0001__c01', 'stage3_n1__from__n0006__c01', 'stage4_n1__from__n0023__c01', 'stage5_n2__from__n0074__c02']",440,3125,False,0.02,0.15
shared_basin_strong_4of5_prefix_dedup,external_tree,shared_basin_strong_4of5_prefix_dedup,5,5,,,external_tree_spec,external_tree_spec,ps_favored_trap_v11_cyclic_baited,3,166,5,"[166, 333, 500, 666, 833]",0,direct_multistage_exp3,direct_multistage_exp3,0.2,,,0.0,,,"{'eta': 0.2, 'eta_shared': None, 'gamma_shared': None, 'epsilon': 0.0, 'shared_estimator_variant': None, 'shared_denominator_mode': None, 'policy_kwargs': {'eta': 0.2}}",0.2,0.2,,,1000,70.0,12.568632711238047,57.431367288761955,0.057431367288761956,0.07,0.07,0.05,0.026140211568792218,0.05,20,167,834,0.807,0.053,0.874,0.813,0.061,0.044,0.023,0.023,0.874,0.874,0.813,0.813,0.876,0.002,0.876,0.001,0,"['stage1_n5__from__root__c05', 'stage2_n5__from__n0005__c03', 'stage3_n4__from__n0022__c02', 'stage4_n3__from__n0072__c02', 'stage5_n3__from__n0209__c03']",0.987,0,5000,0,,,0.0,,,0.0,,,0.0,,0.0,,{},"['stage1_n1__from__root__c01', 'stage2_n1__from__n0001__c01', 'stage3_n1__from__n0006__c01', 'stage4_n1__from__n0023__c01', 'stage5_n2__from__n0074__c02']",0.012568632711238047,ps_favored_v11_target_good_cyclic_target_phase,"['stage1_n1__from__root__c01', 'stage2_n1__from__n0001__c01', 'stage3_n1__from__n0006__c01', 'stage4_n1__from__n0023__c01', 'stage5_n2__from__n0074__c02']",440,3125,False,0.02,0.15
shared_basin_strong_4of5_prefix_dedup,external_tree,shared_basin_strong_4of5_prefix_dedup,5,5,,,external_tree_spec,external_tree_spec,ps_favored_trap_v11_cyclic_baited,3,166,5,"[166, 333, 500, 666, 833]",0,direct_multistage_exp3_local,direct_multistage_exp3_local,0.2,,,0.0,,,"{'eta': 0.2, 'eta_shared': None, 'gamma_shared': None, 'epsilon': 0.0, 'shared_estimator_variant': None, 'shared_denominator_mode': None, 'policy_kwargs': {'eta': 0.2}}",0.2,0.2,,,1000,116.0,12.568632711238047,103.43136728876195,0.10343136728876194,0.116,0.116,0.05,0.053718149218672316,0.05,20,167,834,0.783,0.008,0.863,0.803,0.06,0.086,0.033,0.033,0.863,0.863,0.803,0.803,0.884,0.021,0.884,0.007,0,"['stage1_n5__from__root__c05', 'stage2_n5__from__n0005__c03', 'stage3_n4__from__n0022__c02', 'stage4_n3__from__n0072__c02', 'stage5_n3__from__n0209__c03']",0.988,0,5000,0,,,0.0,,,0.0,,,0.0,,0.0,,{},"['stage1_n1__from__root__c01', 'stage2_n1__from__n0001__c01', 'stage3_n1__from__n0006__c01', 'stage4_n1__from__n0023__c01', 'stage5_n2__from__n0074__c02']",0.012568632711238047,ps_favored_v11_target_good_cyclic_target_phase,"['stage1_n1__from__root__c01', 'stage2_n1__from__n0001__c01', 'stage3_n1__from__n0006__c01', 'stage4_n1__from__n0023__c01', 'stage5_n2__from__n0074__c02']",440,3125,False,0.02,0.15
shared_basin_strong_4of5_prefix_dedup,external_tree,shared_basin_strong_4of5_prefix_dedup,5,5,,,external_tree_spec,external_tree_spec,ps_favored_trap_v11_cyclic_baited,3,166,5,"[166, 333, 500, 666, 833]",0,epsilon_exp3,epsilon_exp3,0.2,,,0.01,,,"{'eta': 0.2, 'eta_shared': None, 'gamma_shared': None, 'epsilon': 0.01, 'shared_estimator_variant': None, 'shared_denominator_mode': None, 'policy_kwargs': {'eta': 0.2, 'epsilon': 0.01}}",0.2,0.2,0.01,,1000,76.0,12.568632711238047,63.431367288761955,0.06343136728876196,0.076,0.076,0.15,0.051320067683900135,0.15,20,167,834,0.801,0.044,0.892,0.804,0.088,0.034,0.003,0.003,0.892,0.892,0.804,0.804,0.899,0.007,0.899,0.001,0,"['stage1_n4__from__root__c04', 'stage2_n2__from__n0004__c02', 'stage3_n3__from__n0016__c02', 'stage4_n2__from__n0053__c01', 'stage5_n2__from__n0146__c02']",0.993,0,5000,0,,,0.0,,,0.0,,,0.0,,0.0,,{},"['stage1_n1__from__root__c01', 'stage2_n1__from__n0001__c01', 'stage3_n1__from__n0006__c01', 'stage4_n1__from__n0023__c01', 'stage5_n2__from__n0074__c02']",0.012568632711238047,ps_favored_v11_target_good_cyclic_target_phase,"['stage1_n1__from__root__c01', 'stage2_n1__from__n0001__c01', 'stage3_n1__from__n0006__c01', 'stage4_n1__from__n0023__c01', 'stage5_n2__from__n0074__c02']",440,3125,False,0.02,0.15
shared_basin_strong_4of5_prefix_dedup,external_tree,shared_basin_strong_4of5_prefix_dedup,5,5,,,external_tree_spec,external_tree_spec,ps_favored_trap_v11_cyclic_baited,3,166,5,"[166, 333, 500, 666, 833]",0,naive_mixed_avg,naive_mixed_avg,,,,,,,"{'eta': None, 'eta_shared': None, 'gamma_shared': None, 'epsilon': None, 'shared_estimator_variant': None, 'shared_denominator_mode': None, 'policy_kwargs': {}}",,,,,1000,30.0,12.568632711238047,17.431367288761955,0.017431367288761955,0.03,0.03,0.05,0.021344048499247852,0.05,20,167,834,0.741,0.0,0.978,0.799,0.179,0.021,0.0,0.0,0.978,0.978,0.799,0.799,0.98,0.002,0.98,0.0,0,"['stage1_n1__from__root__c01', 'stage2_n1__from__n0001__c01', 'stage3_n1__from__n0006__c01', 'stage4_n1__from__n0023__c01', 'stage5_n1__from__n0074__c01']",1.0,0,0,0,,,0.0,,,0.0,,,0.0,,0.0,,{},"['stage1_n1__from__root__c01', 'stage2_n1__from__n0001__c01', 'stage3_n1__from__n0006__c01', 'stage4_n1__from__n0023__c01', 'stage5_n2__from__n0074__c02']",0.012568632711238047,ps_favored_v11_target_good_cyclic_target_phase,"['stage1_n1__from__root__c01', 'stage2_n1__from__n0001__c01', 'stage3_n1__from__n0006__c01', 'stage4_n1__from__n0023__c01', 'stage5_n2__from__n0074__c02']",440,3125,False,0.02,0.15
shared_basin_strong_4of5_prefix_dedup,external_tree,shared_basin_strong_4of5_prefix_dedup,5,5,,,external_tree_spec,external_tree_spec,ps_favored_trap_v11_cyclic_baited,3,166,5,"[166, 333, 500, 666, 833]",0,naive_mixed,naive_mixed,,,,,,,"{'eta': None, 'eta_shared': None, 'gamma_shared': None, 'epsilon': None, 'shared_estimator_variant': None, 'shared_denominator_mode': None, 'policy_kwargs': {}}",,,,,1000,676.0,12.568632711238047,663.431367288762,0.663431367288762,0.676,0.676,0.95,0.7959243842306627,0.95,20,167,834,0.025,0.0,0.997,0.083,0.914,0.002,0.0,0.0,0.997,0.997,0.083,0.083,0.998,0.001,0.998,0.0,0,"['stage1_n1__from__root__c01', 'stage2_n1__from__n0001__c01', 'stage3_n1__from__n0006__c01', 'stage4_n1__from__n0023__c01', 'stage5_n1__from__n0074__c01']",1.0,0,0,0,,,0.0,,,0.0,,,0.0,,0.0,,{},"['stage1_n1__from__root__c01', 'stage2_n1__from__n0001__c01', 'stage3_n1__from__n0006__c01', 'stage4_n1__from__n0023__c01', 'stage5_n2__from__n0074__c02']",0.012568632711238047,ps_favored_v11_target_good_cyclic_target_phase,"['stage1_n1__from__root__c01', 'stage2_n1__from__n0001__c01', 'stage3_n1__from__n0006__c01', 'stage4_n1__from__n0023__c01', 'stage5_n2__from__n0074__c02']",440,3125,False,0.02,0.15
shared_basin_strong_4of5_prefix_dedup,external_tree,shared_basin_strong_4of5_prefix_dedup,5,5,,,external_tree_spec,external_tree_spec,ps_favored_trap_v11_cyclic_baited,3,166,5,"[166, 333, 500, 666, 833]",0,random_path,random_path,,,,,,,"{'eta': None, 'eta_shared': None, 'gamma_shared': None, 'epsilon': None, 'shared_estimator_variant': None, 'shared_denominator_mode': None, 'policy_kwargs': {}}",,,,,1000,697.0,12.568632711238047,684.431367288762,0.684431367288762,0.697,0.697,0.7,0.7335742643265859,0.7,20,167,834,0.016,0.08,0.231,0.064,0.167,0.263,0.083,0.083,0.231,0.231,0.064,0.064,0.301,0.07,0.301,0.02,0,"['stage1_n4__from__root__c04', 'stage2_n4__from__n0004__c04', 'stage3_n3__from__n0018__c01', 'stage4_n3__from__n0059__c02', 'stage5_n4__from__n0167__c04']",0.932,0,0,0,,,0.0,,,0.0,,,0.0,,0.0,,{},"['stage1_n1__from__root__c01', 'stage2_n1__from__n0001__c01', 'stage3_n1__from__n0006__c01', 'stage4_n1__from__n0023__c01', 'stage5_n2__from__n0074__c02']",0.012568632711238047,ps_favored_v11_target_good_cyclic_target_phase,"['stage1_n1__from__root__c01', 'stage2_n1__from__n0001__c01', 'stage3_n1__from__n0006__c01', 'stage4_n1__from__n0023__c01', 'stage5_n2__from__n0074__c02']",440,3125,False,0.02,0.15
shared_basin_strong_4of5_prefix_dedup,external_tree,shared_basin_strong_4of5_prefix_dedup,5,5,,,external_tree_spec,external_tree_spec,ps_favored_trap_v11_cyclic_baited,3,166,5,"[166, 333, 500, 666, 833]",1,risky_ps_safe_conditional,risky_ps_safe_conditional,0.2,0.05,,0.01,safe_conditional,safe_subtree_conditional_prob,"{'eta': 0.2, 'eta_shared': 0.05, 'gamma_shared': None, 'epsilon': 0.01, 'shared_estimator_variant': 'safe_conditional', 'shared_denominator_mode': 'safe_subtree_conditional_prob', 'policy_kwargs': {'eta': 0.2, 'epsilon': 0.01}}",0.2,0.2,0.01,,1000,97.0,12.568632711238047,84.43136728876195,0.08443136728876195,0.097,0.097,0.05,0.07170376072946368,0.05,20,167,834,0.777,0.023,0.891,0.791,0.1,0.053,0.018,0.018,0.891,0.891,0.791,0.791,0.904,0.013,0.904,0.007,0,"['stage1_n5__from__root__c05', 'stage2_n3__from__n0005__c01', 'stage3_n4__from__n0020__c02', 'stage4_n5__from__n0066__c04', 'stage5_n2__from__n0191__c01']",0.996,4850,2199,4850,safe_conditional,safe_subtree_conditional_prob,0.7549421131682694,1.2000432489008414e-05,0.999825697614383,0.7989819801279234,4.5137758630638044e-05,0.9998464420771506,38.782994682636016,22154.400890460533,0.0,,"{'': 28, 'stage1_n2__from__root__c02/stage2_n1__from__n0002__c01': 5, 'stage1_n4__from__root__c04/stage2_n1__from__n0004__c01': 2, 'stage1_n2__from__root__c02/stage2_n2__from__n0002__c02/stage3_n3__from__n0010__c02': 1, 'stage1_n3__from__root__c03/stage2_n1__from__n0003__c01': 19, 'stage1_n1__from__root__c01/stage2_n3__from__n0001__c03/stage3_n4__from__n0008__c02/stage4_n2__from__n0030__c01': 1, 'stage1_n3__from__root__c03/stage2_n2__from__n0003__c02/stage3_n4__from__n0013__c03/stage4_n3__from__n0045__c02': 1, 'stage1_n3__from__root__c03/stage2_n2__from__n0003__c02/stage3_n2__from__n0013__c01': 3, 'stage1_n4__from__root__c04/stage2_n4__from__n0004__c04/stage3_n4__from__n0018__c02/stage4_n3__from__n0060__c02': 1, 'stage1_n3__from__root__c03/stage2_n2__from__n0003__c02/stage3_n3__from__n0013__c02': 4, 'stage1_n4__from__root__c04/stage2_n5__from__n0004__c05/stage3_n5__from__n0019__c03/stage4_n2__from__n0064__c01': 1, 'stage1_n1__from__root__c01/stage2_n2__from__n0001__c02/stage3_n2__from__n0007__c01': 8, 'stage1_n4__from__root__c04/stage2_n5__from__n0004__c05/stage3_n4__from__n0019__c02/stage4_n2__from__n0063__c01': 2, 'stage1_n1__from__root__c01/stage2_n3__from__n0001__c03/stage3_n3__from__n0008__c01': 6, 'stage1_n1__from__root__c01/stage2_n1__from__n0001__c01': 865, 'stage1_n4__from__root__c04/stage2_n4__from__n0004__c04/stage3_n3__from__n0018__c01': 2, 'stage1_n4__from__root__c04/stage2_n4__from__n0004__c04/stage3_n4__from__n0018__c02/stage4_n2__from__n0060__c01': 1, 'stage1_n4__from__root__c04/stage2_n5__from__n0004__c05/stage3_n3__from__n0019__c01': 6, 'stage1_n3__from__root__c03/stage2_n3__from__n0003__c03/stage3_n3__from__n0014__c01': 7, 'stage1_n1__from__root__c01/stage2_n3__from__n0001__c03/stage3_n4__from__n0008__c02/stage4_n3__from__n0030__c02': 1, 'stage1_n4__from__root__c04/stage2_n3__from__n0004__c03/stage3_n4__from__n0017__c02/stage4_n2__from__n0057__c01': 1, 'stage1_n1__from__root__c01/stage2_n2__from__n0001__c02/stage3_n3__from__n0007__c02': 7, 'stage1_n4__from__root__c04/stage2_n5__from__n0004__c05/stage3_n5__from__n0019__c03/stage4_n3__from__n0064__c02': 3, 'stage1_n3__from__root__c03/stage2_n3__from__n0003__c03/stage3_n4__from__n0014__c02/stage4_n3__from__n0048__c02': 1, 'stage1_n1__from__root__c01/stage2_n2__from__n0001__c02/stage3_n4__from__n0007__c03/stage4_n2__from__n0027__c01': 3, 'stage1_n5__from__root__c05/stage2_n5__from__n0005__c03/stage3_n3__from__n0022__c01': 1, 'stage1_n4__from__root__c04/stage2_n2__from__n0004__c02/stage3_n4__from__n0016__c03/stage4_n2__from__n0054__c01': 1, 'stage1_n1__from__root__c01/stage2_n2__from__n0001__c02/stage3_n5__from__n0007__c04/stage4_n3__from__n0028__c02': 1, 'stage1_n4__from__root__c04/stage2_n2__from__n0004__c02/stage3_n5__from__n0016__c04/stage4_n3__from__n0055__c02': 1, 'stage1_n1__from__root__c01/stage2_n2__from__n0001__c02/stage3_n5__from__n0007__c04/stage4_n2__from__n0028__c01': 1, 'stage1_n1__from__root__c01/stage2_n2__from__n0001__c02/stage3_n4__from__n0007__c03/stage4_n3__from__n0027__c02': 2, 'stage1_n4__from__root__c04/stage2_n5__from__n0004__c05/stage3_n4__from__n0019__c02/stage4_n3__from__n0063__c02': 1, 'stage1_n2__from__root__c02/stage2_n2__from__n0002__c02/stage3_n2__from__n0010__c01': 1, 'stage1_n2__from__root__c02/stage2_n3__from__n0002__c03/stage3_n3__from__n0011__c01': 3, 'stage1_n1__from__root__c01/stage2_n3__from__n0001__c03/stage3_n5__from__n0008__c03/stage4_n2__from__n0031__c01': 1, 'stage1_n4__from__root__c04/stage2_n2__from__n0004__c02/stage3_n4__from__n0016__c03/stage4_n3__from__n0054__c02': 1, 'stage1_n5__from__root__c05/stage2_n3__from__n0005__c01/stage3_n3__from__n0020__c01': 1, 'stage1_n3__from__root__c03/stage2_n3__from__n0003__c03/stage3_n5__from__n0014__c03/stage4_n3__from__n0049__c02': 1, 'stage1_n4__from__root__c04/stage2_n2__from__n0004__c02/stage3_n2__from__n0016__c01': 1}","['stage1_n1__from__root__c01', 'stage2_n1__from__n0001__c01', 'stage3_n1__from__n0006__c01', 'stage4_n1__from__n0023__c01', 'stage5_n2__from__n0074__c02']",0.012568632711238047,ps_favored_v11_target_good_cyclic_target_phase,"['stage1_n1__from__root__c01', 'stage2_n1__from__n0001__c01', 'stage3_n1__from__n0006__c01', 'stage4_n1__from__n0023__c01', 'stage5_n2__from__n0074__c02']",440,3125,False,0.02,0.15
shared_basin_strong_4of5_prefix_dedup,external_tree,shared_basin_strong_4of5_prefix_dedup,5,5,,,external_tree_spec,external_tree_spec,ps_favored_trap_v11_cyclic_baited,3,166,5,"[166, 333, 500, 666, 833]",1,risky_ps_ix,risky_ps_ix,0.2,0.05,0.005,0.01,exp3_ix,path_prob_plus_gamma,"{'eta': 0.2, 'eta_shared': 0.05, 'gamma_shared': 0.005, 'epsilon': 0.01, 'shared_estimator_variant': 'exp3_ix', 'shared_denominator_mode': 'path_prob_plus_gamma', 'policy_kwargs': {'eta': 0.2, 'epsilon': 0.01}}",0.2,0.2,0.01,,1000,93.0,12.568632711238047,80.43136728876195,0.08043136728876195,0.093,0.093,0.0,0.06690759765991931,0.0,20,167,834,0.78,0.022,0.892,0.793,0.099,0.053,0.017,0.017,0.892,0.892,0.793,0.793,0.905,0.013,0.905,0.005,0,"['stage1_n5__from__root__c05', 'stage2_n3__from__n0005__c01', 'stage3_n4__from__n0020__c02', 'stage4_n5__from__n0066__c04', 'stage5_n2__from__n0191__c01']",0.994,4850,2199,4850,exp3_ix,,0.0,,,0.0,,,5.298291058272869,199.5211320250007,0.0,,{},"['stage1_n1__from__root__c01', 'stage2_n1__from__n0001__c01', 'stage3_n1__from__n0006__c01', 'stage4_n1__from__n0023__c01', 'stage5_n2__from__n0074__c02']",0.012568632711238047,ps_favored_v11_target_good_cyclic_target_phase,"['stage1_n1__from__root__c01', 'stage2_n1__from__n0001__c01', 'stage3_n1__from__n0006__c01', 'stage4_n1__from__n0023__c01', 'stage5_n2__from__n0074__c02']",440,3125,False,0.02,0.15
shared_basin_strong_4of5_prefix_dedup,external_tree,shared_basin_strong_4of5_prefix_dedup,5,5,,,external_tree_spec,external_tree_spec,ps_favored_trap_v11_cyclic_baited,3,166,5,"[166, 333, 500, 666, 833]",1,risky_ps_old,risky_ps_old,0.2,0.2,,0.01,path_importance_weighted,path_prob,"{'eta': 0.2, 'eta_shared': 0.2, 'gamma_shared': None, 'epsilon': 0.01, 'shared_estimator_variant': 'path_importance_weighted', 'shared_denominator_mode': 'path_prob', 'policy_kwargs': {'eta': 0.2, 'epsilon': 0.01}}",0.2,0.2,0.01,,1000,66.0,12.568632711238047,53.431367288761955,0.05343136728876195,0.066,0.066,0.0,0.03453349694049485,0.0,20,167,834,0.816,0.024,0.9,0.828,0.072,0.045,0.017,0.017,0.9,0.9,0.828,0.828,0.911,0.011,0.911,0.005,0,"['stage1_n5__from__root__c05', 'stage2_n3__from__n0005__c01', 'stage3_n4__from__n0020__c02', 'stage4_n5__from__n0066__c04', 'stage5_n2__from__n0191__c01']",0.996,4857,2184,4857,,,0.0,,,0.0,,,126.14204952723632,83330.3300456823,0.0,,{},"['stage1_n1__from__root__c01', 'stage2_n1__from__n0001__c01', 'stage3_n1__from__n0006__c01', 'stage4_n1__from__n0023__c01', 'stage5_n2__from__n0074__c02']",0.012568632711238047,ps_favored_v11_target_good_cyclic_target_phase,"['stage1_n1__from__root__c01', 'stage2_n1__from__n0001__c01', 'stage3_n1__from__n0006__c01', 'stage4_n1__from__n0023__c01', 'stage5_n2__from__n0074__c02']",440,3125,False,0.02,0.15
shared_basin_strong_4of5_prefix_dedup,external_tree,shared_basin_strong_4of5_prefix_dedup,5,5,,,external_tree_spec,external_tree_spec,ps_favored_trap_v11_cyclic_baited,3,166,5,"[166, 333, 500, 666, 833]",1,risky_ps_linear,risky_ps_linear,0.2,0.05,,0.01,,,"{'eta': 0.2, 'eta_shared': 0.05, 'gamma_shared': None, 'epsilon': 0.01, 'shared_estimator_variant': None, 'shared_denominator_mode': None, 'policy_kwargs': {'eta': 0.2, 'epsilon': 0.01}}",0.2,0.2,0.01,,1000,69.0,12.568632711238047,56.431367288761955,0.056431367288761955,0.069,0.069,0.0,0.03813061924265313,0.0,20,167,834,0.815,0.023,0.902,0.827,0.075,0.049,0.016,0.016,0.902,0.902,0.827,0.827,0.916,0.014,0.916,0.005,0,"['stage1_n5__from__root__c05', 'stage2_n3__from__n0005__c01', 'stage3_n4__from__n0020__c02', 'stage4_n5__from__n0066__c04', 'stage5_n2__from__n0191__c01']",0.996,4868,2178,4868,,,0.0,,,0.0,,,146.36191443478512,83330.3300456823,0.0,,{},"['stage1_n1__from__root__c01', 'stage2_n1__from__n0001__c01', 'stage3_n1__from__n0006__c01', 'stage4_n1__from__n0023__c01', 'stage5_n2__from__n0074__c02']",0.012568632711238047,ps_favored_v11_target_good_cyclic_target_phase,"['stage1_n1__from__root__c01', 'stage2_n1__from__n0001__c01', 'stage3_n1__from__n0006__c01', 'stage4_n1__from__n0023__c01', 'stage5_n2__from__n0074__c02']",440,3125,False,0.02,0.15
shared_basin_strong_4of5_prefix_dedup,external_tree,shared_basin_strong_4of5_prefix_dedup,5,5,,,external_tree_spec,external_tree_spec,ps_favored_trap_v11_cyclic_baited,3,166,5,"[166, 333, 500, 666, 833]",1,risky_ps,risky_ps,0.2,0.05,,0.01,path_importance_weighted,path_prob,"{'eta': 0.2, 'eta_shared': 0.05, 'gamma_shared': None, 'epsilon': 0.01, 'shared_estimator_variant': 'path_importance_weighted', 'shared_denominator_mode': 'path_prob', 'policy_kwargs': {'eta': 0.2, 'epsilon': 0.01}}",0.2,0.2,0.01,,1000,95.0,12.568632711238047,82.43136728876195,0.08243136728876195,0.095,0.095,0.05,0.0693056791946915,0.05,20,167,834,0.784,0.023,0.894,0.796,0.098,0.049,0.017,0.017,0.894,0.894,0.796,0.796,0.906,0.012,0.906,0.005,0,"['stage1_n5__from__root__c05', 'stage2_n3__from__n0005__c01', 'stage3_n4__from__n0020__c02', 'stage4_n5__from__n0066__c04', 'stage5_n2__from__n0191__c01']",0.994,4839,2199,4839,,,0.0,,,0.0,,,126.70985988959174,83330.3300456823,0.0,,{},"['stage1_n1__from__root__c01', 'stage2_n1__from__n0001__c01', 'stage3_n1__from__n0006__c01', 'stage4_n1__from__n0023__c01', 'stage5_n2__from__n0074__c02']",0.012568632711238047,ps_favored_v11_target_good_cyclic_target_phase,"['stage1_n1__from__root__c01', 'stage2_n1__from__n0001__c01', 'stage3_n1__from__n0006__c01', 'stage4_n1__from__n0023__c01', 'stage5_n2__from__n0074__c02']",440,3125,False,0.02,0.15
shared_basin_strong_4of5_prefix_dedup,external_tree,shared_basin_strong_4of5_prefix_dedup,5,5,,,external_tree_spec,external_tree_spec,ps_favored_trap_v11_cyclic_baited,3,166,5,"[166, 333, 500, 666, 833]",1,risky_ps_direct_cost,risky_ps_direct_cost,0.2,0.05,,0.01,direct_cost,none_observed_cost,"{'eta': 0.2, 'eta_shared': 0.05, 'gamma_shared': None, 'epsilon': 0.01, 'shared_estimator_variant': 'direct_cost', 'shared_denominator_mode': 'none_observed_cost', 'policy_kwargs': {'eta': 0.2, 'epsilon': 0.01}}",0.2,0.2,0.01,,1000,406.0,12.568632711238047,393.431367288762,0.393431367288762,0.406,0.406,0.1,0.44460543938653807,0.1,20,167,834,0.094,0.029,0.557,0.323,0.234,0.32,0.153,0.153,0.557,0.557,0.323,0.323,0.587,0.03,0.587,0.107,0,"['stage1_n5__from__root__c05', 'stage2_n3__from__n0005__c01', 'stage3_n4__from__n0020__c02', 'stage4_n5__from__n0066__c04', 'stage5_n2__from__n0191__c01']",0.985,4647,2673,4647,direct_cost,none_observed_cost,0.13407959811470455,0.00010842367313565869,0.4355988880353398,0.0,,,0.4040609137055838,1.0,0.4040609137055838,1.0,{},"['stage1_n1__from__root__c01', 'stage2_n1__from__n0001__c01', 'stage3_n1__from__n0006__c01', 'stage4_n1__from__n0023__c01', 'stage5_n2__from__n0074__c02']",0.012568632711238047,ps_favored_v11_target_good_cyclic_target_phase,"['stage1_n1__from__root__c01', 'stage2_n1__from__n0001__c01', 'stage3_n1__from__n0006__c01', 'stage4_n1__from__n0023__c01', 'stage5_n2__from__n0074__c02']",440,3125,False,0.02,0.15
shared_basin_strong_4of5_prefix_dedup,external_tree,shared_basin_strong_4of5_prefix_dedup,5,5,,,external_tree_spec,external_tree_spec,ps_favored_trap_v11_cyclic_baited,3,166,5,"[166, 333, 500, 666, 833]",1,risky_ps_safe_conditional_ix,risky_ps_safe_conditional_ix,0.2,0.05,0.0005,0.01,safe_conditional_ix,safe_subtree_conditional_prob_plus_gamma,"{'eta': 0.2, 'eta_shared': 0.05, 'gamma_shared': 0.0005, 'epsilon': 0.01, 'shared_estimator_variant': 'safe_conditional_ix', 'shared_denominator_mode': 'safe_subtree_conditional_prob_plus_gamma', 'policy_kwargs': {'eta': 0.2, 'epsilon': 0.01}}",0.2,0.2,0.01,,1000,97.0,12.568632711238047,84.43136728876195,0.08443136728876195,0.097,0.097,0.05,0.07170376072946368,0.05,20,167,834,0.777,0.023,0.891,0.791,0.1,0.053,0.018,0.018,0.891,0.891,0.791,0.791,0.904,0.013,0.904,0.007,0,"['stage1_n5__from__root__c05', 'stage2_n3__from__n0005__c01', 'stage3_n4__from__n0020__c02', 'stage4_n5__from__n0066__c04', 'stage5_n2__from__n0191__c01']",0.996,4850,2199,4850,safe_conditional_ix,safe_subtree_conditional_prob_plus_gamma,0.7546048871058337,1.2000432489008414e-05,0.9997215771550945,0.7986351171095155,4.5137758630638044e-05,0.9997423194575624,9.638794183470745,1834.3987077907716,0.0,,"{'': 28, 'stage1_n2__from__root__c02/stage2_n1__from__n0002__c01': 5, 'stage1_n4__from__root__c04/stage2_n1__from__n0004__c01': 2, 'stage1_n2__from__root__c02/stage2_n2__from__n0002__c02/stage3_n3__from__n0010__c02': 1, 'stage1_n3__from__root__c03/stage2_n1__from__n0003__c01': 19, 'stage1_n1__from__root__c01/stage2_n3__from__n0001__c03/stage3_n4__from__n0008__c02/stage4_n2__from__n0030__c01': 1, 'stage1_n3__from__root__c03/stage2_n2__from__n0003__c02/stage3_n4__from__n0013__c03/stage4_n3__from__n0045__c02': 1, 'stage1_n3__from__root__c03/stage2_n2__from__n0003__c02/stage3_n2__from__n0013__c01': 3, 'stage1_n4__from__root__c04/stage2_n4__from__n0004__c04/stage3_n4__from__n0018__c02/stage4_n3__from__n0060__c02': 1, 'stage1_n3__from__root__c03/stage2_n2__from__n0003__c02/stage3_n3__from__n0013__c02': 4, 'stage1_n4__from__root__c04/stage2_n5__from__n0004__c05/stage3_n5__from__n0019__c03/stage4_n2__from__n0064__c01': 1, 'stage1_n1__from__root__c01/stage2_n2__from__n0001__c02/stage3_n2__from__n0007__c01': 8, 'stage1_n4__from__root__c04/stage2_n5__from__n0004__c05/stage3_n4__from__n0019__c02/stage4_n2__from__n0063__c01': 2, 'stage1_n1__from__root__c01/stage2_n3__from__n0001__c03/stage3_n3__from__n0008__c01': 6, 'stage1_n1__from__root__c01/stage2_n1__from__n0001__c01': 865, 'stage1_n4__from__root__c04/stage2_n4__from__n0004__c04/stage3_n3__from__n0018__c01': 2, 'stage1_n4__from__root__c04/stage2_n4__from__n0004__c04/stage3_n4__from__n0018__c02/stage4_n2__from__n0060__c01': 1, 'stage1_n4__from__root__c04/stage2_n5__from__n0004__c05/stage3_n3__from__n0019__c01': 6, 'stage1_n3__from__root__c03/stage2_n3__from__n0003__c03/stage3_n3__from__n0014__c01': 7, 'stage1_n1__from__root__c01/stage2_n3__from__n0001__c03/stage3_n4__from__n0008__c02/stage4_n3__from__n0030__c02': 1, 'stage1_n4__from__root__c04/stage2_n3__from__n0004__c03/stage3_n4__from__n0017__c02/stage4_n2__from__n0057__c01': 1, 'stage1_n1__from__root__c01/stage2_n2__from__n0001__c02/stage3_n3__from__n0007__c02': 7, 'stage1_n4__from__root__c04/stage2_n5__from__n0004__c05/stage3_n5__from__n0019__c03/stage4_n3__from__n0064__c02': 3, 'stage1_n3__from__root__c03/stage2_n3__from__n0003__c03/stage3_n4__from__n0014__c02/stage4_n3__from__n0048__c02': 1, 'stage1_n1__from__root__c01/stage2_n2__from__n0001__c02/stage3_n4__from__n0007__c03/stage4_n2__from__n0027__c01': 3, 'stage1_n5__from__root__c05/stage2_n5__from__n0005__c03/stage3_n3__from__n0022__c01': 1, 'stage1_n4__from__root__c04/stage2_n2__from__n0004__c02/stage3_n4__from__n0016__c03/stage4_n2__from__n0054__c01': 1, 'stage1_n1__from__root__c01/stage2_n2__from__n0001__c02/stage3_n5__from__n0007__c04/stage4_n3__from__n0028__c02': 1, 'stage1_n4__from__root__c04/stage2_n2__from__n0004__c02/stage3_n5__from__n0016__c04/stage4_n3__from__n0055__c02': 1, 'stage1_n1__from__root__c01/stage2_n2__from__n0001__c02/stage3_n5__from__n0007__c04/stage4_n2__from__n0028__c01': 1, 'stage1_n1__from__root__c01/stage2_n2__from__n0001__c02/stage3_n4__from__n0007__c03/stage4_n3__from__n0027__c02': 2, 'stage1_n4__from__root__c04/stage2_n5__from__n0004__c05/stage3_n4__from__n0019__c02/stage4_n3__from__n0063__c02': 1, 'stage1_n2__from__root__c02/stage2_n2__from__n0002__c02/stage3_n2__from__n0010__c01': 1, 'stage1_n2__from__root__c02/stage2_n3__from__n0002__c03/stage3_n3__from__n0011__c01': 3, 'stage1_n1__from__root__c01/stage2_n3__from__n0001__c03/stage3_n5__from__n0008__c03/stage4_n2__from__n0031__c01': 1, 'stage1_n4__from__root__c04/stage2_n2__from__n0004__c02/stage3_n4__from__n0016__c03/stage4_n3__from__n0054__c02': 1, 'stage1_n5__from__root__c05/stage2_n3__from__n0005__c01/stage3_n3__from__n0020__c01': 1, 'stage1_n3__from__root__c03/stage2_n3__from__n0003__c03/stage3_n5__from__n0014__c03/stage4_n3__from__n0049__c02': 1, 'stage1_n4__from__root__c04/stage2_n2__from__n0004__c02/stage3_n2__from__n0016__c01': 1}","['stage1_n1__from__root__c01', 'stage2_n1__from__n0001__c01', 'stage3_n1__from__n0006__c01', 'stage4_n1__from__n0023__c01', 'stage5_n2__from__n0074__c02']",0.012568632711238047,ps_favored_v11_target_good_cyclic_target_phase,"['stage1_n1__from__root__c01', 'stage2_n1__from__n0001__c01', 'stage3_n1__from__n0006__c01', 'stage4_n1__from__n0023__c01', 'stage5_n2__from__n0074__c02']",440,3125,False,0.02,0.15
shared_basin_strong_4of5_prefix_dedup,external_tree,shared_basin_strong_4of5_prefix_dedup,5,5,,,external_tree_spec,external_tree_spec,ps_favored_trap_v11_cyclic_baited,3,166,5,"[166, 333, 500, 666, 833]",1,direct_multistage_exp3,direct_multistage_exp3,0.2,,,0.0,,,"{'eta': 0.2, 'eta_shared': None, 'gamma_shared': None, 'epsilon': 0.0, 'shared_estimator_variant': None, 'shared_denominator_mode': None, 'policy_kwargs': {'eta': 0.2}}",0.2,0.2,,,1000,71.0,12.568632711238047,58.431367288761955,0.05843136728876196,0.071,0.071,0.0,0.04052870077742531,0.0,20,167,834,0.635,0.08,0.837,0.784,0.053,0.056,0.004,0.004,0.837,0.837,0.784,0.784,0.841,0.004,0.841,0.062,0,"['stage1_n1__from__root__c01', 'stage2_n3__from__n0001__c03', 'stage3_n5__from__n0008__c03', 'stage4_n3__from__n0031__c02', 'stage5_n2__from__n0094__c02']",0.985,0,5000,0,,,0.0,,,0.0,,,0.0,,0.0,,{},"['stage1_n1__from__root__c01', 'stage2_n1__from__n0001__c01', 'stage3_n1__from__n0006__c01', 'stage4_n1__from__n0023__c01', 'stage5_n2__from__n0074__c02']",0.012568632711238047,ps_favored_v11_target_good_cyclic_target_phase,"['stage1_n1__from__root__c01', 'stage2_n1__from__n0001__c01', 'stage3_n1__from__n0006__c01', 'stage4_n1__from__n0023__c01', 'stage5_n2__from__n0074__c02']",440,3125,False,0.02,0.15
shared_basin_strong_4of5_prefix_dedup,external_tree,shared_basin_strong_4of5_prefix_dedup,5,5,,,external_tree_spec,external_tree_spec,ps_favored_trap_v11_cyclic_baited,3,166,5,"[166, 333, 500, 666, 833]",1,direct_multistage_exp3_local,direct_multistage_exp3_local,0.2,,,0.0,,,"{'eta': 0.2, 'eta_shared': None, 'gamma_shared': None, 'epsilon': 0.0, 'shared_estimator_variant': None, 'shared_denominator_mode': None, 'policy_kwargs': {'eta': 0.2}}",0.2,0.2,,,1000,133.0,12.568632711238047,120.43136728876195,0.12043136728876194,0.133,0.133,0.05,0.10527690221627423,0.05,20,167,834,0.005,0.067,0.726,0.67,0.056,0.147,0.004,0.004,0.726,0.726,0.67,0.67,0.738,0.012,0.738,0.002,0,"['stage1_n1__from__root__c01', 'stage2_n3__from__n0001__c03', 'stage3_n5__from__n0008__c03', 'stage4_n3__from__n0031__c02', 'stage5_n2__from__n0094__c02']",0.978,0,5000,0,,,0.0,,,0.0,,,0.0,,0.0,,{},"['stage1_n1__from__root__c01', 'stage2_n1__from__n0001__c01', 'stage3_n1__from__n0006__c01', 'stage4_n1__from__n0023__c01', 'stage5_n2__from__n0074__c02']",0.012568632711238047,ps_favored_v11_target_good_cyclic_target_phase,"['stage1_n1__from__root__c01', 'stage2_n1__from__n0001__c01', 'stage3_n1__from__n0006__c01', 'stage4_n1__from__n0023__c01', 'stage5_n2__from__n0074__c02']",440,3125,False,0.02,0.15
shared_basin_strong_4of5_prefix_dedup,external_tree,shared_basin_strong_4of5_prefix_dedup,5,5,,,external_tree_spec,external_tree_spec,ps_favored_trap_v11_cyclic_baited,3,166,5,"[166, 333, 500, 666, 833]",1,epsilon_exp3,epsilon_exp3,0.2,,,0.01,,,"{'eta': 0.2, 'eta_shared': None, 'gamma_shared': None, 'epsilon': 0.01, 'shared_estimator_variant': None, 'shared_denominator_mode': None, 'policy_kwargs': {'eta': 0.2, 'epsilon': 0.01}}",0.2,0.2,0.01,,1000,89.0,12.568632711238047,76.43136728876195,0.07643136728876194,0.089,0.089,0.0,0.06091239382298886,0.0,20,167,834,0.77,0.062,0.859,0.784,0.075,0.041,0.008,0.008,0.859,0.859,0.784,0.784,0.864,0.005,0.864,0.0,0,"['stage1_n5__from__root__c05', 'stage2_n3__from__n0005__c01', 'stage3_n4__from__n0020__c02', 'stage4_n5__from__n0066__c04', 'stage5_n2__from__n0191__c01']",0.984,0,5000,0,,,0.0,,,0.0,,,0.0,,0.0,,{},"['stage1_n1__from__root__c01', 'stage2_n1__from__n0001__c01', 'stage3_n1__from__n0006__c01', 'stage4_n1__from__n0023__c01', 'stage5_n2__from__n0074__c02']",0.012568632711238047,ps_favored_v11_target_good_cyclic_target_phase,"['stage1_n1__from__root__c01', 'stage2_n1__from__n0001__c01', 'stage3_n1__from__n0006__c01', 'stage4_n1__from__n0023__c01', 'stage5_n2__from__n0074__c02']",440,3125,False,0.02,0.15
shared_basin_strong_4of5_prefix_dedup,external_tree,shared_basin_strong_4of5_prefix_dedup,5,5,,,external_tree_spec,external_tree_spec,ps_favored_trap_v11_cyclic_baited,3,166,5,"[166, 333, 500, 666, 833]",1,naive_mixed_avg,naive_mixed_avg,,,,,,,"{'eta': None, 'eta_shared': None, 'gamma_shared': None, 'epsilon': None, 'shared_estimator_variant': None, 'shared_denominator_mode': None, 'policy_kwargs': {}}",,,,,1000,22.0,12.568632711238047,9.431367288761953,0.009431367288761953,0.022,0.022,0.0,0.011751722360159124,0.0,20,167,834,0.796,0.0,0.996,0.823,0.173,0.002,0.0,0.0,0.996,0.996,0.823,0.823,0.997,0.001,0.997,0.0,0,"['stage1_n1__from__root__c01', 'stage2_n1__from__n0001__c01', 'stage3_n1__from__n0006__c01', 'stage4_n1__from__n0023__c01', 'stage5_n1__from__n0074__c01']",1.0,0,0,0,,,0.0,,,0.0,,,0.0,,0.0,,{},"['stage1_n1__from__root__c01', 'stage2_n1__from__n0001__c01', 'stage3_n1__from__n0006__c01', 'stage4_n1__from__n0023__c01', 'stage5_n2__from__n0074__c02']",0.012568632711238047,ps_favored_v11_target_good_cyclic_target_phase,"['stage1_n1__from__root__c01', 'stage2_n1__from__n0001__c01', 'stage3_n1__from__n0006__c01', 'stage4_n1__from__n0023__c01', 'stage5_n2__from__n0074__c02']",440,3125,False,0.02,0.15
shared_basin_strong_4of5_prefix_dedup,external_tree,shared_basin_strong_4of5_prefix_dedup,5,5,,,external_tree_spec,external_tree_spec,ps_favored_trap_v11_cyclic_baited,3,166,5,"[166, 333, 500, 666, 833]",1,naive_mixed,naive_mixed,,,,,,,"{'eta': None, 'eta_shared': None, 'gamma_shared': None, 'epsilon': None, 'shared_estimator_variant': None, 'shared_denominator_mode': None, 'policy_kwargs': {}}",,,,,1000,613.0,12.568632711238047,600.431367288762,0.600431367288762,0.613,0.613,0.85,0.720384815885339,0.85,20,167,834,0.131,0.0,0.996,0.158,0.838,0.002,0.0,0.0,0.996,0.996,0.158,0.158,0.997,0.001,0.997,0.0,0,"['stage1_n1__from__root__c01', 'stage2_n1__from__n0001__c01', 'stage3_n1__from__n0006__c01', 'stage4_n1__from__n0023__c01', 'stage5_n1__from__n0074__c01']",1.0,0,0,0,,,0.0,,,0.0,,,0.0,,0.0,,{},"['stage1_n1__from__root__c01', 'stage2_n1__from__n0001__c01', 'stage3_n1__from__n0006__c01', 'stage4_n1__from__n0023__c01', 'stage5_n2__from__n0074__c02']",0.012568632711238047,ps_favored_v11_target_good_cyclic_target_phase,"['stage1_n1__from__root__c01', 'stage2_n1__from__n0001__c01', 'stage3_n1__from__n0006__c01', 'stage4_n1__from__n0023__c01', 'stage5_n2__from__n0074__c02']",440,3125,False,0.02,0.15
shared_basin_strong_4of5_prefix_dedup,external_tree,shared_basin_strong_4of5_prefix_dedup,5,5,,,external_tree_spec,external_tree_spec,ps_favored_trap_v11_cyclic_baited,3,166,5,"[166, 333, 500, 666, 833]",1,random_path,random_path,,,,,,,"{'eta': None, 'eta_shared': None, 'gamma_shared': None, 'epsilon': None, 'shared_estimator_variant': None, 'shared_denominator_mode': None, 'policy_kwargs': {}}",,,,,1000,703.0,12.568632711238047,690.431367288762,0.690431367288762,0.703,0.703,0.75,0.7527589166047635,0.75,20,167,834,0.015,0.088,0.211,0.061,0.15,0.254,0.089,0.089,0.211,0.211,0.061,0.061,0.271,0.06,0.271,0.014,0,"['stage1_n2__from__root__c02', 'stage2_n3__from__n0002__c03', 'stage3_n3__from__n0011__c01', 'stage4_n3__from__n0038__c02', 'stage5_n1__from__n0111__c01']",0.929,0,0,0,,,0.0,,,0.0,,,0.0,,0.0,,{},"['stage1_n1__from__root__c01', 'stage2_n1__from__n0001__c01', 'stage3_n1__from__n0006__c01', 'stage4_n1__from__n0023__c01', 'stage5_n2__from__n0074__c02']",0.012568632711238047,ps_favored_v11_target_good_cyclic_target_phase,"['stage1_n1__from__root__c01', 'stage2_n1__from__n0001__c01', 'stage3_n1__from__n0006__c01', 'stage4_n1__from__n0023__c01', 'stage5_n2__from__n0074__c02']",440,3125,False,0.02,0.15
shared_basin_strong_4of5_prefix_dedup,external_tree,shared_basin_strong_4of5_prefix_dedup,5,5,,,external_tree_spec,external_tree_spec,ps_favored_trap_v11_cyclic_baited,3,166,5,"[166, 333, 500, 666, 833]",2,risky_ps_safe_conditional,risky_ps_safe_conditional,0.2,0.05,,0.01,safe_conditional,safe_subtree_conditional_prob,"{'eta': 0.2, 'eta_shared': 0.05, 'gamma_shared': None, 'epsilon': 0.01, 'shared_estimator_variant': 'safe_conditional', 'shared_denominator_mode': 'safe_subtree_conditional_prob', 'policy_kwargs': {'eta': 0.2, 'epsilon': 0.01}}",0.2,0.2,0.01,,1000,139.0,12.568632711238047,126.43136728876195,0.12643136728876195,0.139,0.139,0.0,0.11606826912274905,0.0,20,167,834,0.045,0.113,0.8,0.724,0.076,0.051,0.022,0.022,0.8,0.8,0.724,0.724,0.81,0.01,0.81,0.373,0,"['stage1_n5__from__root__c05', 'stage2_n3__from__n0005__c01', 'stage3_n5__from__n0020__c03', 'stage4_n3__from__n0067__c02', 'stage5_n3__from__n0193__c03']",0.988,4655,2380,4655,safe_conditional,safe_subtree_conditional_prob,0.33134040506465223,6.92450167604867e-05,0.5777525632369234,0.41461919848497003,0.00021945071024271316,0.7644318573098334,12.601629547418703,4556.831914073083,0.0,,"{'stage1_n5__from__root__c05/stage2_n3__from__n0005__c01/stage3_n5__from__n0020__c03/stage4_n3__from__n0067__c02': 1, '': 50, 'stage1_n1__from__root__c01/stage2_n2__from__n0001__c02/stage3_n3__from__n0007__c02': 6, 'stage1_n1__from__root__c01/stage2_n1__from__n0001__c01': 87, 'stage1_n4__from__root__c04/stage2_n3__from__n0004__c03/stage3_n5__from__n0017__c03/stage4_n3__from__n0058__c02': 1, 'stage1_n5__from__root__c05/stage2_n5__from__n0005__c03/stage3_n4__from__n0022__c02/stage4_n2__from__n0072__c01': 1, 'stage1_n2__from__root__c02/stage2_n1__from__n0002__c01': 7, 'stage1_n3__from__root__c03/stage2_n1__from__n0003__c01': 702, 'stage1_n2__from__root__c02/stage2_n3__from__n0002__c03/stage3_n3__from__n0011__c01': 3, 'stage1_n3__from__root__c03/stage2_n3__from__n0003__c03/stage3_n3__from__n0014__c01': 12, 'stage1_n4__from__root__c04/stage2_n4__from__n0004__c04/stage3_n3__from__n0018__c01': 15, 'stage1_n4__from__root__c04/stage2_n1__from__n0004__c01': 4, 'stage1_n4__from__root__c04/stage2_n5__from__n0004__c05/stage3_n5__from__n0019__c03/stage4_n2__from__n0064__c01': 5, 'stage1_n4__from__root__c04/stage2_n5__from__n0004__c05/stage3_n4__from__n0019__c02/stage4_n3__from__n0063__c02': 7, 'stage1_n4__from__root__c04/stage2_n4__from__n0004__c04/stage3_n5__from__n0018__c03/stage4_n3__from__n0061__c02': 5, 'stage1_n1__from__root__c01/stage2_n3__from__n0001__c03/stage3_n4__from__n0008__c02/stage4_n3__from__n0030__c02': 3, 'stage1_n4__from__root__c04/stage2_n3__from__n0004__c03/stage3_n3__from__n0017__c01': 4, 'stage1_n2__from__root__c02/stage2_n2__from__n0002__c02/stage3_n3__from__n0010__c02': 5, 'stage1_n4__from__root__c04/stage2_n4__from__n0004__c04/stage3_n4__from__n0018__c02/stage4_n2__from__n0060__c01': 6, 'stage1_n1__from__root__c01/stage2_n3__from__n0001__c03/stage3_n3__from__n0008__c01': 1, 'stage1_n4__from__root__c04/stage2_n5__from__n0004__c05/stage3_n3__from__n0019__c01': 19, 'stage1_n2__from__root__c02/stage2_n2__from__n0002__c02/stage3_n2__from__n0010__c01': 2, 'stage1_n4__from__root__c04/stage2_n4__from__n0004__c04/stage3_n4__from__n0018__c02/stage4_n3__from__n0060__c02': 6, 'stage1_n4__from__root__c04/stage2_n5__from__n0004__c05/stage3_n5__from__n0019__c03/stage4_n3__from__n0064__c02': 6, 'stage1_n4__from__root__c04/stage2_n3__from__n0004__c03/stage3_n4__from__n0017__c02/stage4_n2__from__n0057__c01': 1, 'stage1_n4__from__root__c04/stage2_n5__from__n0004__c05/stage3_n4__from__n0019__c02/stage4_n2__from__n0063__c01': 4, 'stage1_n4__from__root__c04/stage2_n4__from__n0004__c04/stage3_n5__from__n0018__c03/stage4_n2__from__n0061__c01': 2, 'stage1_n5__from__root__c05/stage2_n3__from__n0005__c01/stage3_n3__from__n0020__c01': 1, 'stage1_n4__from__root__c04/stage2_n2__from__n0004__c02/stage3_n3__from__n0016__c02': 1, 'stage1_n1__from__root__c01/stage2_n2__from__n0001__c02/stage3_n2__from__n0007__c01': 6, 'stage1_n4__from__root__c04/stage2_n2__from__n0004__c02/stage3_n2__from__n0016__c01': 1, 'stage1_n3__from__root__c03/stage2_n3__from__n0003__c03/stage3_n4__from__n0014__c02/stage4_n2__from__n0048__c01': 1, 'stage1_n3__from__root__c03/stage2_n3__from__n0003__c03/stage3_n4__from__n0014__c02/stage4_n3__from__n0048__c02': 1, 'stage1_n4__from__root__c04/stage2_n2__from__n0004__c02/stage3_n5__from__n0016__c04/stage4_n3__from__n0055__c02': 1, 'stage1_n1__from__root__c01/stage2_n3__from__n0001__c03/stage3_n4__from__n0008__c02/stage4_n2__from__n0030__c01': 1, 'stage1_n3__from__root__c03/stage2_n3__from__n0003__c03/stage3_n5__from__n0014__c03/stage4_n2__from__n0049__c01': 1, 'stage1_n3__from__root__c03/stage2_n2__from__n0003__c02/stage3_n3__from__n0013__c02': 5, 'stage1_n4__from__root__c04/stage2_n2__from__n0004__c02/stage3_n5__from__n0016__c04/stage4_n2__from__n0055__c01': 1, 'stage1_n1__from__root__c01/stage2_n2__from__n0001__c02/stage3_n5__from__n0007__c04/stage4_n3__from__n0028__c02': 1, 'stage1_n3__from__root__c03/stage2_n2__from__n0003__c02/stage3_n2__from__n0013__c01': 1, 'stage1_n2__from__root__c02/stage2_n3__from__n0002__c03/stage3_n5__from__n0011__c03/stage4_n3__from__n0040__c02': 1}","['stage1_n1__from__root__c01', 'stage2_n1__from__n0001__c01', 'stage3_n1__from__n0006__c01', 'stage4_n1__from__n0023__c01', 'stage5_n2__from__n0074__c02']",0.012568632711238047,ps_favored_v11_target_good_cyclic_target_phase,"['stage1_n1__from__root__c01', 'stage2_n1__from__n0001__c01', 'stage3_n1__from__n0006__c01', 'stage4_n1__from__n0023__c01', 'stage5_n2__from__n0074__c02']",440,3125,False,0.02,0.15
shared_basin_strong_4of5_prefix_dedup,external_tree,shared_basin_strong_4of5_prefix_dedup,5,5,,,external_tree_spec,external_tree_spec,ps_favored_trap_v11_cyclic_baited,3,166,5,"[166, 333, 500, 666, 833]",2,risky_ps_ix,risky_ps_ix,0.2,0.05,0.005,0.01,exp3_ix,path_prob_plus_gamma,"{'eta': 0.2, 'eta_shared': 0.05, 'gamma_shared': 0.005, 'epsilon': 0.01, 'shared_estimator_variant': 'exp3_ix', 'shared_denominator_mode': 'path_prob_plus_gamma', 'policy_kwargs': {'eta': 0.2, 'epsilon': 0.01}}",0.2,0.2,0.01,,1000,105.0,12.568632711238047,92.43136728876195,0.09243136728876195,0.105,0.105,0.05,0.0824951276359385,0.05,20,167,834,0.675,0.078,0.761,0.685,0.076,0.115,0.004,0.004,0.761,0.761,0.685,0.685,0.768,0.007,0.768,0.001,0,"['stage1_n5__from__root__c05', 'stage2_n3__from__n0005__c01', 'stage3_n5__from__n0020__c03', 'stage4_n3__from__n0067__c02', 'stage5_n3__from__n0193__c03']",0.981,4700,2466,4700,exp3_ix,,0.0,,,0.0,,,6.377945871027705,197.4000370282601,0.0,,{},"['stage1_n1__from__root__c01', 'stage2_n1__from__n0001__c01', 'stage3_n1__from__n0006__c01', 'stage4_n1__from__n0023__c01', 'stage5_n2__from__n0074__c02']",0.012568632711238047,ps_favored_v11_target_good_cyclic_target_phase,"['stage1_n1__from__root__c01', 'stage2_n1__from__n0001__c01', 'stage3_n1__from__n0006__c01', 'stage4_n1__from__n0023__c01', 'stage5_n2__from__n0074__c02']",440,3125,False,0.02,0.15
shared_basin_strong_4of5_prefix_dedup,external_tree,shared_basin_strong_4of5_prefix_dedup,5,5,,,external_tree_spec,external_tree_spec,ps_favored_trap_v11_cyclic_baited,3,166,5,"[166, 333, 500, 666, 833]",2,risky_ps_old,risky_ps_old,0.2,0.2,,0.01,path_importance_weighted,path_prob,"{'eta': 0.2, 'eta_shared': 0.2, 'gamma_shared': None, 'epsilon': 0.01, 'shared_estimator_variant': 'path_importance_weighted', 'shared_denominator_mode': 'path_prob', 'policy_kwargs': {'eta': 0.2, 'epsilon': 0.01}}",0.2,0.2,0.01,,1000,72.0,12.568632711238047,59.431367288761955,0.05943136728876196,0.072,0.072,0.0,0.042926782312197494,0.0,20,167,834,0.791,0.079,0.853,0.798,0.055,0.036,0.003,0.003,0.853,0.853,0.798,0.798,0.858,0.005,0.858,0.001,0,"['stage1_n5__from__root__c05', 'stage2_n3__from__n0005__c01', 'stage3_n5__from__n0020__c03', 'stage4_n3__from__n0067__c02', 'stage5_n3__from__n0193__c03']",0.985,4742,2281,4742,,,0.0,,,0.0,,,18.464216831333477,5366.785885483141,0.0,,{},"['stage1_n1__from__root__c01', 'stage2_n1__from__n0001__c01', 'stage3_n1__from__n0006__c01', 'stage4_n1__from__n0023__c01', 'stage5_n2__from__n0074__c02']",0.012568632711238047,ps_favored_v11_target_good_cyclic_target_phase,"['stage1_n1__from__root__c01', 'stage2_n1__from__n0001__c01', 'stage3_n1__from__n0006__c01', 'stage4_n1__from__n0023__c01', 'stage5_n2__from__n0074__c02']",440,3125,False,0.02,0.15
shared_basin_strong_4of5_prefix_dedup,external_tree,shared_basin_strong_4of5_prefix_dedup,5,5,,,external_tree_spec,external_tree_spec,ps_favored_trap_v11_cyclic_baited,3,166,5,"[166, 333, 500, 666, 833]",2,risky_ps_linear,risky_ps_linear,0.2,0.05,,0.01,,,"{'eta': 0.2, 'eta_shared': 0.05, 'gamma_shared': None, 'epsilon': 0.01, 'shared_estimator_variant': None, 'shared_denominator_mode': None, 'policy_kwargs': {'eta': 0.2, 'epsilon': 0.01}}",0.2,0.2,0.01,,1000,70.0,12.568632711238047,57.431367288761955,0.057431367288761956,0.07,0.07,0.0,0.04052870077742531,0.0,20,167,834,0.769,0.078,0.846,0.789,0.057,0.044,0.001,0.001,0.846,0.846,0.789,0.789,0.851,0.005,0.851,0.001,0,"['stage1_n5__from__root__c05', 'stage2_n3__from__n0005__c01', 'stage3_n5__from__n0020__c03', 'stage4_n3__from__n0067__c02', 'stage5_n3__from__n0193__c03']",0.984,4735,2304,4735,,,0.0,,,0.0,,,14.55154333132708,2396.5892725110193,0.0,,{},"['stage1_n1__from__root__c01', 'stage2_n1__from__n0001__c01', 'stage3_n1__from__n0006__c01', 'stage4_n1__from__n0023__c01', 'stage5_n2__from__n0074__c02']",0.012568632711238047,ps_favored_v11_target_good_cyclic_target_phase,"['stage1_n1__from__root__c01', 'stage2_n1__from__n0001__c01', 'stage3_n1__from__n0006__c01', 'stage4_n1__from__n0023__c01', 'stage5_n2__from__n0074__c02']",440,3125,False,0.02,0.15
shared_basin_strong_4of5_prefix_dedup,external_tree,shared_basin_strong_4of5_prefix_dedup,5,5,,,external_tree_spec,external_tree_spec,ps_favored_trap_v11_cyclic_baited,3,166,5,"[166, 333, 500, 666, 833]",2,risky_ps,risky_ps,0.2,0.05,,0.01,path_importance_weighted,path_prob,"{'eta': 0.2, 'eta_shared': 0.05, 'gamma_shared': None, 'epsilon': 0.01, 'shared_estimator_variant': 'path_importance_weighted', 'shared_denominator_mode': 'path_prob', 'policy_kwargs': {'eta': 0.2, 'epsilon': 0.01}}",0.2,0.2,0.01,,1000,113.0,12.568632711238047,100.43136728876195,0.10043136728876195,0.113,0.113,0.0,0.09208745377502724,0.0,20,167,834,0.375,0.078,0.751,0.675,0.076,0.129,0.002,0.002,0.751,0.751,0.675,0.675,0.757,0.006,0.757,0.001,0,"['stage1_n5__from__root__c05', 'stage2_n3__from__n0005__c01', 'stage3_n5__from__n0020__c03', 'stage4_n3__from__n0067__c02', 'stage5_n3__from__n0193__c03']",0.981,4697,2485,4697,,,0.0,,,0.0,,,40.20198303435444,13318.251184900364,0.0,,{},"['stage1_n1__from__root__c01', 'stage2_n1__from__n0001__c01', 'stage3_n1__from__n0006__c01', 'stage4_n1__from__n0023__c01', 'stage5_n2__from__n0074__c02']",0.012568632711238047,ps_favored_v11_target_good_cyclic_target_phase,"['stage1_n1__from__root__c01', 'stage2_n1__from__n0001__c01', 'stage3_n1__from__n0006__c01', 'stage4_n1__from__n0023__c01', 'stage5_n2__from__n0074__c02']",440,3125,False,0.02,0.15
shared_basin_strong_4of5_prefix_dedup,external_tree,shared_basin_strong_4of5_prefix_dedup,5,5,,,external_tree_spec,external_tree_spec,ps_favored_trap_v11_cyclic_baited,3,166,5,"[166, 333, 500, 666, 833]",2,risky_ps_direct_cost,risky_ps_direct_cost,0.2,0.05,,0.01,direct_cost,none_observed_cost,"{'eta': 0.2, 'eta_shared': 0.05, 'gamma_shared': None, 'epsilon': 0.01, 'shared_estimator_variant': 'direct_cost', 'shared_denominator_mode': 'none_observed_cost', 'policy_kwargs': {'eta': 0.2, 'epsilon': 0.01}}",0.2,0.2,0.01,,1000,248.0,12.568632711238047,235.43136728876195,0.23543136728876196,0.248,0.248,0.0,0.246763712767833,0.0,20,167,834,0.009,0.116,0.735,0.574,0.161,0.105,0.071,0.071,0.735,0.735,0.574,0.574,0.78,0.045,0.78,0.336,0,"['stage1_n5__from__root__c05', 'stage2_n3__from__n0005__c01', 'stage3_n5__from__n0020__c03', 'stage4_n3__from__n0067__c02', 'stage5_n3__from__n0193__c03']",0.983,4627,2479,4627,direct_cost,none_observed_cost,0.24674645249761204,4.774605351796689e-05,0.5273730134851624,0.0,,,0.24008138351983724,1.0,0.24008138351983724,1.0,{},"['stage1_n1__from__root__c01', 'stage2_n1__from__n0001__c01', 'stage3_n1__from__n0006__c01', 'stage4_n1__from__n0023__c01', 'stage5_n2__from__n0074__c02']",0.012568632711238047,ps_favored_v11_target_good_cyclic_target_phase,"['stage1_n1__from__root__c01', 'stage2_n1__from__n0001__c01', 'stage3_n1__from__n0006__c01', 'stage4_n1__from__n0023__c01', 'stage5_n2__from__n0074__c02']",440,3125,False,0.02,0.15
shared_basin_strong_4of5_prefix_dedup,external_tree,shared_basin_strong_4of5_prefix_dedup,5,5,,,external_tree_spec,external_tree_spec,ps_favored_trap_v11_cyclic_baited,3,166,5,"[166, 333, 500, 666, 833]",2,risky_ps_safe_conditional_ix,risky_ps_safe_conditional_ix,0.2,0.05,0.0005,0.01,safe_conditional_ix,safe_subtree_conditional_prob_plus_gamma,"{'eta': 0.2, 'eta_shared': 0.05, 'gamma_shared': 0.0005, 'epsilon': 0.01, 'shared_estimator_variant': 'safe_conditional_ix', 'shared_denominator_mode': 'safe_subtree_conditional_prob_plus_gamma', 'policy_kwargs': {'eta': 0.2, 'epsilon': 0.01}}",0.2,0.2,0.01,,1000,139.0,12.568632711238047,126.43136728876195,0.12643136728876195,0.139,0.139,0.0,0.11606826912274905,0.0,20,167,834,0.045,0.113,0.8,0.724,0.076,0.051,0.022,0.022,0.8,0.8,0.724,0.724,0.81,0.01,0.81,0.373,0,"['stage1_n5__from__root__c05', 'stage2_n3__from__n0005__c01', 'stage3_n5__from__n0020__c03', 'stage4_n3__from__n0067__c02', 'stage5_n3__from__n0193__c03']",0.988,4655,2380,4655,safe_conditional_ix,safe_subtree_conditional_prob_plus_gamma,0.3310766535505064,6.92450167604867e-05,0.5774096390336824,0.41430978356692955,0.00021945071024271316,0.7626018295161886,7.344665170167121,1389.9492845905193,0.0,,"{'stage1_n5__from__root__c05/stage2_n3__from__n0005__c01/stage3_n5__from__n0020__c03/stage4_n3__from__n0067__c02': 1, '': 50, 'stage1_n1__from__root__c01/stage2_n2__from__n0001__c02/stage3_n3__from__n0007__c02': 6, 'stage1_n1__from__root__c01/stage2_n1__from__n0001__c01': 87, 'stage1_n4__from__root__c04/stage2_n3__from__n0004__c03/stage3_n5__from__n0017__c03/stage4_n3__from__n0058__c02': 1, 'stage1_n5__from__root__c05/stage2_n5__from__n0005__c03/stage3_n4__from__n0022__c02/stage4_n2__from__n0072__c01': 1, 'stage1_n2__from__root__c02/stage2_n1__from__n0002__c01': 7, 'stage1_n3__from__root__c03/stage2_n1__from__n0003__c01': 702, 'stage1_n2__from__root__c02/stage2_n3__from__n0002__c03/stage3_n3__from__n0011__c01': 3, 'stage1_n3__from__root__c03/stage2_n3__from__n0003__c03/stage3_n3__from__n0014__c01': 12, 'stage1_n4__from__root__c04/stage2_n4__from__n0004__c04/stage3_n3__from__n0018__c01': 15, 'stage1_n4__from__root__c04/stage2_n1__from__n0004__c01': 4, 'stage1_n4__from__root__c04/stage2_n5__from__n0004__c05/stage3_n5__from__n0019__c03/stage4_n2__from__n0064__c01': 5, 'stage1_n4__from__root__c04/stage2_n5__from__n0004__c05/stage3_n4__from__n0019__c02/stage4_n3__from__n0063__c02': 7, 'stage1_n4__from__root__c04/stage2_n4__from__n0004__c04/stage3_n5__from__n0018__c03/stage4_n3__from__n0061__c02': 5, 'stage1_n1__from__root__c01/stage2_n3__from__n0001__c03/stage3_n4__from__n0008__c02/stage4_n3__from__n0030__c02': 3, 'stage1_n4__from__root__c04/stage2_n3__from__n0004__c03/stage3_n3__from__n0017__c01': 4, 'stage1_n2__from__root__c02/stage2_n2__from__n0002__c02/stage3_n3__from__n0010__c02': 5, 'stage1_n4__from__root__c04/stage2_n4__from__n0004__c04/stage3_n4__from__n0018__c02/stage4_n2__from__n0060__c01': 6, 'stage1_n1__from__root__c01/stage2_n3__from__n0001__c03/stage3_n3__from__n0008__c01': 1, 'stage1_n4__from__root__c04/stage2_n5__from__n0004__c05/stage3_n3__from__n0019__c01': 19, 'stage1_n2__from__root__c02/stage2_n2__from__n0002__c02/stage3_n2__from__n0010__c01': 2, 'stage1_n4__from__root__c04/stage2_n4__from__n0004__c04/stage3_n4__from__n0018__c02/stage4_n3__from__n0060__c02': 6, 'stage1_n4__from__root__c04/stage2_n5__from__n0004__c05/stage3_n5__from__n0019__c03/stage4_n3__from__n0064__c02': 6, 'stage1_n4__from__root__c04/stage2_n3__from__n0004__c03/stage3_n4__from__n0017__c02/stage4_n2__from__n0057__c01': 1, 'stage1_n4__from__root__c04/stage2_n5__from__n0004__c05/stage3_n4__from__n0019__c02/stage4_n2__from__n0063__c01': 4, 'stage1_n4__from__root__c04/stage2_n4__from__n0004__c04/stage3_n5__from__n0018__c03/stage4_n2__from__n0061__c01': 2, 'stage1_n5__from__root__c05/stage2_n3__from__n0005__c01/stage3_n3__from__n0020__c01': 1, 'stage1_n4__from__root__c04/stage2_n2__from__n0004__c02/stage3_n3__from__n0016__c02': 1, 'stage1_n1__from__root__c01/stage2_n2__from__n0001__c02/stage3_n2__from__n0007__c01': 6, 'stage1_n4__from__root__c04/stage2_n2__from__n0004__c02/stage3_n2__from__n0016__c01': 1, 'stage1_n3__from__root__c03/stage2_n3__from__n0003__c03/stage3_n4__from__n0014__c02/stage4_n2__from__n0048__c01': 1, 'stage1_n3__from__root__c03/stage2_n3__from__n0003__c03/stage3_n4__from__n0014__c02/stage4_n3__from__n0048__c02': 1, 'stage1_n4__from__root__c04/stage2_n2__from__n0004__c02/stage3_n5__from__n0016__c04/stage4_n3__from__n0055__c02': 1, 'stage1_n1__from__root__c01/stage2_n3__from__n0001__c03/stage3_n4__from__n0008__c02/stage4_n2__from__n0030__c01': 1, 'stage1_n3__from__root__c03/stage2_n3__from__n0003__c03/stage3_n5__from__n0014__c03/stage4_n2__from__n0049__c01': 1, 'stage1_n3__from__root__c03/stage2_n2__from__n0003__c02/stage3_n3__from__n0013__c02': 5, 'stage1_n4__from__root__c04/stage2_n2__from__n0004__c02/stage3_n5__from__n0016__c04/stage4_n2__from__n0055__c01': 1, 'stage1_n1__from__root__c01/stage2_n2__from__n0001__c02/stage3_n5__from__n0007__c04/stage4_n3__from__n0028__c02': 1, 'stage1_n3__from__root__c03/stage2_n2__from__n0003__c02/stage3_n2__from__n0013__c01': 1, 'stage1_n2__from__root__c02/stage2_n3__from__n0002__c03/stage3_n5__from__n0011__c03/stage4_n3__from__n0040__c02': 1}","['stage1_n1__from__root__c01', 'stage2_n1__from__n0001__c01', 'stage3_n1__from__n0006__c01', 'stage4_n1__from__n0023__c01', 'stage5_n2__from__n0074__c02']",0.012568632711238047,ps_favored_v11_target_good_cyclic_target_phase,"['stage1_n1__from__root__c01', 'stage2_n1__from__n0001__c01', 'stage3_n1__from__n0006__c01', 'stage4_n1__from__n0023__c01', 'stage5_n2__from__n0074__c02']",440,3125,False,0.02,0.15
shared_basin_strong_4of5_prefix_dedup,external_tree,shared_basin_strong_4of5_prefix_dedup,5,5,,,external_tree_spec,external_tree_spec,ps_favored_trap_v11_cyclic_baited,3,166,5,"[166, 333, 500, 666, 833]",2,direct_multistage_exp3,direct_multistage_exp3,0.2,,,0.0,,,"{'eta': 0.2, 'eta_shared': None, 'gamma_shared': None, 'epsilon': 0.0, 'shared_estimator_variant': None, 'shared_denominator_mode': None, 'policy_kwargs': {'eta': 0.2}}",0.2,0.2,,,1000,57.0,12.568632711238047,44.431367288761955,0.04443136728876195,0.057,0.057,0.0,0.024941170801406128,0.0,20,167,834,0.812,0.058,0.894,0.824,0.07,0.026,0.01,0.01,0.894,0.894,0.824,0.824,0.903,0.009,0.903,0.004,0,"['stage1_n5__from__root__c05', 'stage2_n5__from__n0005__c03', 'stage3_n3__from__n0022__c01', 'stage4_n2__from__n0071__c01', 'stage5_n2__from__n0206__c02']",0.985,0,5000,0,,,0.0,,,0.0,,,0.0,,0.0,,{},"['stage1_n1__from__root__c01', 'stage2_n1__from__n0001__c01', 'stage3_n1__from__n0006__c01', 'stage4_n1__from__n0023__c01', 'stage5_n2__from__n0074__c02']",0.012568632711238047,ps_favored_v11_target_good_cyclic_target_phase,"['stage1_n1__from__root__c01', 'stage2_n1__from__n0001__c01', 'stage3_n1__from__n0006__c01', 'stage4_n1__from__n0023__c01', 'stage5_n2__from__n0074__c02']",440,3125,False,0.02,0.15
shared_basin_strong_4of5_prefix_dedup,external_tree,shared_basin_strong_4of5_prefix_dedup,5,5,,,external_tree_spec,external_tree_spec,ps_favored_trap_v11_cyclic_baited,3,166,5,"[166, 333, 500, 666, 833]",2,direct_multistage_exp3_local,direct_multistage_exp3_local,0.2,,,0.0,,,"{'eta': 0.2, 'eta_shared': None, 'gamma_shared': None, 'epsilon': 0.0, 'shared_estimator_variant': None, 'shared_denominator_mode': None, 'policy_kwargs': {'eta': 0.2}}",0.2,0.2,,,1000,63.0,12.568632711238047,50.431367288761955,0.05043136728876196,0.063,0.063,0.0,0.024941170801406128,0.0,20,167,834,0.822,0.016,0.916,0.824,0.092,0.03,0.004,0.004,0.916,0.916,0.824,0.824,0.923,0.007,0.923,0.0,0,"['stage1_n5__from__root__c05', 'stage2_n5__from__n0005__c03', 'stage3_n3__from__n0022__c01', 'stage4_n2__from__n0071__c01', 'stage5_n2__from__n0206__c02']",0.985,0,5000,0,,,0.0,,,0.0,,,0.0,,0.0,,{},"['stage1_n1__from__root__c01', 'stage2_n1__from__n0001__c01', 'stage3_n1__from__n0006__c01', 'stage4_n1__from__n0023__c01', 'stage5_n2__from__n0074__c02']",0.012568632711238047,ps_favored_v11_target_good_cyclic_target_phase,"['stage1_n1__from__root__c01', 'stage2_n1__from__n0001__c01', 'stage3_n1__from__n0006__c01', 'stage4_n1__from__n0023__c01', 'stage5_n2__from__n0074__c02']",440,3125,False,0.02,0.15
shared_basin_strong_4of5_prefix_dedup,external_tree,shared_basin_strong_4of5_prefix_dedup,5,5,,,external_tree_spec,external_tree_spec,ps_favored_trap_v11_cyclic_baited,3,166,5,"[166, 333, 500, 666, 833]",2,epsilon_exp3,epsilon_exp3,0.2,,,0.01,,,"{'eta': 0.2, 'eta_shared': None, 'gamma_shared': None, 'epsilon': 0.01, 'shared_estimator_variant': None, 'shared_denominator_mode': None, 'policy_kwargs': {'eta': 0.2, 'epsilon': 0.01}}",0.2,0.2,0.01,,1000,78.0,12.568632711238047,65.43136728876195,0.06543136728876195,0.078,0.078,0.0,0.05491718998605841,0.0,20,167,834,0.783,0.05,0.869,0.788,0.081,0.047,0.008,0.008,0.869,0.869,0.788,0.788,0.882,0.013,0.882,0.001,0,"['stage1_n5__from__root__c05', 'stage2_n3__from__n0005__c01', 'stage3_n5__from__n0020__c03', 'stage4_n3__from__n0067__c02', 'stage5_n3__from__n0193__c03']",0.988,0,5000,0,,,0.0,,,0.0,,,0.0,,0.0,,{},"['stage1_n1__from__root__c01', 'stage2_n1__from__n0001__c01', 'stage3_n1__from__n0006__c01', 'stage4_n1__from__n0023__c01', 'stage5_n2__from__n0074__c02']",0.012568632711238047,ps_favored_v11_target_good_cyclic_target_phase,"['stage1_n1__from__root__c01', 'stage2_n1__from__n0001__c01', 'stage3_n1__from__n0006__c01', 'stage4_n1__from__n0023__c01', 'stage5_n2__from__n0074__c02']",440,3125,False,0.02,0.15
shared_basin_strong_4of5_prefix_dedup,external_tree,shared_basin_strong_4of5_prefix_dedup,5,5,,,external_tree_spec,external_tree_spec,ps_favored_trap_v11_cyclic_baited,3,166,5,"[166, 333, 500, 666, 833]",2,naive_mixed_avg,naive_mixed_avg,,,,,,,"{'eta': None, 'eta_shared': None, 'gamma_shared': None, 'epsilon': None, 'shared_estimator_variant': None, 'shared_denominator_mode': None, 'policy_kwargs': {}}",,,,,1000,14.0,12.568632711238047,1.4313672887619528,0.001431367288761953,0.014,0.014,0.0,0.0021593962210703956,0.0,20,167,834,0.0,0.0,0.946,0.774,0.172,0.053,0.051,0.051,0.946,0.946,0.774,0.774,0.983,0.037,0.983,0.608,0,"['stage1_n1__from__root__c01', 'stage2_n1__from__n0001__c01', 'stage3_n1__from__n0006__c01', 'stage4_n1__from__n0023__c01', 'stage5_n1__from__n0074__c01']",1.0,0,0,0,,,0.0,,,0.0,,,0.0,,0.0,,{},"['stage1_n1__from__root__c01', 'stage2_n1__from__n0001__c01', 'stage3_n1__from__n0006__c01', 'stage4_n1__from__n0023__c01', 'stage5_n2__from__n0074__c02']",0.012568632711238047,ps_favored_v11_target_good_cyclic_target_phase,"['stage1_n1__from__root__c01', 'stage2_n1__from__n0001__c01', 'stage3_n1__from__n0006__c01', 'stage4_n1__from__n0023__c01', 'stage5_n2__from__n0074__c02']",440,3125,False,0.02,0.15
shared_basin_strong_4of5_prefix_dedup,external_tree,shared_basin_strong_4of5_prefix_dedup,5,5,,,external_tree_spec,external_tree_spec,ps_favored_trap_v11_cyclic_baited,3,166,5,"[166, 333, 500, 666, 833]",2,naive_mixed,naive_mixed,,,,,,,"{'eta': None, 'eta_shared': None, 'gamma_shared': None, 'epsilon': None, 'shared_estimator_variant': None, 'shared_denominator_mode': None, 'policy_kwargs': {}}",,,,,1000,505.0,12.568632711238047,492.431367288762,0.49243136728876197,0.505,0.505,0.8,0.5908884130076412,0.8,20,167,834,0.108,0.0,0.997,0.274,0.723,0.002,0.0,0.0,0.997,0.997,0.274,0.274,0.998,0.001,0.998,0.0,0,"['stage1_n1__from__root__c01', 'stage2_n1__from__n0001__c01', 'stage3_n1__from__n0006__c01', 'stage4_n1__from__n0023__c01', 'stage5_n1__from__n0074__c01']",1.0,0,0,0,,,0.0,,,0.0,,,0.0,,0.0,,{},"['stage1_n1__from__root__c01', 'stage2_n1__from__n0001__c01', 'stage3_n1__from__n0006__c01', 'stage4_n1__from__n0023__c01', 'stage5_n2__from__n0074__c02']",0.012568632711238047,ps_favored_v11_target_good_cyclic_target_phase,"['stage1_n1__from__root__c01', 'stage2_n1__from__n0001__c01', 'stage3_n1__from__n0006__c01', 'stage4_n1__from__n0023__c01', 'stage5_n2__from__n0074__c02']",440,3125,False,0.02,0.15
shared_basin_strong_4of5_prefix_dedup,external_tree,shared_basin_strong_4of5_prefix_dedup,5,5,,,external_tree_spec,external_tree_spec,ps_favored_trap_v11_cyclic_baited,3,166,5,"[166, 333, 500, 666, 833]",2,random_path,random_path,,,,,,,"{'eta': None, 'eta_shared': None, 'gamma_shared': None, 'epsilon': None, 'shared_estimator_variant': None, 'shared_denominator_mode': None, 'policy_kwargs': {}}",,,,,1000,696.0,12.568632711238047,683.431367288762,0.683431367288762,0.696,0.696,0.5,0.7395694681635164,0.5,20,167,834,0.023,0.085,0.256,0.071,0.185,0.263,0.097,0.097,0.256,0.256,0.071,0.071,0.313,0.057,0.313,0.012,0,"['stage1_n1__from__root__c01', 'stage2_n1__from__n0001__c01', 'stage3_n1__from__n0006__c01', 'stage4_n1__from__n0023__c01', 'stage5_n1__from__n0074__c01']",0.919,0,0,0,,,0.0,,,0.0,,,0.0,,0.0,,{},"['stage1_n1__from__root__c01', 'stage2_n1__from__n0001__c01', 'stage3_n1__from__n0006__c01', 'stage4_n1__from__n0023__c01', 'stage5_n2__from__n0074__c02']",0.012568632711238047,ps_favored_v11_target_good_cyclic_target_phase,"['stage1_n1__from__root__c01', 'stage2_n1__from__n0001__c01', 'stage3_n1__from__n0006__c01', 'stage4_n1__from__n0023__c01', 'stage5_n2__from__n0074__c02']",440,3125,False,0.02,0.15
