seed,method,episode_count,episode_index,dataset_index,raw_total_cost,cumulative_raw_total_cost,cumulative_raw_total_cost_per_episode,raw_terminal_penalty,raw_reasoning_cost_component,schedule_phase,exact_match,terminal_clear_success_proxy,terminal_auxiliary_success_proxy
0,risky_ps,1,0,1,4.831605,4.831605,4.831605,0.0,4.764905,trap_pre_switch,True,True,True
0,risky_ps,2,1,3,4.890479999999999,9.722085,4.8610425,0.0,4.82518,trap_pre_switch,True,True,True
0,risky_ps,3,2,6,5.167730000000001,14.889815,4.9632716666666665,0.0,5.09273,trap_pre_switch,True,True,True
0,risky_ps,4,3,15,5.343605,20.233420000000002,5.058355000000001,0.0,5.267805,trap_pre_switch,True,True,True
0,risky_ps,5,4,17,4.925605,25.159025000000003,5.031805,0.0,4.861405,trap_pre_switch,True,True,True
0,risky_ps,6,5,18,5.727475,30.886500000000005,5.147750000000001,0.0,5.652275,trap_pre_switch,True,True,True
0,risky_ps,7,6,19,3.95894,34.84544,4.97792,0.0,3.89574,trap_pre_switch,True,True,True
0,risky_ps,8,7,20,4.42468,39.270120000000006,4.908765000000001,0.0,4.36458,trap_pre_switch,True,True,True
0,risky_ps,9,8,21,4.840875,44.110995,4.901221666666667,0.0,4.768375,trap_pre_switch,True,True,True
0,risky_ps,10,9,22,4.91523,49.026225000000004,4.9026225000000005,0.0,4.84213,trap_pre_switch,True,True,True
0,risky_ps,11,10,1,3.57594,52.60216500000001,4.782015,0.0,3.51934,trap_pre_switch,True,True,True
0,risky_ps,12,11,3,5.38526,57.98742500000001,4.832285416666667,0.0,5.30776,trap_pre_switch,True,True,True
0,risky_ps,13,12,6,3.182485,61.16991000000001,4.705377692307693,0.0,3.118385,trap_pre_switch,True,True,True
0,risky_ps,14,13,15,4.604155,65.77406500000001,4.6981475,0.0,4.533755,trap_pre_switch,True,True,True
0,risky_ps,15,14,17,4.583775,70.35784000000001,4.690522666666667,0.0,4.515475,trap_pre_switch,True,True,True
0,risky_ps,16,15,18,6.461374999999999,76.81921500000001,4.801200937500001,0.0,6.385375,trap_pre_switch,True,True,True
0,risky_ps,17,16,19,5.69907,82.51828500000002,4.854016764705883,0.0,5.62487,trap_pre_switch,True,True,True
0,risky_ps,18,17,20,4.46718,86.98546500000002,4.832525833333334,0.0,4.40108,trap_pre_switch,True,True,True
0,risky_ps,19,18,21,8.065900000000001,95.05136500000002,5.002703421052632,0.0,7.988,trap_pre_switch,True,True,True
0,risky_ps,20,19,22,5.851,100.90236500000002,5.045118250000001,0.0,5.7817,trap_pre_switch,True,True,True
0,risky_ps,21,20,1,4.247415,105.14978000000002,5.007132380952382,0.0,4.186615,trap_pre_switch,True,True,True
0,risky_ps,22,21,3,3.7567049999999997,108.90648500000002,4.950294772727274,0.0,3.689605,trap_pre_switch,True,True,True
0,risky_ps,23,22,6,5.366065,114.27255000000002,4.968371739130435,0.0,5.292165,trap_pre_switch,True,True,True
0,risky_ps,24,23,15,5.0697,119.34225000000002,4.972593750000001,0.0,4.9955,trap_pre_switch,True,True,True
0,risky_ps,25,24,17,4.595575,123.93782500000002,4.9575130000000005,0.0,4.515475,trap_pre_switch,True,True,True
0,risky_ps,26,25,2,3.7305699999999997,127.66839500000002,4.910322884615385,0.0,3.65697,target_post_switch,True,True,True
0,risky_ps,27,26,9,10.713439999999999,138.38183500000002,5.125253148148149,6.0,4.63484,target_post_switch,True,True,False
0,risky_ps,28,27,10,11.35756,149.73939500000003,5.347835535714287,6.0,5.28556,target_post_switch,True,True,False
0,risky_ps,29,28,13,17.20486,166.94425500000003,5.756698448275863,12.0,5.13176,target_post_switch,False,False,False
0,risky_ps,30,29,16,5.1153699999999995,172.05962500000004,5.7353208333333345,0.0,5.05157,target_post_switch,True,True,True
0,risky_ps,31,30,32,4.01635,176.07597500000003,5.6798701612903235,0.0,3.94535,target_post_switch,True,True,True
0,risky_ps,32,31,33,4.75207,180.82804500000003,5.650876406250001,0.0,4.68257,target_post_switch,True,True,True
0,risky_ps,33,32,34,6.0179800000000006,186.84602500000003,5.6620007575757585,0.0,5.94148,target_post_switch,True,True,True
0,risky_ps,34,33,35,4.93414,191.78016500000004,5.6405930882352955,0.0,4.86624,target_post_switch,True,True,True
0,risky_ps,35,34,36,4.07495,195.85511500000004,5.59586042857143,0.0,4.01205,target_post_switch,True,True,True
0,risky_ps,36,35,2,5.6888,201.54391500000003,5.598442083333334,0.0,5.6098,target_post_switch,True,True,True
0,risky_ps,37,36,9,18.48454,220.02845500000004,5.946715000000001,12.0,6.41044,target_post_switch,False,False,False
0,risky_ps,38,37,10,12.10465,232.13310500000003,6.108765921052632,6.0,6.02935,target_post_switch,True,True,False
0,risky_ps,39,38,13,11.41319,243.54629500000004,6.244776794871796,6.0,5.34079,target_post_switch,True,True,False
0,risky_ps,40,39,16,5.40314,248.94943500000005,6.223735875000001,0.0,5.33174,target_post_switch,True,True,True
0,risky_ps,41,40,32,4.7734499999999995,253.72288500000005,6.188363048780489,0.0,4.70095,target_post_switch,True,True,True
0,risky_ps,42,41,33,4.65045,258.37333500000005,6.1517460714285725,0.0,4.57325,target_post_switch,True,True,True
0,risky_ps,43,42,34,19.498065,277.87140000000005,6.46212558139535,14.0,5.434265,target_post_switch,False,False,False
0,risky_ps,44,43,35,4.19248,282.06388000000004,6.410542727272728,0.0,4.11998,target_post_switch,True,True,True
0,risky_ps,45,44,36,20.103005,302.16688500000004,6.714819666666667,14.0,6.039005,target_post_switch,False,False,False
0,risky_ps,46,45,2,4.23408,306.40096500000004,6.660890543478262,0.0,4.15128,target_post_switch,True,True,True
0,risky_ps,47,46,9,13.40026,319.80122500000004,6.804281382978725,6.0,7.33446,target_post_switch,True,True,False
0,risky_ps,48,47,10,19.47038,339.271605,7.0681584375,12.0,7.40128,target_post_switch,False,False,False
0,risky_ps,49,48,13,17.96286,357.234465,7.290499285714286,12.0,5.89076,target_post_switch,False,False,False
0,risky_ps,50,49,16,4.513045,361.74751,7.234950199999999,0.0,4.446945,target_post_switch,True,True,True
0,risky_ps,51,50,32,4.820749999999999,366.56825999999995,7.18761294117647,0.0,4.74595,target_post_switch,True,True,True
0,risky_ps,52,51,33,3.93334,370.50159999999994,7.125030769230768,0.0,3.85924,target_post_switch,True,True,True
0,risky_ps,53,52,34,4.05248,374.55407999999994,7.067058113207546,0.0,3.99078,target_post_switch,True,True,True
0,risky_ps,54,53,35,4.678920000000001,379.23299999999995,7.022833333333332,0.0,4.59942,target_post_switch,True,True,True
0,risky_ps,55,54,36,4.24938,383.4823799999999,6.972406909090908,0.0,4.17368,target_post_switch,True,True,True
0,risky_ps,56,55,2,5.35423,388.8366099999999,6.943510892857141,0.0,5.28643,target_post_switch,True,True,True
0,risky_ps,57,56,9,20.049495,408.8861049999999,7.173440438596489,14.0,5.982495,target_post_switch,False,False,False
0,risky_ps,58,57,10,17.89084,426.7769449999999,7.35822318965517,12.0,5.82474,target_post_switch,False,False,False
0,risky_ps,59,58,13,6.7076649999999995,433.4846099999999,7.347196779661015,0.0,6.634865,target_post_switch,True,True,True
0,risky_ps,60,59,16,6.0718950000000005,439.5565049999999,7.325941749999998,0.0,6.007595,target_post_switch,True,True,True
0,risky_ps,61,60,32,4.81949,444.3759949999999,7.284852377049178,0.0,4.74469,target_post_switch,True,True,True
0,risky_ps,62,61,33,5.132735,449.5087299999999,7.250140806451611,0.0,5.055335,target_post_switch,True,True,True
0,risky_ps,63,62,34,4.1313,453.6400299999999,7.200635396825396,0.0,4.0537,target_post_switch,True,True,True
0,risky_ps,64,63,35,4.80576,458.44578999999993,7.163215468749999,0.0,4.72926,target_post_switch,True,True,True
0,risky_ps,65,64,36,4.820869999999999,463.26665999999994,7.127179384615384,0.0,4.74297,target_post_switch,True,True,True
0,risky_ps,66,65,2,19.162644999999998,482.42930499999994,7.309534924242423,13.0,6.093245,target_post_switch,False,False,False
0,risky_ps,67,66,9,20.60641,503.0357149999999,7.507995746268656,14.0,6.54451,target_post_switch,False,False,False
0,risky_ps,68,67,10,12.11826,515.153975,7.575793749999999,6.0,6.04076,target_post_switch,True,True,False
0,risky_ps,69,68,13,11.42546,526.579435,7.631586014492753,6.0,5.35136,target_post_switch,True,True,False
0,risky_ps,70,69,16,6.11993,532.699365,7.609990928571428,0.0,6.05403,target_post_switch,True,True,True
0,risky_ps,71,70,32,4.82789,537.527255,7.570806408450704,0.0,4.75309,target_post_switch,True,True,True
0,risky_ps,72,71,33,3.831795,541.35905,7.518875694444445,0.0,3.759095,target_post_switch,True,True,True
0,risky_ps,73,72,34,4.105709999999999,545.4647600000001,7.472120000000001,0.0,4.02971,target_post_switch,True,True,True
0,risky_ps,74,73,35,18.388015,563.8527750000001,7.6196320945945955,12.0,6.318815,target_post_switch,False,False,False
0,risky_ps,75,74,36,4.80624,568.6590150000001,7.582120200000001,0.0,4.72974,target_post_switch,True,True,True
0,risky_ps,76,75,2,4.23898,572.897995,7.538131513157896,0.0,4.16318,target_post_switch,True,True,True
0,risky_ps,77,76,9,13.64125,586.539245,7.617392792207793,6.0,7.56475,target_post_switch,True,True,False
0,risky_ps,78,77,10,19.20963,605.748875,7.7660112179487175,12.0,7.13503,target_post_switch,False,False,False
0,risky_ps,79,78,13,17.67997,623.428845,7.891504367088608,12.0,5.61287,target_post_switch,False,False,False
0,risky_ps,80,79,16,6.42705,629.855895,7.8731986875,0.0,6.36225,target_post_switch,True,True,True
0,risky_ps,81,80,32,4.61485,634.4707450000001,7.832972160493828,0.0,4.54155,target_post_switch,True,True,True
0,risky_ps,82,81,33,4.70516,639.1759050000001,7.794828109756098,0.0,4.63956,target_post_switch,True,True,True
0,risky_ps,83,82,34,4.8535200000000005,644.0294250000001,7.7593906626506035,0.0,4.77822,target_post_switch,True,True,True
0,risky_ps,84,83,35,4.51959,648.549015,7.720821607142858,0.0,4.44459,target_post_switch,True,True,True
0,risky_ps,85,84,36,20.2777,668.826715,7.868549588235295,14.0,6.2126,target_post_switch,False,False,False
0,risky_ps,86,85,2,5.514480000000001,674.3411950000001,7.841176686046513,0.0,5.43578,target_post_switch,True,True,True
0,risky_ps,87,86,9,11.966605000000001,686.3078,7.888595402298851,6.0,5.896505,target_post_switch,True,True,False
0,risky_ps,88,87,10,17.936435,704.244235,8.002775397727273,12.0,5.869335,target_post_switch,False,False,False
0,risky_ps,89,88,13,6.948309999999999,711.192545,7.990927471910112,0.0,6.87231,target_post_switch,True,True,True
0,risky_ps,90,89,16,4.64356,715.836105,7.9537344999999995,0.0,4.57106,target_post_switch,True,True,True
0,risky_ps,91,90,32,3.51593,719.352035,7.904967417582418,0.0,3.44113,target_post_switch,True,True,True
0,risky_ps,92,91,33,4.02447,723.376505,7.862788097826086,0.0,3.95457,target_post_switch,True,True,True
0,risky_ps,93,92,34,19.767155000000002,743.14366,7.990792043010752,14.0,5.699555,target_post_switch,False,False,False
0,risky_ps,94,93,35,4.07223,747.21589,7.949105212765957,0.0,3.99273,target_post_switch,True,True,True
0,risky_ps,95,94,36,19.92212,767.1380099999999,8.07513694736842,14.0,5.85052,target_post_switch,False,False,False
0,risky_ps,96,95,2,6.26798,773.4059899999999,8.056312395833332,0.0,6.19008,target_post_switch,True,True,True
0,risky_ps,97,96,9,21.831245,795.2372349999998,8.198322010309276,14.0,7.763445,target_post_switch,False,False,False
0,risky_ps,98,97,10,14.735865,809.9730999999998,8.26503163265306,6.0,8.667665,target_post_switch,True,True,False
0,risky_ps,99,98,13,11.488795,821.4618949999998,8.297594898989898,6.0,5.413295,target_post_switch,True,True,False
0,risky_ps,100,99,16,4.52987,825.9917649999998,8.259917649999998,0.0,4.45207,target_post_switch,True,True,True
0,direct_multistage_exp3,1,0,1,4.97306,4.97306,4.97306,0.0,4.90216,trap_pre_switch,True,True,True
0,direct_multistage_exp3,2,1,3,5.951765,10.924825,5.4624125,0.0,5.884865,trap_pre_switch,True,True,True
0,direct_multistage_exp3,3,2,6,5.705325,16.63015,5.543383333333334,0.0,5.635125,trap_pre_switch,True,True,True
0,direct_multistage_exp3,4,3,15,5.348205,21.978355,5.49458875,0.0,5.269805,trap_pre_switch,True,True,True
0,direct_multistage_exp3,5,4,17,4.46591,26.444265,5.2888530000000005,0.0,4.39991,trap_pre_switch,True,True,True
0,direct_multistage_exp3,6,5,18,4.4418299999999995,30.886095,5.1476825,0.0,4.36783,trap_pre_switch,True,True,True
0,direct_multistage_exp3,7,6,19,7.5085749999999996,38.39467,5.484952857142857,0.0,7.442475,trap_pre_switch,True,True,True
0,direct_multistage_exp3,8,7,20,4.42078,42.81545,5.35193125,0.0,4.34958,trap_pre_switch,True,True,True
0,direct_multistage_exp3,9,8,21,6.743975,49.559425,5.506602777777777,0.0,6.672375,trap_pre_switch,True,True,True
0,direct_multistage_exp3,10,9,22,4.16613,53.725555,5.3725555,0.0,4.09833,trap_pre_switch,True,True,True
0,direct_multistage_exp3,11,10,1,4.829605,58.55516,5.323196363636364,0.0,4.767905,trap_pre_switch,True,True,True
0,direct_multistage_exp3,12,11,3,3.749225,62.304385,5.192032083333333,0.0,3.685125,trap_pre_switch,True,True,True
0,direct_multistage_exp3,13,12,6,2.94701,65.251395,5.019338076923077,0.0,2.88891,trap_pre_switch,True,True,True
0,direct_multistage_exp3,14,13,15,5.331755,70.58315,5.041653571428571,0.0,5.262555,trap_pre_switch,True,True,True
0,direct_multistage_exp3,15,14,17,5.147385,75.730535,5.048702333333334,0.0,5.072185,trap_pre_switch,True,True,True
0,direct_multistage_exp3,16,15,18,4.85763,80.588165,5.0367603125,0.0,4.78303,trap_pre_switch,True,True,True
0,direct_multistage_exp3,17,16,19,6.65227,87.240435,5.131790294117647,0.0,6.57637,trap_pre_switch,True,True,True
0,direct_multistage_exp3,18,17,20,4.47814,91.718575,5.095476388888889,0.0,4.41214,trap_pre_switch,True,True,True
0,direct_multistage_exp3,19,18,21,4.141699999999999,95.860275,5.045277631578948,0.0,4.0741,trap_pre_switch,True,True,True
0,direct_multistage_exp3,20,19,22,5.129650000000001,100.989925,5.04949625,0.0,5.05395,trap_pre_switch,True,True,True
0,direct_multistage_exp3,21,20,1,5.69755,106.687475,5.080355952380953,0.0,5.62615,trap_pre_switch,True,True,True
0,direct_multistage_exp3,22,21,3,5.571715,112.25919,5.102690454545455,0.0,5.499615,trap_pre_switch,True,True,True
0,direct_multistage_exp3,23,22,6,5.15383,117.41302,5.104913913043478,0.0,5.08023,trap_pre_switch,True,True,True
0,direct_multistage_exp3,24,23,15,5.320355,122.73337500000001,5.113890625000001,0.0,5.244555,trap_pre_switch,True,True,True
0,direct_multistage_exp3,25,24,17,6.804,129.537375,5.181495,0.0,6.7275,trap_pre_switch,True,True,True
0,direct_multistage_exp3,26,25,2,4.993639999999999,134.531015,5.1742698076923075,0.0,4.92754,target_post_switch,True,True,True
0,direct_multistage_exp3,27,26,9,12.65546,147.186475,5.451350925925926,6.0,6.58616,target_post_switch,True,True,False
0,direct_multistage_exp3,28,27,10,12.83376,160.020235,5.715008392857143,6.0,6.75896,target_post_switch,True,True,False
0,direct_multistage_exp3,29,28,13,17.826079999999997,177.846315,6.132631551724138,12.0,5.74818,target_post_switch,False,False,False
0,direct_multistage_exp3,30,29,16,5.34587,183.192185,6.106406166666667,0.0,5.27007,target_post_switch,True,True,True
0,direct_multistage_exp3,31,30,32,4.3712349999999995,187.56342,6.050432903225807,0.0,4.312135,target_post_switch,True,True,True
0,direct_multistage_exp3,32,31,33,4.17835,191.74177,5.9919303125,0.0,4.10745,target_post_switch,True,True,True
0,direct_multistage_exp3,33,32,34,5.94084,197.68261,5.9903821212121215,0.0,5.87934,target_post_switch,True,True,True
0,direct_multistage_exp3,34,33,35,20.414485,218.09709500000002,6.414620441176472,14.0,6.353385,target_post_switch,False,False,False
0,direct_multistage_exp3,35,34,36,5.39013,223.48722500000002,6.385349285714287,0.0,5.32003,target_post_switch,True,True,True
0,direct_multistage_exp3,36,35,2,5.00501,228.49223500000002,6.347006527777778,0.0,4.93391,target_post_switch,True,True,True
0,direct_multistage_exp3,37,36,9,19.743075,248.23531000000003,6.709062432432433,14.0,5.683675,target_post_switch,False,False,False
0,direct_multistage_exp3,38,37,10,11.28934,259.52465,6.8295960526315795,6.0,5.21584,target_post_switch,True,True,False
0,direct_multistage_exp3,39,38,13,20.860245,280.38489500000003,7.189356282051283,15.0,5.794845,target_post_switch,False,False,False
0,direct_multistage_exp3,40,39,16,5.39692,285.78181500000005,7.144545375000002,0.0,5.32782,target_post_switch,True,True,True
0,direct_multistage_exp3,41,40,32,4.0897499999999996,289.87156500000003,7.070038170731708,0.0,4.01375,target_post_switch,True,True,True
0,direct_multistage_exp3,42,41,33,5.4855599999999995,295.35712500000005,7.0323125000000015,0.0,5.42036,target_post_switch,True,True,True
0,direct_multistage_exp3,43,42,34,4.670464999999999,300.02759000000003,6.9773858139534894,0.0,4.602065,target_post_switch,True,True,True
0,direct_multistage_exp3,44,43,35,5.52171,305.5493,6.944302272727273,0.0,5.44761,target_post_switch,True,True,True
0,direct_multistage_exp3,45,44,36,4.82045,310.36975,6.897105555555556,0.0,4.74325,target_post_switch,True,True,True
0,direct_multistage_exp3,46,45,2,5.43702,315.80677000000003,6.865364565217392,0.0,5.37222,target_post_switch,True,True,True
0,direct_multistage_exp3,47,46,9,11.956595,327.763365,6.973688617021277,6.0,5.887895,target_post_switch,True,True,False
0,direct_multistage_exp3,48,47,10,19.20837,346.971735,7.2285778125,12.0,7.13587,target_post_switch,False,False,False
0,direct_multistage_exp3,49,48,13,17.0785,364.05023500000004,7.4295966326530625,12.0,5.0127,target_post_switch,False,False,False
0,direct_multistage_exp3,50,49,16,4.65182,368.70205500000003,7.3740411,0.0,4.58212,target_post_switch,True,True,True
0,direct_multistage_exp3,51,50,32,4.05923,372.76128500000004,7.309044803921569,0.0,3.98393,target_post_switch,True,True,True
0,direct_multistage_exp3,52,51,33,3.51623,376.27751500000005,7.236106057692309,0.0,3.44043,target_post_switch,True,True,True
0,direct_multistage_exp3,53,52,34,4.737875,381.01539,7.18896962264151,0.0,4.664975,target_post_switch,True,True,True
0,direct_multistage_exp3,54,53,35,4.8234,385.83879,7.145162777777778,0.0,4.7462,target_post_switch,True,True,True
0,direct_multistage_exp3,55,54,36,4.807309999999999,390.6461,7.102656363636363,0.0,4.72981,target_post_switch,True,True,True
0,direct_multistage_exp3,56,55,2,19.827355,410.473455,7.329883125,14.0,5.758255,target_post_switch,False,False,False
0,direct_multistage_exp3,57,56,9,11.40152,421.874975,7.401315350877193,6.0,5.32252,target_post_switch,True,True,False
0,direct_multistage_exp3,58,57,10,12.63699,434.51196500000003,7.491585603448277,6.0,6.55949,target_post_switch,True,True,False
0,direct_multistage_exp3,59,58,13,12.17012,446.68208500000003,7.57088279661017,6.0,6.09602,target_post_switch,True,True,False
0,direct_multistage_exp3,60,59,16,4.72406,451.40614500000004,7.523435750000001,0.0,4.64506,target_post_switch,True,True,True
0,direct_multistage_exp3,61,60,32,4.886615,456.29276000000004,7.480209180327869,0.0,4.818215,target_post_switch,True,True,True
0,direct_multistage_exp3,62,61,33,4.627059999999999,460.91982,7.434190645161291,0.0,4.55106,target_post_switch,True,True,True
0,direct_multistage_exp3,63,62,34,4.1179,465.03772000000004,7.381551111111111,0.0,4.0404,target_post_switch,True,True,True
0,direct_multistage_exp3,64,63,35,4.93938,469.97710000000006,7.343392187500001,0.0,4.86988,target_post_switch,True,True,True
0,direct_multistage_exp3,65,64,36,4.18703,474.16413000000006,7.29483276923077,0.0,4.11883,target_post_switch,True,True,True
0,direct_multistage_exp3,66,65,2,6.72155,480.88568000000004,7.286146666666667,0.0,6.65945,target_post_switch,True,True,True
0,direct_multistage_exp3,67,66,9,11.95235,492.83803000000006,7.355791492537314,6.0,5.87335,target_post_switch,True,True,False
0,direct_multistage_exp3,68,67,10,11.89443,504.73246000000006,7.422536176470589,6.0,5.81693,target_post_switch,True,True,False
0,direct_multistage_exp3,69,68,13,17.17336,521.9058200000001,7.563852463768117,12.0,5.10236,target_post_switch,False,False,False
0,direct_multistage_exp3,70,69,16,22.547150000000002,544.45297,7.777899571428573,15.0,7.48865,target_post_switch,False,False,False
0,direct_multistage_exp3,71,70,32,4.24887,548.7018400000001,7.728194929577466,0.0,4.17167,target_post_switch,True,True,True
0,direct_multistage_exp3,72,71,33,3.92804,552.6298800000001,7.675415000000001,0.0,3.85224,target_post_switch,True,True,True
0,direct_multistage_exp3,73,72,34,4.130319999999999,556.7602,7.626852054794521,0.0,4.05132,target_post_switch,True,True,True
0,direct_multistage_exp3,74,73,35,4.821,561.5812000000001,7.588935135135136,0.0,4.7462,target_post_switch,True,True,True
0,direct_multistage_exp3,75,74,36,4.0636399999999995,565.64484,7.5419312000000005,0.0,3.99014,target_post_switch,True,True,True
0,direct_multistage_exp3,76,75,2,5.69207,571.33691,7.517590921052632,0.0,5.61967,target_post_switch,True,True,True
0,direct_multistage_exp3,77,76,9,14.127489999999998,585.4644,7.603433766233765,6.0,8.05609,target_post_switch,True,True,False
0,direct_multistage_exp3,78,77,10,12.106480000000001,597.57088,7.661165128205128,6.0,6.02928,target_post_switch,True,True,False
0,direct_multistage_exp3,79,78,13,5.610589999999999,603.18147,7.635208481012658,0.0,5.53539,target_post_switch,True,True,True
0,direct_multistage_exp3,80,79,16,7.21337,610.39484,7.6299355,0.0,7.15257,target_post_switch,True,True,True
0,direct_multistage_exp3,81,80,32,4.65326,615.0481000000001,7.593186419753088,0.0,4.57676,target_post_switch,True,True,True
0,direct_multistage_exp3,82,81,33,4.46326,619.5113600000001,7.555016585365855,0.0,4.38746,target_post_switch,True,True,True
0,direct_multistage_exp3,83,82,34,3.3744300000000003,622.88579,7.504648072289157,0.0,3.29693,target_post_switch,True,True,True
0,direct_multistage_exp3,84,83,35,4.19768,627.08347,7.4652794047619055,0.0,4.12348,target_post_switch,True,True,True
0,direct_multistage_exp3,85,84,36,17.606685,644.690155,7.5845900588235295,12.0,5.537785,target_post_switch,False,False,False
0,direct_multistage_exp3,86,85,2,4.99563,649.685785,7.554485872093023,0.0,4.93083,target_post_switch,True,True,True
0,direct_multistage_exp3,87,86,9,7.47289,657.158675,7.5535479885057475,0.0,7.39389,target_post_switch,True,True,True
0,direct_multistage_exp3,88,87,10,11.3524,668.511075,7.596716761363637,6.0,5.2766,target_post_switch,True,True,False
0,direct_multistage_exp3,89,88,13,12.19875,680.709825,7.6484250000000005,6.0,6.12275,target_post_switch,True,True,False
0,direct_multistage_exp3,90,89,16,4.7105,685.420325,7.615781388888889,0.0,4.6347,target_post_switch,True,True,True
0,direct_multistage_exp3,91,90,32,5.0344050000000005,690.45473,7.587414615384616,0.0,4.973205,target_post_switch,True,True,True
0,direct_multistage_exp3,92,91,33,4.75711,695.21184,7.556650434782609,0.0,4.68691,target_post_switch,True,True,True
0,direct_multistage_exp3,93,92,34,5.259869999999999,700.47171,7.531953870967742,0.0,5.18387,target_post_switch,True,True,True
0,direct_multistage_exp3,94,93,35,4.07182,704.54353,7.495143936170213,0.0,3.99602,target_post_switch,True,True,True
0,direct_multistage_exp3,95,94,36,4.2533,708.79683,7.461019263157895,0.0,4.1832,target_post_switch,True,True,True
0,direct_multistage_exp3,96,95,2,5.519340000000001,714.31617,7.440793437500001,0.0,5.45814,target_post_switch,True,True,True
0,direct_multistage_exp3,97,96,9,12.900870000000001,727.2170400000001,7.497082886597939,6.0,6.82507,target_post_switch,True,True,False
0,direct_multistage_exp3,98,97,10,11.349,738.5660400000002,7.536388163265308,6.0,5.2766,target_post_switch,True,True,False
0,direct_multistage_exp3,99,98,13,11.59019,750.1562300000002,7.577335656565658,6.0,5.51439,target_post_switch,True,True,False
0,direct_multistage_exp3,100,99,16,5.224724999999999,755.3809550000002,7.553809550000002,0.0,5.160625,target_post_switch,True,True,True
0,epsilon_exp3,1,0,1,4.828405,4.828405,4.828405,0.0,4.762905,trap_pre_switch,True,True,True
0,epsilon_exp3,2,1,3,4.888179999999999,9.716584999999998,4.858292499999999,0.0,4.82518,trap_pre_switch,True,True,True
0,epsilon_exp3,3,2,6,5.12387,14.840454999999999,4.946818333333333,0.0,5.06477,trap_pre_switch,True,True,True
0,epsilon_exp3,4,3,15,5.1519,19.992355,4.99808875,0.0,5.0742,trap_pre_switch,True,True,True
0,epsilon_exp3,5,4,17,5.884125,25.87648,5.175296,0.0,5.808125,trap_pre_switch,True,True,True
0,epsilon_exp3,6,5,18,6.1313,32.007780000000004,5.334630000000001,0.0,6.056,trap_pre_switch,True,True,True
0,epsilon_exp3,7,6,19,7.480675,39.488455,5.641207857142858,0.0,7.410475,trap_pre_switch,True,True,True
0,epsilon_exp3,8,7,20,4.83413,44.322585000000004,5.5403231250000005,0.0,4.76053,trap_pre_switch,True,True,True
0,epsilon_exp3,9,8,21,5.67096,49.993545000000005,5.5548383333333335,0.0,5.60076,trap_pre_switch,True,True,True
0,epsilon_exp3,10,9,22,5.286754999999999,55.280300000000004,5.52803,0.0,5.216555,trap_pre_switch,True,True,True
0,epsilon_exp3,11,10,1,5.290355,60.570655,5.506423181818182,0.0,5.220455,trap_pre_switch,True,True,True
0,epsilon_exp3,12,11,3,4.42122,64.99187500000001,5.415989583333334,0.0,4.36262,trap_pre_switch,True,True,True
0,epsilon_exp3,13,12,6,5.88943,70.88130500000001,5.452408076923078,0.0,5.82373,trap_pre_switch,True,True,True
0,epsilon_exp3,14,13,15,4.614605,75.49591000000001,5.392565,0.0,4.543005,trap_pre_switch,True,True,True
0,epsilon_exp3,15,14,17,5.102939999999999,80.59885000000001,5.373256666666667,0.0,5.03534,trap_pre_switch,True,True,True
0,epsilon_exp3,16,15,18,4.06398,84.66283000000001,5.291426875000001,0.0,3.99448,trap_pre_switch,True,True,True
0,epsilon_exp3,17,16,19,6.51835,91.18118000000001,5.363598823529412,0.0,6.44885,trap_pre_switch,True,True,True
0,epsilon_exp3,18,17,20,6.471175000000001,97.65235500000001,5.425130833333334,0.0,6.395875,trap_pre_switch,True,True,True
0,epsilon_exp3,19,18,21,16.370625,114.02298000000002,6.001209473684211,10.0,6.294125,trap_pre_switch,False,False,True
0,epsilon_exp3,20,19,22,4.87923,118.90221000000003,5.945110500000001,0.0,4.81213,trap_pre_switch,True,True,True
0,epsilon_exp3,21,20,1,4.4256400000000005,123.32785000000003,5.872754761904763,0.0,4.35254,trap_pre_switch,True,True,True
0,epsilon_exp3,22,21,3,5.39766,128.72551,5.851159545454546,0.0,5.32176,trap_pre_switch,True,True,True
0,epsilon_exp3,23,22,6,6.01975,134.74526,5.858489565217392,0.0,5.94625,trap_pre_switch,True,True,True
0,epsilon_exp3,24,23,15,5.4801,140.22536,5.842723333333333,0.0,5.4002,trap_pre_switch,True,True,True
0,epsilon_exp3,25,24,17,4.187065,144.41242499999998,5.776496999999999,0.0,4.120965,trap_pre_switch,True,True,True
0,epsilon_exp3,26,25,2,5.087330000000001,149.499755,5.749990576923077,0.0,5.02223,target_post_switch,True,True,True
0,epsilon_exp3,27,26,9,19.297449999999998,168.797205,6.251748333333333,12.0,7.23015,target_post_switch,False,False,False
0,epsilon_exp3,28,27,10,11.338149999999999,180.135355,6.433405535714286,6.0,5.26295,target_post_switch,True,True,False
0,epsilon_exp3,29,28,13,11.43138,191.566735,6.60574948275862,6.0,5.35388,target_post_switch,True,True,False
0,epsilon_exp3,30,29,16,8.59967,200.166405,6.6722135,0.0,8.53837,target_post_switch,True,True,True
0,epsilon_exp3,31,30,32,4.03183,204.198235,6.587039838709678,0.0,3.95963,target_post_switch,True,True,True
0,epsilon_exp3,32,31,33,5.168825,209.36706,6.542720625,0.0,5.103625,target_post_switch,True,True,True
0,epsilon_exp3,33,32,34,4.66054,214.0276,6.485684848484849,0.0,4.58214,target_post_switch,True,True,True
0,epsilon_exp3,34,33,35,3.69877,217.72637,6.403716764705883,0.0,3.61977,target_post_switch,True,True,True
0,epsilon_exp3,35,34,36,19.241815000000003,236.968185,6.770519571428571,14.0,5.172715,target_post_switch,False,False,False
0,epsilon_exp3,36,35,2,6.44319,243.411375,6.761427083333333,0.0,6.36599,target_post_switch,True,True,True
0,epsilon_exp3,37,36,9,17.73668,261.148055,7.058055540540541,12.0,5.66348,target_post_switch,False,False,False
0,epsilon_exp3,38,37,10,11.36248,272.510535,7.1713298684210525,6.0,5.28668,target_post_switch,True,True,False
0,epsilon_exp3,39,38,13,17.214370000000002,289.72490500000004,7.428843717948719,12.0,5.13847,target_post_switch,False,False,False
0,epsilon_exp3,40,39,16,5.3650199999999995,295.08992500000005,7.377248125000001,0.0,5.29892,target_post_switch,True,True,True
0,epsilon_exp3,41,40,32,3.92088,299.01080500000006,7.292946463414635,0.0,3.84678,target_post_switch,True,True,True
0,epsilon_exp3,42,41,33,3.3318600000000003,302.34266500000007,7.198634880952382,0.0,3.26256,target_post_switch,True,True,True
0,epsilon_exp3,43,42,34,4.8996949999999995,307.2423600000001,7.1451711627906995,0.0,4.826795,target_post_switch,True,True,True
0,epsilon_exp3,44,43,35,4.191039999999999,311.43340000000006,7.078031818181819,0.0,4.12264,target_post_switch,True,True,True
0,epsilon_exp3,45,44,36,4.76609,316.1994900000001,7.026655333333335,0.0,4.69109,target_post_switch,True,True,True
0,epsilon_exp3,46,45,2,18.751185,334.9506750000001,7.28153641304348,13.0,5.673385,target_post_switch,False,False,False
0,epsilon_exp3,47,46,9,18.45496,353.4056350000001,7.519268829787236,12.0,6.38356,target_post_switch,False,False,False
0,epsilon_exp3,48,47,10,23.113905000000003,376.51954000000006,7.844157083333335,14.0,9.047005,target_post_switch,False,False,False
0,epsilon_exp3,49,48,13,17.193170000000002,393.7127100000001,8.034953265306124,12.0,5.12007,target_post_switch,False,False,False
0,epsilon_exp3,50,49,16,5.4536,399.16631000000007,7.983326200000001,0.0,5.3776,target_post_switch,True,True,True
0,epsilon_exp3,51,50,32,4.004449999999999,403.1707600000001,7.905309019607845,0.0,3.93835,target_post_switch,True,True,True
0,epsilon_exp3,52,51,33,3.97452,407.14528000000007,7.829716923076925,0.0,3.90532,target_post_switch,True,True,True
0,epsilon_exp3,53,52,34,4.05807,411.20335000000006,7.758553773584906,0.0,3.98987,target_post_switch,True,True,True
0,epsilon_exp3,54,53,35,4.30541,415.50876000000005,7.694606666666668,0.0,4.22961,target_post_switch,True,True,True
0,epsilon_exp3,55,54,36,4.805540000000001,420.31430000000006,7.642078181818183,0.0,4.72834,target_post_switch,True,True,True
0,epsilon_exp3,56,55,2,6.22255,426.5368500000001,7.616729464285716,0.0,6.15545,target_post_switch,True,True,True
0,epsilon_exp3,57,56,9,16.37917,442.91602000000006,7.770456491228071,12.0,4.30807,target_post_switch,False,False,False
0,epsilon_exp3,58,57,10,22.70627,465.6222900000001,8.02797051724138,14.0,8.63937,target_post_switch,False,False,False
0,epsilon_exp3,59,58,13,17.06487,482.68716000000006,8.181138305084747,12.0,4.98967,target_post_switch,False,False,False
0,epsilon_exp3,60,59,16,21.02115,503.70831000000004,8.3951385,14.0,6.95725,target_post_switch,False,False,False
0,epsilon_exp3,61,60,32,3.51151,507.21982,8.315079016393444,0.0,3.44141,target_post_switch,True,True,True
0,epsilon_exp3,62,61,33,3.49813,510.71795000000003,8.237386290322581,0.0,3.42573,target_post_switch,True,True,True
0,epsilon_exp3,63,62,34,5.97626,516.69421,8.201495396825397,0.0,5.90376,target_post_switch,True,True,True
0,epsilon_exp3,64,63,35,3.8892,520.58341,8.13411578125,0.0,3.8243,target_post_switch,True,True,True
0,epsilon_exp3,65,64,36,5.6878150000000005,526.271225,8.096480384615385,0.0,5.623215,target_post_switch,True,True,True
0,epsilon_exp3,66,65,2,4.2428799999999995,530.514105,8.0380925,0.0,4.16388,target_post_switch,True,True,True
0,epsilon_exp3,67,66,9,11.41872,541.932825,8.088549626865671,6.0,5.34632,target_post_switch,True,True,False
0,epsilon_exp3,68,67,10,16.58909,558.521915,8.213557573529412,12.0,4.51899,target_post_switch,False,False,False
0,epsilon_exp3,69,68,13,21.11947,579.641385,8.400599782608696,14.0,7.06127,target_post_switch,False,False,False
0,epsilon_exp3,70,69,16,4.6757599999999995,584.317145,8.347387785714286,0.0,4.60746,target_post_switch,True,True,True
0,epsilon_exp3,71,70,32,3.44408,587.761225,8.278327112676056,0.0,3.37968,target_post_switch,True,True,True
0,epsilon_exp3,72,71,33,4.1849300000000005,591.946155,8.221474375,0.0,4.11263,target_post_switch,True,True,True
0,epsilon_exp3,73,72,34,3.9581600000000003,595.904315,8.163072808219178,0.0,3.88066,target_post_switch,True,True,True
0,epsilon_exp3,74,73,35,4.807569999999999,600.711885,8.117728175675676,0.0,4.73157,target_post_switch,True,True,True
0,epsilon_exp3,75,74,36,5.4238550000000005,606.13574,8.081809866666667,0.0,5.352755,target_post_switch,True,True,True
0,epsilon_exp3,76,75,2,5.5209399999999995,611.65668,8.048114210526316,0.0,5.44194,target_post_switch,True,True,True
0,epsilon_exp3,77,76,9,18.486060000000002,630.14274,8.183671948051948,12.0,6.41156,target_post_switch,False,False,False
0,epsilon_exp3,78,77,10,17.06185,647.20459,8.297494743589745,12.0,5.00045,target_post_switch,False,False,False
0,epsilon_exp3,79,78,13,17.08655,664.29114,8.408748607594937,12.0,5.01655,target_post_switch,False,False,False
0,epsilon_exp3,80,79,16,5.9889850000000004,670.280125,8.3785015625,0.0,5.924385,target_post_switch,True,True,True
0,epsilon_exp3,81,80,32,19.70085,689.980975,8.518283641975309,14.0,5.63525,target_post_switch,False,False,False
0,epsilon_exp3,82,81,33,5.619975,695.6009499999999,8.482938414634145,0.0,5.558375,target_post_switch,True,True,True
0,epsilon_exp3,83,82,34,5.12313,700.7240799999998,8.442458795180722,0.0,5.04413,target_post_switch,True,True,True
0,epsilon_exp3,84,83,35,5.6285300000000005,706.3526099999998,8.408959642857141,0.0,5.56113,target_post_switch,True,True,True
0,epsilon_exp3,85,84,36,4.078869999999999,710.4314799999999,8.358017411764704,0.0,4.00477,target_post_switch,True,True,True
0,epsilon_exp3,86,85,2,5.539,715.9704799999998,8.325238139534882,0.0,5.4726,target_post_switch,True,True,True
0,epsilon_exp3,87,86,9,13.6107,729.5811799999998,8.385990574712642,6.0,7.5355,target_post_switch,True,True,False
0,epsilon_exp3,88,87,10,11.179205,740.7603849999998,8.41773164772727,6.0,5.111705,target_post_switch,True,True,False
0,epsilon_exp3,89,88,13,22.869030000000002,763.6294149999998,8.580105786516851,17.0,5.80673,target_post_switch,False,False,False
0,epsilon_exp3,90,89,16,5.965595,769.5950099999998,8.551055666666665,0.0,5.904395,target_post_switch,True,True,True
0,epsilon_exp3,91,90,32,4.7783999999999995,774.3734099999998,8.50959791208791,0.0,4.7048,target_post_switch,True,True,True
0,epsilon_exp3,92,91,33,4.480605000000001,778.8540149999998,8.465804510869562,0.0,4.419405,target_post_switch,True,True,True
0,epsilon_exp3,93,92,34,4.05478,782.9087949999998,8.418374139784945,0.0,3.98378,target_post_switch,True,True,True
0,epsilon_exp3,94,93,35,4.0768200000000006,786.9856149999998,8.37218739361702,0.0,4.00792,target_post_switch,True,True,True
0,epsilon_exp3,95,94,36,4.93515,791.9207649999998,8.336008052631577,0.0,4.85675,target_post_switch,True,True,True
0,epsilon_exp3,96,95,2,4.3519499999999995,796.2727149999998,8.294507447916665,0.0,4.28585,target_post_switch,True,True,True
0,epsilon_exp3,97,96,9,12.07793,808.3506449999999,8.33351180412371,6.0,6.01323,target_post_switch,True,True,False
0,epsilon_exp3,98,97,10,19.08005,827.4306949999999,8.443170357142856,12.0,7.00165,target_post_switch,False,False,False
0,epsilon_exp3,99,98,13,16.74954,844.1802349999999,8.52707308080808,12.0,4.67984,target_post_switch,False,False,False
0,epsilon_exp3,100,99,16,4.52729,848.7075249999999,8.487075249999998,0.0,4.45319,target_post_switch,True,True,True
1,risky_ps,1,0,1,4.4275400000000005,4.4275400000000005,4.4275400000000005,0.0,4.35754,trap_pre_switch,True,True,True
1,risky_ps,2,1,3,6.4814,10.908940000000001,5.454470000000001,0.0,6.407,trap_pre_switch,True,True,True
1,risky_ps,3,2,6,5.17113,16.08007,5.360023333333333,0.0,5.09373,trap_pre_switch,True,True,True
1,risky_ps,4,3,15,4.602605,20.682675,5.17066875,0.0,4.525505,trap_pre_switch,True,True,True
1,risky_ps,5,4,17,3.9715949999999998,24.65427,4.930854,0.0,3.907695,trap_pre_switch,True,True,True
1,risky_ps,6,5,18,3.56217,28.21644,4.7027399999999995,0.0,3.50667,trap_pre_switch,True,True,True
1,risky_ps,7,6,19,5.6778699999999995,33.89431,4.842044285714286,0.0,5.60037,trap_pre_switch,True,True,True
1,risky_ps,8,7,20,4.49514,38.38945,4.79868125,0.0,4.43194,trap_pre_switch,True,True,True
1,risky_ps,9,8,21,4.418715,42.808164999999995,4.756462777777777,0.0,4.353815,trap_pre_switch,True,True,True
1,risky_ps,10,9,22,3.8552049999999998,46.66336999999999,4.6663369999999995,0.0,3.794605,trap_pre_switch,True,True,True
1,risky_ps,11,10,1,5.424885,52.08825499999999,4.735295909090908,0.0,5.346585,trap_pre_switch,True,True,True
1,risky_ps,12,11,3,4.4168199999999995,56.50507499999999,4.7087562499999995,0.0,4.35112,trap_pre_switch,True,True,True
1,risky_ps,13,12,6,5.14933,61.65440499999999,4.742646538461537,0.0,5.08673,trap_pre_switch,True,True,True
1,risky_ps,14,13,15,17.380575,79.03497999999999,5.645355714285714,10.0,7.307075,trap_pre_switch,False,False,True
1,risky_ps,15,14,17,5.134885,84.16986499999999,5.611324333333332,0.0,5.060185,trap_pre_switch,True,True,True
1,risky_ps,16,15,18,5.58008,89.74994499999998,5.609371562499999,0.0,5.51038,trap_pre_switch,True,True,True
1,risky_ps,17,16,19,7.39485,97.14479499999999,5.714399705882352,0.0,7.31875,trap_pre_switch,True,True,True
1,risky_ps,18,17,20,6.1347499999999995,103.27954499999998,5.737752499999999,0.0,6.06025,trap_pre_switch,True,True,True
1,risky_ps,19,18,21,3.25351,106.53305499999999,5.6070028947368415,0.0,3.19151,trap_pre_switch,True,True,True
1,risky_ps,20,19,22,4.661555,111.19460999999998,5.559730499999999,0.0,4.599855,trap_pre_switch,True,True,True
1,risky_ps,21,20,1,5.296755,116.49136499999999,5.5472078571428565,0.0,5.221955,trap_pre_switch,True,True,True
1,risky_ps,22,21,3,3.89135,120.38271499999999,5.471941590909091,0.0,3.83035,trap_pre_switch,True,True,True
1,risky_ps,23,22,6,5.99755,126.380265,5.494794130434783,0.0,5.91875,trap_pre_switch,True,True,True
1,risky_ps,24,23,15,5.335805000000001,131.71607,5.488169583333334,0.0,5.269305,trap_pre_switch,True,True,True
1,risky_ps,25,24,17,5.141985,136.858055,5.4743222000000005,0.0,5.067685,trap_pre_switch,True,True,True
1,risky_ps,26,25,2,5.516439999999999,142.374495,5.4759421153846155,0.0,5.44194,target_post_switch,True,True,True
1,risky_ps,27,26,9,11.36119,153.735685,5.693914259259259,6.0,5.28339,target_post_switch,True,True,False
1,risky_ps,28,27,10,18.03994,171.775625,6.13484375,12.0,5.96964,target_post_switch,False,False,False
1,risky_ps,29,28,13,24.457605,196.23323,6.766663103448275,17.0,7.389105,target_post_switch,False,False,False
1,risky_ps,30,29,16,5.984755,202.217985,6.7405995,0.0,5.919555,target_post_switch,True,True,True
1,risky_ps,31,30,32,4.077649999999999,206.295635,6.654697903225807,0.0,4.00395,target_post_switch,True,True,True
1,risky_ps,32,31,33,4.64609,210.941725,6.59192890625,0.0,4.56849,target_post_switch,True,True,True
1,risky_ps,33,32,34,4.7983,215.740025,6.537576515151515,0.0,4.7279,target_post_switch,True,True,True
1,risky_ps,34,33,35,4.19388,219.933905,6.468644264705882,0.0,4.12208,target_post_switch,True,True,True
1,risky_ps,35,34,36,4.18717,224.12107500000002,6.403459285714287,0.0,4.11827,target_post_switch,True,True,True
1,risky_ps,36,35,2,5.7498499999999995,229.87092500000003,6.385303472222223,0.0,5.67575,target_post_switch,True,True,True
1,risky_ps,37,36,9,18.415885,248.28681000000003,6.710454324324325,12.0,6.349785,target_post_switch,False,False,False
1,risky_ps,38,37,10,16.62739,264.91420000000005,6.971426315789475,12.0,4.56239,target_post_switch,False,False,False
1,risky_ps,39,38,13,17.19157,282.10577000000006,7.233481282051284,12.0,5.11447,target_post_switch,False,False,False
1,risky_ps,40,39,16,5.43492,287.54069000000004,7.188517250000001,0.0,5.36122,target_post_switch,True,True,True
1,risky_ps,41,40,32,4.0057,291.54639000000003,7.110887560975611,0.0,3.9394,target_post_switch,True,True,True
1,risky_ps,42,41,33,4.076499999999999,295.62289000000004,7.038640238095239,0.0,4.0005,target_post_switch,True,True,True
1,risky_ps,43,42,34,4.8194,300.44229,6.987030000000001,0.0,4.7468,target_post_switch,True,True,True
1,risky_ps,44,43,35,4.82232,305.26461,6.937832045454545,0.0,4.74732,target_post_switch,True,True,True
1,risky_ps,45,44,36,20.35721,325.62182,7.236040444444445,14.0,6.30361,target_post_switch,False,False,False
1,risky_ps,46,45,2,3.77598,329.3978,7.160821739130435,0.0,3.69768,target_post_switch,True,True,True
1,risky_ps,47,46,9,15.605599999999999,345.0034,7.340497872340426,6.0,9.53,target_post_switch,True,True,False
1,risky_ps,48,47,10,19.53331,364.53670999999997,7.594514791666666,12.0,7.46351,target_post_switch,False,False,False
1,risky_ps,49,48,13,11.426870000000001,375.96358,7.672726122448979,6.0,5.35367,target_post_switch,True,True,False
1,risky_ps,50,49,16,20.86357,396.82714999999996,7.9365429999999995,14.0,6.80197,target_post_switch,False,False,False
1,risky_ps,51,50,32,4.1961,401.02324999999996,7.863200980392156,0.0,4.1294,target_post_switch,True,True,True
1,risky_ps,52,51,33,5.296145,406.319395,7.8138345192307685,0.0,5.233545,target_post_switch,True,True,True
1,risky_ps,53,52,34,4.381775,410.70117,7.749078679245283,0.0,4.309875,target_post_switch,True,True,True
1,risky_ps,54,53,35,4.93506,415.63623,7.696967222222223,0.0,4.86036,target_post_switch,True,True,True
1,risky_ps,55,54,36,4.18811,419.82434,7.633169818181818,0.0,4.12261,target_post_switch,True,True,True
1,risky_ps,56,55,2,5.0576799999999995,424.88202,7.587178928571428,0.0,4.97938,target_post_switch,True,True,True
1,risky_ps,57,56,9,17.88683,442.76885,7.7678745614035085,12.0,5.81803,target_post_switch,False,False,False
1,risky_ps,58,57,10,23.261385,466.030235,8.035004051724139,14.0,9.199585,target_post_switch,False,False,False
1,risky_ps,59,58,13,22.518675,488.54891,8.28049,14.0,8.445875,target_post_switch,False,False,False
1,risky_ps,60,59,16,4.713620000000001,493.26252999999997,8.221042166666667,0.0,4.63862,target_post_switch,True,True,True
1,risky_ps,61,60,32,4.08909,497.35161999999997,8.153305245901638,0.0,4.01459,target_post_switch,True,True,True
1,risky_ps,62,61,33,4.24685,501.59846999999996,8.090297903225807,0.0,4.17075,target_post_switch,True,True,True
1,risky_ps,63,62,34,18.5241,520.12257,8.25591380952381,13.0,5.45,target_post_switch,False,False,False
1,risky_ps,64,63,35,4.32139,524.44396,8.194436875,0.0,4.25129,target_post_switch,True,True,True
1,risky_ps,65,64,36,4.18543,528.62939,8.132759846153846,0.0,4.12023,target_post_switch,True,True,True
1,risky_ps,66,65,2,19.615975,548.245365,8.306747954545454,13.0,6.545175,target_post_switch,False,False,False
1,risky_ps,67,66,9,11.42484,559.670205,8.353286641791044,6.0,5.34884,target_post_switch,True,True,False
1,risky_ps,68,67,10,13.5506,573.220805,8.429717720588236,6.0,7.4746,target_post_switch,True,True,False
1,risky_ps,69,68,13,17.92721,591.148015,8.567362536231883,12.0,5.85331,target_post_switch,False,False,False
1,risky_ps,70,69,16,5.164475,596.31249,8.518749857142858,0.0,5.098575,target_post_switch,True,True,True
1,risky_ps,71,70,32,4.09336,600.40585,8.456420422535212,0.0,4.01506,target_post_switch,True,True,True
1,risky_ps,72,71,33,3.52525,603.9311,8.387931944444444,0.0,3.44645,target_post_switch,True,True,True
1,risky_ps,73,72,34,4.2191600000000005,608.15026,8.330825479452054,0.0,4.15516,target_post_switch,True,True,True
1,risky_ps,74,73,35,4.08236,612.23262,8.273413783783784,0.0,4.00736,target_post_switch,True,True,True
1,risky_ps,75,74,36,4.25332,616.48594,8.219812533333334,0.0,4.17452,target_post_switch,True,True,True
1,risky_ps,76,75,2,5.76208,622.24802,8.18747394736842,0.0,5.69038,target_post_switch,True,True,True
1,risky_ps,77,76,9,11.41084,633.65886,8.229335844155845,6.0,5.33484,target_post_switch,True,True,False
1,risky_ps,78,77,10,17.888260000000002,651.54712,8.353168205128204,12.0,5.82306,target_post_switch,False,False,False
1,risky_ps,79,78,13,11.42714,662.97426,8.392079240506328,6.0,5.34884,target_post_switch,True,True,False
1,risky_ps,80,79,16,4.7181,667.69236,8.3461545,0.0,4.6431,target_post_switch,True,True,True
1,risky_ps,81,80,32,5.14392,672.83628,8.30662074074074,0.0,5.07912,target_post_switch,True,True,True
1,risky_ps,82,81,33,4.716740000000001,677.55302,8.262841707317072,0.0,4.65244,target_post_switch,True,True,True
1,risky_ps,83,82,34,5.211,682.76402,8.226072530120481,0.0,5.1455,target_post_switch,True,True,True
1,risky_ps,84,83,35,4.06885,686.83287,8.176581785714285,0.0,3.99385,target_post_switch,True,True,True
1,risky_ps,85,84,36,4.0813299999999995,690.9141999999999,8.128402352941176,0.0,4.00533,target_post_switch,True,True,True
1,risky_ps,86,85,2,5.0024999999999995,695.9167,8.09205465116279,0.0,4.9323,target_post_switch,True,True,True
1,risky_ps,87,86,9,18.60328,714.51998,8.212873333333334,12.0,6.52588,target_post_switch,False,False,False
1,risky_ps,88,87,10,11.35454,725.8745200000001,8.248574090909091,6.0,5.28024,target_post_switch,True,True,False
1,risky_ps,89,88,13,11.42547,737.2999900000001,8.284269550561799,6.0,5.34947,target_post_switch,True,True,False
1,risky_ps,90,89,16,5.2645100000000005,742.5645000000001,8.250716666666667,0.0,5.18951,target_post_switch,True,True,True
1,risky_ps,91,90,32,4.10226,746.6667600000001,8.20512923076923,0.0,4.02346,target_post_switch,True,True,True
1,risky_ps,92,91,33,4.21197,750.87873,8.161725326086957,0.0,4.13757,target_post_switch,True,True,True
1,risky_ps,93,92,34,4.6919699999999995,755.5707,8.124416129032259,0.0,4.61757,target_post_switch,True,True,True
1,risky_ps,94,93,35,4.85432,760.42502,8.089627872340426,0.0,4.77932,target_post_switch,True,True,True
1,risky_ps,95,94,36,4.25108,764.6761,8.049222105263159,0.0,4.17228,target_post_switch,True,True,True
1,risky_ps,96,95,2,5.653519999999999,770.32962,8.024266875,0.0,5.57912,target_post_switch,True,True,True
1,risky_ps,97,96,9,11.41084,781.74046,8.05918,6.0,5.33484,target_post_switch,True,True,False
1,risky_ps,98,97,10,12.386385,794.126845,8.103335153061224,6.0,6.311785,target_post_switch,True,True,False
1,risky_ps,99,98,13,17.19567,811.322515,8.195176919191919,12.0,5.12987,target_post_switch,False,False,False
1,risky_ps,100,99,16,4.53367,815.856185,8.15856185,0.0,4.45767,target_post_switch,True,True,True
1,direct_multistage_exp3,1,0,1,4.838705,4.838705,4.838705,0.0,4.766905,trap_pre_switch,True,True,True
1,direct_multistage_exp3,2,1,3,5.579715,10.418420000000001,5.209210000000001,0.0,5.506115,trap_pre_switch,True,True,True
1,direct_multistage_exp3,3,2,6,4.8999,15.31832,5.106106666666666,0.0,4.8245,trap_pre_switch,True,True,True
1,direct_multistage_exp3,4,3,15,4.590205,19.908525,4.97713125,0.0,4.515505,trap_pre_switch,True,True,True
1,direct_multistage_exp3,5,4,17,4.5943249999999995,24.502850000000002,4.90057,0.0,4.521725,trap_pre_switch,True,True,True
1,direct_multistage_exp3,6,5,18,6.11865,30.6215,5.103583333333334,0.0,6.04425,trap_pre_switch,True,True,True
1,direct_multistage_exp3,7,6,19,7.38435,38.00585,5.429407142857143,0.0,7.30675,trap_pre_switch,True,True,True
1,direct_multistage_exp3,8,7,20,3.4822499999999996,41.4881,5.1860125,0.0,3.42175,trap_pre_switch,True,True,True
1,direct_multistage_exp3,9,8,21,5.40381,46.89191,5.210212222222222,0.0,5.32851,trap_pre_switch,True,True,True
1,direct_multistage_exp3,10,9,22,4.718775,51.610685000000004,5.161068500000001,0.0,4.647275,trap_pre_switch,True,True,True
1,direct_multistage_exp3,11,10,1,4.896,56.506685000000004,5.136971363636364,0.0,4.8259,trap_pre_switch,True,True,True
1,direct_multistage_exp3,12,11,3,5.37556,61.882245000000005,5.156853750000001,0.0,5.30076,trap_pre_switch,True,True,True
1,direct_multistage_exp3,13,12,6,3.1794849999999997,65.06173000000001,5.004748461538463,0.0,3.119385,trap_pre_switch,True,True,True
1,direct_multistage_exp3,14,13,15,4.071770000000001,69.13350000000001,4.9381071428571435,0.0,4.00907,trap_pre_switch,True,True,True
1,direct_multistage_exp3,15,14,17,5.878125,75.01162500000001,5.000775000000001,0.0,5.803625,trap_pre_switch,True,True,True
1,direct_multistage_exp3,16,15,18,4.14377,79.15539500000001,4.947212187500001,0.0,4.08377,trap_pre_switch,True,True,True
1,direct_multistage_exp3,17,16,19,5.287990000000001,84.443385,4.967257941176471,0.0,5.21609,trap_pre_switch,True,True,True
1,direct_multistage_exp3,18,17,20,5.725975,90.16936000000001,5.009408888888889,0.0,5.652775,trap_pre_switch,True,True,True
1,direct_multistage_exp3,19,18,21,4.839875,95.00923500000002,5.0004860526315795,0.0,4.759375,trap_pre_switch,True,True,True
1,direct_multistage_exp3,20,19,22,3.8491049999999998,98.85834000000001,4.9429170000000004,0.0,3.791105,trap_pre_switch,True,True,True
1,direct_multistage_exp3,21,20,1,4.826205,103.68454500000001,4.937359285714287,0.0,4.759905,trap_pre_switch,True,True,True
1,direct_multistage_exp3,22,21,3,3.5433399999999997,107.22788500000001,4.873994772727273,0.0,3.48804,trap_pre_switch,True,True,True
1,direct_multistage_exp3,23,22,6,5.85843,113.08631500000001,4.916796304347827,0.0,5.79173,trap_pre_switch,True,True,True
1,direct_multistage_exp3,24,23,15,5.352705,118.43902000000001,4.934959166666667,0.0,5.276805,trap_pre_switch,True,True,True
1,direct_multistage_exp3,25,24,17,5.332215,123.77123500000002,4.950849400000001,0.0,5.261915,trap_pre_switch,True,True,True
1,direct_multistage_exp3,26,25,2,5.00473,128.775965,4.952921730769232,0.0,4.92733,target_post_switch,True,True,True
1,direct_multistage_exp3,27,26,9,12.17897,140.954935,5.220553148148149,6.0,6.10287,target_post_switch,True,True,False
1,direct_multistage_exp3,28,27,10,18.347085,159.30202,5.689357857142857,12.0,6.281285,target_post_switch,False,False,False
1,direct_multistage_exp3,29,28,13,11.94388,171.2459,5.905031034482759,6.0,5.86558,target_post_switch,True,True,False
1,direct_multistage_exp3,30,29,16,5.999205,177.245105,5.908170166666666,0.0,5.929505,target_post_switch,True,True,True
1,direct_multistage_exp3,31,30,32,3.4633700000000003,180.708475,5.82930564516129,0.0,3.38457,target_post_switch,True,True,True
1,direct_multistage_exp3,32,31,33,4.58866,185.297135,5.79053546875,0.0,4.52276,target_post_switch,True,True,True
1,direct_multistage_exp3,33,32,34,3.52068,188.817815,5.721751969696969,0.0,3.44968,target_post_switch,True,True,True
1,direct_multistage_exp3,34,33,35,4.19064,193.008455,5.676719264705882,0.0,4.12404,target_post_switch,True,True,True
1,direct_multistage_exp3,35,34,36,5.384745,198.3932,5.6683771428571434,0.0,5.306845,target_post_switch,True,True,True
1,direct_multistage_exp3,36,35,2,4.898549999999999,203.29175,5.646993055555556,0.0,4.81915,target_post_switch,True,True,True
1,direct_multistage_exp3,37,36,9,20.60205,223.8938,6.051183783783784,14.0,6.53645,target_post_switch,False,False,False
1,direct_multistage_exp3,38,37,10,19.948205,243.842005,6.4168948684210525,14.0,5.880205,target_post_switch,False,False,False
1,direct_multistage_exp3,39,38,13,17.93621,261.778215,6.712261923076923,12.0,5.86451,target_post_switch,False,False,False
1,direct_multistage_exp3,40,39,16,5.452,267.230215,6.6807553749999995,0.0,5.3783,target_post_switch,True,True,True
1,direct_multistage_exp3,41,40,32,4.74764,271.977855,6.6336062195121945,0.0,4.67624,target_post_switch,True,True,True
1,direct_multistage_exp3,42,41,33,4.179550000000001,276.157405,6.575176309523809,0.0,4.11305,target_post_switch,True,True,True
1,direct_multistage_exp3,43,42,34,5.775525,281.93293,6.55657976744186,0.0,5.707625,target_post_switch,True,True,True
1,direct_multistage_exp3,44,43,35,4.41344,286.34637,6.507872045454545,0.0,4.34664,target_post_switch,True,True,True
1,direct_multistage_exp3,45,44,36,4.68198,291.02835,6.467296666666666,0.0,4.60698,target_post_switch,True,True,True
1,direct_multistage_exp3,46,45,2,4.82411,295.85246,6.4315752173913046,0.0,4.75531,target_post_switch,True,True,True
1,direct_multistage_exp3,47,46,9,18.05415,313.90661,6.678864042553191,12.0,5.98275,target_post_switch,False,False,False
1,direct_multistage_exp3,48,47,10,6.13915,320.04576,6.667619999999999,0.0,6.06375,target_post_switch,True,True,True
1,direct_multistage_exp3,49,48,13,24.176090000000002,344.22184999999996,7.024935714285713,15.0,9.11429,target_post_switch,False,False,False
1,direct_multistage_exp3,50,49,16,5.3945,349.61634999999995,6.9923269999999995,0.0,5.3204,target_post_switch,True,True,True
1,direct_multistage_exp3,51,50,32,4.80558,354.42193,6.949449607843137,0.0,4.73148,target_post_switch,True,True,True
1,direct_multistage_exp3,52,51,33,3.26998,357.69190999999995,6.878690576923076,0.0,3.19928,target_post_switch,True,True,True
1,direct_multistage_exp3,53,52,34,4.06321,361.75512,6.825568301886792,0.0,3.98581,target_post_switch,True,True,True
1,direct_multistage_exp3,54,53,35,4.93424,366.68935999999997,6.790543703703703,0.0,4.86204,target_post_switch,True,True,True
1,direct_multistage_exp3,55,54,36,6.50518,373.19453999999996,6.785355272727272,0.0,6.44128,target_post_switch,True,True,True
1,direct_multistage_exp3,56,55,2,5.73104,378.92557999999997,6.766528214285714,0.0,5.66224,target_post_switch,True,True,True
1,direct_multistage_exp3,57,56,9,12.89715,391.82273,6.87408298245614,6.0,6.82115,target_post_switch,True,True,False
1,direct_multistage_exp3,58,57,10,8.280579999999999,400.10330999999996,6.898332931034482,0.0,8.20558,target_post_switch,True,True,True
1,direct_multistage_exp3,59,58,13,17.18937,417.29267999999996,7.072757288135593,12.0,5.11867,target_post_switch,False,False,False
1,direct_multistage_exp3,60,59,16,5.81406,423.10673999999995,7.051778999999999,0.0,5.75146,target_post_switch,True,True,True
1,direct_multistage_exp3,61,60,32,4.74851,427.85524999999996,7.014020491803278,0.0,4.67631,target_post_switch,True,True,True
1,direct_multistage_exp3,62,61,33,6.962015,434.81726499999996,7.013181693548386,0.0,6.898815,target_post_switch,True,True,True
1,direct_multistage_exp3,63,62,34,7.02543,441.84269499999994,7.01337611111111,0.0,6.96053,target_post_switch,True,True,True
1,direct_multistage_exp3,64,63,35,21.1246,462.9672949999999,7.233863984374999,14.0,7.0668,target_post_switch,False,False,False
1,direct_multistage_exp3,65,64,36,4.82004,467.7873349999999,7.19672823076923,0.0,4.74444,target_post_switch,True,True,True
1,direct_multistage_exp3,66,65,2,6.87125,474.6585849999999,7.191796742424241,0.0,6.79565,target_post_switch,True,True,True
1,direct_multistage_exp3,67,66,9,20.579945,495.2385299999999,7.391619850746268,14.0,6.508145,target_post_switch,False,False,False
1,direct_multistage_exp3,68,67,10,18.709545,513.9480749999999,7.5580599264705866,12.0,6.648545,target_post_switch,False,False,False
1,direct_multistage_exp3,69,68,13,17.913825,531.8618999999999,7.708143478260868,12.0,5.842325,target_post_switch,False,False,False
1,direct_multistage_exp3,70,69,16,5.38988,537.2517799999998,7.675025428571426,0.0,5.32418,target_post_switch,True,True,True
1,direct_multistage_exp3,71,70,32,17.788055,555.0398349999998,7.81746246478873,12.0,5.716455,target_post_switch,False,False,False
1,direct_multistage_exp3,72,71,33,3.48061,558.5204449999998,7.757228402777774,0.0,3.40611,target_post_switch,True,True,True
1,direct_multistage_exp3,73,72,34,5.24804,563.7684849999997,7.7228559589041055,0.0,5.17364,target_post_switch,True,True,True
1,direct_multistage_exp3,74,73,35,5.74017,569.5086549999997,7.696062905405402,0.0,5.67827,target_post_switch,True,True,True
1,direct_multistage_exp3,75,74,36,4.98428,574.4929349999998,7.659905799999997,0.0,4.91048,target_post_switch,True,True,True
1,direct_multistage_exp3,76,75,2,5.002319999999999,579.4952549999998,7.624937565789471,0.0,4.92782,target_post_switch,True,True,True
1,direct_multistage_exp3,77,76,9,17.95447,597.4497249999998,7.7590873376623355,12.0,5.88187,target_post_switch,False,False,False
1,direct_multistage_exp3,78,77,10,12.08735,609.5370749999998,7.814577884615383,6.0,6.01195,target_post_switch,True,True,False
1,direct_multistage_exp3,79,78,13,23.36161,632.8986849999999,8.011375759493669,17.0,6.29841,target_post_switch,False,False,False
1,direct_multistage_exp3,80,79,16,5.1647549999999995,638.0634399999999,7.975792999999999,0.0,5.105155,target_post_switch,True,True,True
1,direct_multistage_exp3,81,80,32,3.8712500000000003,641.9346899999999,7.925119629629629,0.0,3.79645,target_post_switch,True,True,True
1,direct_multistage_exp3,82,81,33,4.10273,646.0374199999999,7.878505121951218,0.0,4.02773,target_post_switch,True,True,True
1,direct_multistage_exp3,83,82,34,5.605099999999999,651.6425199999999,7.851114698795179,0.0,5.5268,target_post_switch,True,True,True
1,direct_multistage_exp3,84,83,35,4.08803,655.7305499999999,7.80631607142857,0.0,4.00953,target_post_switch,True,True,True
1,direct_multistage_exp3,85,84,36,4.59782,660.3283699999998,7.768569058823528,0.0,4.52412,target_post_switch,True,True,True
1,direct_multistage_exp3,86,85,2,5.6171299999999995,665.9454999999998,7.743552325581393,0.0,5.55453,target_post_switch,True,True,True
1,direct_multistage_exp3,87,86,9,12.67031,678.6158099999998,7.8001817241379285,6.0,6.59651,target_post_switch,True,True,False
1,direct_multistage_exp3,88,87,10,14.698564999999999,693.3143749999998,7.878572443181816,6.0,8.627365,target_post_switch,True,True,False
1,direct_multistage_exp3,89,88,13,23.516345,716.8307199999998,8.054277752808988,17.0,6.450545,target_post_switch,False,False,False
1,direct_multistage_exp3,90,89,16,5.2453899999999996,722.0761099999999,8.023067888888887,0.0,5.17069,target_post_switch,True,True,True
1,direct_multistage_exp3,91,90,32,3.51583,725.5919399999999,7.973537802197801,0.0,3.44113,target_post_switch,True,True,True
1,direct_multistage_exp3,92,91,33,3.52145,729.1133899999999,7.925145543478259,0.0,3.45345,target_post_switch,True,True,True
1,direct_multistage_exp3,93,92,34,5.099189999999999,734.2125799999999,7.894758924731182,0.0,5.02089,target_post_switch,True,True,True
1,direct_multistage_exp3,94,93,35,4.937539999999999,739.1501199999999,7.863299148936169,0.0,4.86344,target_post_switch,True,True,True
1,direct_multistage_exp3,95,94,36,4.24978,743.3998999999999,7.825262105263157,0.0,4.17508,target_post_switch,True,True,True
1,direct_multistage_exp3,96,95,2,5.61149,749.0113899999999,7.802201979166665,0.0,5.53649,target_post_switch,True,True,True
1,direct_multistage_exp3,97,96,9,11.40466,760.4160499999999,7.839340721649484,6.0,5.33036,target_post_switch,True,True,False
1,direct_multistage_exp3,98,97,10,14.77835,775.1944,7.91014693877551,6.0,8.70335,target_post_switch,True,True,False
1,direct_multistage_exp3,99,98,13,19.708855,794.903255,8.029325808080808,14.0,5.634955,target_post_switch,False,False,False
1,direct_multistage_exp3,100,99,16,4.52929,799.4325449999999,7.994325449999999,0.0,4.45459,target_post_switch,True,True,True
1,epsilon_exp3,1,0,1,4.46304,4.46304,4.46304,0.0,4.39304,trap_pre_switch,True,True,True
1,epsilon_exp3,2,1,3,6.511550000000001,10.974590000000001,5.4872950000000005,0.0,6.43775,trap_pre_switch,True,True,True
1,epsilon_exp3,3,2,6,5.04418,16.01877,5.33959,0.0,4.97448,trap_pre_switch,True,True,True
1,epsilon_exp3,4,3,15,5.330405,21.349175,5.33729375,0.0,5.256305,trap_pre_switch,True,True,True
1,epsilon_exp3,5,4,17,5.152385,26.501559999999998,5.300312,0.0,5.079185,trap_pre_switch,True,True,True
1,epsilon_exp3,6,5,18,5.18128,31.68284,5.280473333333333,0.0,5.11768,trap_pre_switch,True,True,True
1,epsilon_exp3,7,6,19,7.467575,39.150414999999995,5.592916428571428,0.0,7.400475,trap_pre_switch,True,True,True
1,epsilon_exp3,8,7,20,4.4509799999999995,43.601395,5.450174375,0.0,4.38608,trap_pre_switch,True,True,True
1,epsilon_exp3,9,8,21,6.429,50.030395,5.558932777777778,0.0,6.354,trap_pre_switch,True,True,True
1,epsilon_exp3,10,9,22,3.7172850000000004,53.74768,5.374768,0.0,3.652585,trap_pre_switch,True,True,True
1,epsilon_exp3,11,10,1,4.42044,58.16812,5.288010909090909,0.0,4.35454,trap_pre_switch,True,True,True
1,epsilon_exp3,12,11,3,6.503349999999999,64.67147,5.389289166666667,0.0,6.42775,trap_pre_switch,True,True,True
1,epsilon_exp3,13,12,6,5.12743,69.7989,5.369146153846154,0.0,5.05673,trap_pre_switch,True,True,True
1,epsilon_exp3,14,13,15,4.600105,74.399005,5.314214642857143,0.0,4.532005,trap_pre_switch,True,True,True
1,epsilon_exp3,15,14,17,5.865075,80.26408,5.350938666666667,0.0,5.791375,trap_pre_switch,True,True,True
1,epsilon_exp3,16,15,18,3.93011,84.19419,5.262136875,0.0,3.85631,trap_pre_switch,True,True,True
1,epsilon_exp3,17,16,19,4.34972,88.54391000000001,5.208465294117648,0.0,4.29172,trap_pre_switch,True,True,True
1,epsilon_exp3,18,17,20,7.3633,95.90721,5.328178333333334,0.0,7.2839,trap_pre_switch,True,True,True
1,epsilon_exp3,19,18,21,6.756575,102.663785,5.403357105263158,0.0,6.691375,trap_pre_switch,True,True,True
1,epsilon_exp3,20,19,22,5.336655,108.00044,5.400022,0.0,5.271555,trap_pre_switch,True,True,True
1,epsilon_exp3,21,20,1,4.838605,112.839045,5.3732878571428575,0.0,4.759405,trap_pre_switch,True,True,True
1,epsilon_exp3,22,21,3,4.42432,117.263365,5.330152954545454,0.0,4.35412,trap_pre_switch,True,True,True
1,epsilon_exp3,23,22,6,6.02525,123.288615,5.360374565217391,0.0,5.94925,trap_pre_switch,True,True,True
1,epsilon_exp3,24,23,15,5.069,128.35761499999998,5.348233958333332,0.0,5.0005,trap_pre_switch,True,True,True
1,epsilon_exp3,25,24,17,4.1714649999999995,132.52908,5.3011631999999995,0.0,4.109965,trap_pre_switch,True,True,True
1,epsilon_exp3,26,25,2,6.2610399999999995,138.79012,5.338081538461538,0.0,6.19314,target_post_switch,True,True,True
1,epsilon_exp3,27,26,9,10.71042,149.50054,5.537057037037037,6.0,4.63722,target_post_switch,True,True,False
1,epsilon_exp3,28,27,10,11.30826,160.8088,5.743171428571428,6.0,5.23936,target_post_switch,True,True,False
1,epsilon_exp3,29,28,13,7.68031,168.48910999999998,5.809969310344827,0.0,7.60151,target_post_switch,True,True,True
1,epsilon_exp3,30,29,16,21.930934999999998,190.420045,6.347334833333333,15.0,6.872235,target_post_switch,False,False,False
1,epsilon_exp3,31,30,32,5.90532,196.32536499999998,6.3330762903225795,0.0,5.84492,target_post_switch,True,True,True
1,epsilon_exp3,32,31,33,20.8873,217.212665,6.78789578125,14.0,6.8318,target_post_switch,False,False,False
1,epsilon_exp3,33,32,34,4.11576,221.32842499999998,6.706921969696969,0.0,4.03746,target_post_switch,True,True,True
1,epsilon_exp3,34,33,35,4.19508,225.52350499999997,6.633044264705881,0.0,4.12068,target_post_switch,True,True,True
1,epsilon_exp3,35,34,36,4.92845,230.45195499999997,6.5843415714285705,0.0,4.85675,target_post_switch,True,True,True
1,epsilon_exp3,36,35,2,4.942629999999999,235.39458499999998,6.538738472222222,0.0,4.86893,target_post_switch,True,True,True
1,epsilon_exp3,37,36,9,11.39869,246.79327499999997,6.670088513513512,6.0,5.32399,target_post_switch,True,True,False
1,epsilon_exp3,38,37,10,13.75048,260.543755,6.856414605263157,6.0,7.67288,target_post_switch,True,True,False
1,epsilon_exp3,39,38,13,17.93799,278.481745,7.140557564102564,12.0,5.86339,target_post_switch,False,False,False
1,epsilon_exp3,40,39,16,5.221485,283.70322999999996,7.092580749999999,0.0,5.155585,target_post_switch,True,True,True
1,epsilon_exp3,41,40,32,4.356515,288.05974499999996,7.025847439024389,0.0,4.285015,target_post_switch,True,True,True
1,epsilon_exp3,42,41,33,17.386325,305.44606999999996,7.272525476190475,12.0,5.314725,target_post_switch,False,False,False
1,epsilon_exp3,43,42,34,3.4069100000000003,308.85297999999995,7.182627441860464,0.0,3.33151,target_post_switch,True,True,True
1,epsilon_exp3,44,43,35,17.110754999999997,325.96373499999993,7.408266704545453,12.0,5.038955,target_post_switch,False,False,False
1,epsilon_exp3,45,44,36,5.3114,331.2751349999999,7.361669666666665,0.0,5.2434,target_post_switch,True,True,True
1,epsilon_exp3,46,45,2,4.96706,336.2421949999999,7.309612934782607,0.0,4.89646,target_post_switch,True,True,True
1,epsilon_exp3,47,46,9,17.96523,354.20742499999994,7.5363281914893605,12.0,5.89783,target_post_switch,False,False,False
1,epsilon_exp3,48,47,10,19.424145,373.63156999999995,7.783991041666666,12.0,7.359245,target_post_switch,False,False,False
1,epsilon_exp3,49,48,13,11.421759999999999,385.05332999999996,7.858231224489795,6.0,5.35416,target_post_switch,True,True,False
1,epsilon_exp3,50,49,16,17.551885,402.60521499999993,8.052104299999998,12.0,5.485885,target_post_switch,False,False,False
1,epsilon_exp3,51,50,32,3.51261,406.1178249999999,7.963094607843136,0.0,3.43721,target_post_switch,True,True,True
1,epsilon_exp3,52,51,33,3.50599,409.6238149999999,7.877381057692306,0.0,3.43119,target_post_switch,True,True,True
1,epsilon_exp3,53,52,34,4.07327,413.6970849999999,7.805605377358488,0.0,4.00457,target_post_switch,True,True,True
1,epsilon_exp3,54,53,35,4.07221,417.7692949999999,7.736468425925924,0.0,3.99721,target_post_switch,True,True,True
1,epsilon_exp3,55,54,36,5.1049999999999995,422.8742949999999,7.6886235454545435,0.0,5.045,target_post_switch,True,True,True
1,epsilon_exp3,56,55,2,6.14493,429.0192249999999,7.661057589285712,0.0,6.06753,target_post_switch,True,True,True
1,epsilon_exp3,57,56,9,11.40282,440.4220449999999,7.7267025438596475,6.0,5.32812,target_post_switch,True,True,False
1,epsilon_exp3,58,57,10,11.819234999999999,452.2412799999999,7.79726344827586,6.0,5.747935,target_post_switch,True,True,False
1,epsilon_exp3,59,58,13,23.24232,475.4835999999999,8.05904406779661,17.0,6.16612,target_post_switch,False,False,False
1,epsilon_exp3,60,59,16,5.168595000000001,480.6521949999999,8.010869916666666,0.0,5.103195,target_post_switch,True,True,True
1,epsilon_exp3,61,60,32,3.44544,484.0976349999999,7.936026803278687,0.0,3.37884,target_post_switch,True,True,True
1,epsilon_exp3,62,61,33,3.51223,487.6098649999999,7.864675241935482,0.0,3.43623,target_post_switch,True,True,True
1,epsilon_exp3,63,62,34,3.9247449999999997,491.5346099999999,7.802136666666665,0.0,3.863545,target_post_switch,True,True,True
1,epsilon_exp3,64,63,35,4.06745,495.6020599999999,7.743782187499998,0.0,3.99245,target_post_switch,True,True,True
1,epsilon_exp3,65,64,36,20.154595,515.7566549999999,7.934717769230768,14.0,6.098595,target_post_switch,False,False,False
1,epsilon_exp3,66,65,2,4.88171,520.6383649999999,7.888460075757575,0.0,4.80291,target_post_switch,True,True,True
1,epsilon_exp3,67,66,9,19.879465,540.5178299999999,8.06743029850746,14.0,5.806665,target_post_switch,False,False,False
1,epsilon_exp3,68,67,10,13.53574,554.0535699999999,8.147846617647058,6.0,7.46074,target_post_switch,True,True,False
1,epsilon_exp3,69,68,13,20.579500000000003,574.63307,8.328015507246377,12.0,8.505,target_post_switch,False,False,False
1,epsilon_exp3,70,69,16,4.634060000000001,579.26713,8.275244714285714,0.0,4.56826,target_post_switch,True,True,True
1,epsilon_exp3,71,70,32,4.08545,583.35258,8.21623352112676,0.0,4.01065,target_post_switch,True,True,True
1,epsilon_exp3,72,71,33,4.458715,587.811295,8.164045763888888,0.0,4.397715,target_post_switch,True,True,True
1,epsilon_exp3,73,72,34,4.06105,591.872345,8.107840342465753,0.0,3.98665,target_post_switch,True,True,True
1,epsilon_exp3,74,73,35,4.389819999999999,596.262165,8.057596824324325,0.0,4.31542,target_post_switch,True,True,True
1,epsilon_exp3,75,74,36,4.08413,600.3462949999999,8.004617266666665,0.0,4.00533,target_post_switch,True,True,True
1,epsilon_exp3,76,75,2,6.8184700000000005,607.164765,7.989010065789474,0.0,6.74917,target_post_switch,True,True,True
1,epsilon_exp3,77,76,9,20.07389,627.238655,8.145956558441558,12.0,7.99769,target_post_switch,False,False,False
1,epsilon_exp3,78,77,10,14.03669,641.275345,8.221478782051282,6.0,7.96219,target_post_switch,True,True,False
1,epsilon_exp3,79,78,13,24.09267,665.368015,8.422379936708861,17.0,7.02997,target_post_switch,False,False,False
1,epsilon_exp3,80,79,16,5.27033,670.638345,8.3829793125,0.0,5.18273,target_post_switch,True,True,True
1,epsilon_exp3,81,80,32,6.306195,676.94454,8.357339999999999,0.0,6.249095,target_post_switch,True,True,True
1,epsilon_exp3,82,81,33,3.46997,680.41451,8.297737926829267,0.0,3.39547,target_post_switch,True,True,True
1,epsilon_exp3,83,82,34,4.336679999999999,684.75119,8.250014337349397,0.0,4.26188,target_post_switch,True,True,True
1,epsilon_exp3,84,83,35,3.58583,688.3370199999999,8.194488333333332,0.0,3.51413,target_post_switch,True,True,True
1,epsilon_exp3,85,84,36,4.18677,692.52379,8.147338705882353,0.0,4.11827,target_post_switch,True,True,True
1,epsilon_exp3,86,85,2,6.12756,698.65135,8.123852906976744,0.0,6.05276,target_post_switch,True,True,True
1,epsilon_exp3,87,86,9,11.43092,710.08227,8.161865172413792,6.0,5.35612,target_post_switch,True,True,False
1,epsilon_exp3,88,87,10,21.332515,731.4147849999999,8.311531647727271,14.0,7.269615,target_post_switch,False,False,False
1,epsilon_exp3,89,88,13,19.97851,751.393295,8.442621292134831,14.0,5.91751,target_post_switch,False,False,False
1,epsilon_exp3,90,89,16,4.66748,756.0607749999999,8.400675277777777,0.0,4.60438,target_post_switch,True,True,True
1,epsilon_exp3,91,90,32,4.08922,760.1499949999999,8.353296648351646,0.0,4.01492,target_post_switch,True,True,True
1,epsilon_exp3,92,91,33,4.01297,764.1629649999999,8.306119184782608,0.0,3.93587,target_post_switch,True,True,True
1,epsilon_exp3,93,92,34,4.65058,768.8135449999999,8.266812311827955,0.0,4.57318,target_post_switch,True,True,True
1,epsilon_exp3,94,93,35,4.07065,772.8841949999999,8.222172287234041,0.0,3.99525,target_post_switch,True,True,True
1,epsilon_exp3,95,94,36,4.24994,777.1341349999999,8.180359315789472,0.0,4.17564,target_post_switch,True,True,True
1,epsilon_exp3,96,95,2,4.23973,781.3738649999999,8.139311093749999,0.0,4.16143,target_post_switch,True,True,True
1,epsilon_exp3,97,96,9,10.691970000000001,792.0658349999999,8.165627164948452,6.0,4.61657,target_post_switch,True,True,False
1,epsilon_exp3,98,97,10,17.164279999999998,809.2301149999998,8.257450153061223,12.0,5.08718,target_post_switch,False,False,False
1,epsilon_exp3,99,98,13,20.0102,829.2403149999999,8.376164797979797,12.0,7.9417,target_post_switch,False,False,False
1,epsilon_exp3,100,99,16,4.50637,833.7466849999998,8.337466849999998,0.0,4.43107,target_post_switch,True,True,True
