episode_index,repeat_index,dataset_index,schedule_phase,oracle_action,expected_terminal_action,repairability,original_task_id,oracle_selected_blockers,oracle_deferred_blockers,oracle_actions,stage5_success_condition,stage5_required_postchecks,old_final,old_terminal,old_total,old_reasoning,old_modecost_report,old_pair,old_pattern,old_actual_modes,old_required_modes,old_clear,old_aux,old_strict,old_shared,old_path_prob,old_stage_probs,old_route,old_path,old_suffix,old_replay_tools,old_executed_tools,old_missing_blockers,old_missing_tools,old_terminal_reasons,old_transition,old_cause,pf_final,pf_terminal,pf_total,pf_reasoning,pf_modecost_report,pf_pair,pf_pattern,pf_actual_modes,pf_required_modes,pf_clear,pf_aux,pf_strict,pf_shared,pf_path_prob,pf_stage_probs,pf_route,pf_path,pf_suffix,pf_replay_tools,pf_executed_tools,pf_missing_blockers,pf_missing_tools,pf_terminal_reasons,pf_transition,pf_cause,delta_terminal_pf_minus_old,delta_total_pf_minus_old,terminal_improved,terminal_worse,pair_change
25,2,2,target_post_switch,repair_all,repair_all,repairable,[mms_issue]airplane_mode_on|bad_network_preference|bad_wifi_calling|break_apn_mms_setting|break_app_storage_permission|unseat_sim_card[PERSONA:Easy],airplane_mode_on|unseat_sim_card|bad_network_preference|bad_wifi_calling|break_apn_mms_setting|break_app_storage_permission,,toggle_airplane_mode|reseat_sim_card|set_network_mode_preference|toggle_wifi_calling|reset_apn_settings|reboot_device|grant_app_permission,can_send_mms_true,can_send_mms,repair_subset,12.0,17.136605,5.067005,3.5,mostly_deep_vs_mostly_deep_required,dfdfd on fdddd,dfdfd,fdddd,False,False,False,True,0.0021525783139491636,"{""stage1"": 0.2947692302579722, ""stage2"": 0.3874737435790322, ""stage3"": 0.30154665639151657, ""stage4"": 0.25, ""stage5"": 0.25}",general_stage1_verify > general_stage2_core > barrier_stage3_gate > trap_stage4_execute > target_stage5_verify,stage1_n2__from__root__c02 > stage2_n2__from__n0002__c02 > stage3_n5__from__n0010__c04 > stage4_n4__from__n0037__c03 > stage5_n1__from__n0108__c01,stage4_n4__from__n0037__c03 > stage5_n1__from__n0108__c01,toggle_airplane_mode|reseat_sim_card|set_network_mode_preference|toggle_wifi_calling,check_network_status|check_sim_status|check_network_mode_preference|check_wifi_calling_status|can_send_mms,break_apn_mms_setting|break_app_storage_permission,grant_app_permission|reboot_device|reset_apn_settings,subset_mismatch_base_plus_linear|local_clear_failure_floor_10|local_clear_and_aux_failure_floor_12,repair_all_to_repair_subset,subset_mismatch_with_missing_oracle_repair_tools,repair_subset,12.0,17.137445,5.067845,3.5,mostly_deep_vs_mostly_deep_required,dfdfd on fdddd,dfdfd,fdddd,False,False,False,True,0.0022497457098240503,"{""stage1"": 0.30326554407479195, ""stage2"": 0.3952271806938923, ""stage3"": 0.3003195056664881, ""stage4"": 0.25, ""stage5"": 0.25}",general_stage1_verify > general_stage2_core > barrier_stage3_gate > trap_stage4_execute > target_stage5_verify,stage1_n2__from__root__c02 > stage2_n2__from__n0002__c02 > stage3_n5__from__n0010__c04 > stage4_n4__from__n0037__c03 > stage5_n1__from__n0108__c01,stage4_n4__from__n0037__c03 > stage5_n1__from__n0108__c01,toggle_airplane_mode|reseat_sim_card|set_network_mode_preference|toggle_wifi_calling,check_network_status|check_sim_status|check_network_mode_preference|check_wifi_calling_status|can_send_mms,break_apn_mms_setting|break_app_storage_permission,grant_app_permission|reboot_device|reset_apn_settings,subset_mismatch_base_plus_linear|local_clear_failure_floor_10|local_clear_and_aux_failure_floor_12,repair_all_to_repair_subset,subset_mismatch_with_missing_oracle_repair_tools,0.0,0.0008400000000001739,False,False,dfdfd on fdddd -> dfdfd on fdddd
27,2,10,target_post_switch,repair_subset,repair_subset,partially_repairable,[mms_issue]airplane_mode_on|bad_network_preference|bad_wifi_calling|break_apn_mms_setting|break_app_sms_permission|data_mode_off|data_usage_exceeded|unseat_sim_card|user_abroad_roaming_disabled_on[PERSONA:None],airplane_mode_on|unseat_sim_card|data_mode_off|bad_network_preference|bad_wifi_calling|break_apn_mms_setting|break_app_sms_permission,user_abroad_roaming_disabled_on|data_usage_exceeded,toggle_airplane_mode|reseat_sim_card|toggle_data|set_network_mode_preference|toggle_wifi_calling|reset_apn_settings|reboot_device|grant_app_permission,partial_resolution_only,,repair_subset,6.0,10.202020000000001,4.12902,0.0,mostly_deep_vs_mostly_deep_required,fdddd on fdddd,fdddd,fdddd,True,False,False,True,0.003257515497709996,"{""stage1"": 0.28477241590764, ""stage2"": 0.19900148367333512, ""stage3"": 0.45985640893561414, ""stage4"": 0.25, ""stage5"": 0.5}",trap_stage1_intake > barrier_stage2_gate > barrier_stage3_gate > general_stage4_repair > target_stage5_verify,stage1_n4__from__root__c04 > stage2_n5__from__n0004__c05 > stage3_n5__from__n0019__c03 > stage4_n2__from__n0064__c01 > stage5_n1__from__n0182__c01,stage4_n2__from__n0064__c01 > stage5_n1__from__n0182__c01,toggle_airplane_mode|reseat_sim_card|toggle_data|set_network_mode_preference|toggle_wifi_calling|reset_apn_settings|reboot_device|grant_app_permission,check_network_status|check_sim_status|check_network_mode_preference|check_apn_settings|check_wifi_calling_status|check_app_permissions|can_send_mms|can_send_mms|check_network_status,,,clear_but_aux_failure_floor_6,matched_terminal_action,policy_action_violation,transfer,22.5,26.63713,4.06413,0.0,mostly_deep_vs_mostly_deep_required,fdddd on fdddd,fdddd,fdddd,False,False,False,True,0.0037320591389820336,"{""stage1"": 0.31579536641924894, ""stage2"": 0.20868786292168884, ""stage3"": 0.4530389676086356, ""stage4"": 0.25, ""stage5"": 0.5}",trap_stage1_intake > barrier_stage2_gate > barrier_stage3_gate > general_stage4_repair > target_stage5_verify,stage1_n4__from__root__c04 > stage2_n5__from__n0004__c05 > stage3_n5__from__n0019__c03 > stage4_n2__from__n0064__c01 > stage5_n1__from__n0182__c01,stage4_n2__from__n0064__c01 > stage5_n1__from__n0182__c01,,can_send_mms|check_network_status|check_apn_settings|check_sim_status|check_app_permissions|check_network_mode_preference|check_wifi_calling_status|run_speed_test,airplane_mode_on|bad_network_preference|bad_wifi_calling|break_apn_mms_setting|break_app_sms_permission|data_mode_off|unseat_sim_card,grant_app_permission|reboot_device|reseat_sim_card|reset_apn_settings|set_network_mode_preference|toggle_airplane_mode|toggle_data|toggle_wifi_calling,subset_mismatch_base_plus_linear|local_clear_failure_floor_10|local_clear_and_aux_failure_floor_12|invalid_local_transfer_floor_18,local_to_transfer,over_transfer_on_local_oracle,16.5,16.435109999999998,False,True,fdddd on fdddd -> fdddd on fdddd
28,2,13,target_post_switch,repair_subset,repair_subset,partially_repairable,[mms_issue]airplane_mode_on|bad_network_preference|bad_wifi_calling|break_apn_mms_setting|break_app_both_permissions|data_mode_off|data_usage_exceeded|unseat_sim_card|user_abroad_roaming_enabled_off[PERSONA:Hard],airplane_mode_on|unseat_sim_card|data_mode_off|user_abroad_roaming_enabled_off|bad_network_preference|bad_wifi_calling|break_apn_mms_setting|break_app_both_permissions,data_usage_exceeded,toggle_airplane_mode|reseat_sim_card|toggle_data|toggle_roaming|set_network_mode_preference|toggle_wifi_calling|reset_apn_settings|reboot_device|grant_app_permission|grant_app_permission,partial_resolution_only,,repair_subset,15.0,19.608275,4.533775,1.5,mostly_deep_vs_mostly_deep_required,fddfd on fdddd,fddfd,fdddd,False,False,False,True,0.003805742525346203,"{""stage1"": 0.2620907877465895, ""stage2"": 0.6969937508572155, ""stage3"": 0.3333333333333333, ""stage4"": 0.25, ""stage5"": 0.25}",barrier_stage1_gate > general_stage2_roaming > barrier_stage3_gate > trap_stage4_execute > target_stage5_verify,stage1_n5__from__root__c05 > stage2_n4__from__n0005__c02 > stage3_n5__from__n0021__c03 > stage4_n4__from__n0070__c03 > stage5_n1__from__n0204__c01,stage4_n4__from__n0070__c03 > stage5_n1__from__n0204__c01,toggle_airplane_mode|reseat_sim_card|toggle_data|toggle_roaming,check_network_status|check_sim_status|can_send_mms|get_details_by_id|get_details_by_id,bad_network_preference|bad_wifi_calling|break_apn_mms_setting|break_app_both_permissions,grant_app_permission|reboot_device|reset_apn_settings|set_network_mode_preference|toggle_wifi_calling,subset_mismatch_base_plus_linear|local_clear_failure_floor_10|local_clear_and_aux_failure_floor_12,matched_terminal_action,subset_mismatch_with_missing_oracle_repair_tools,repair_subset,13.0,18.042915,4.968415,1.5,mostly_deep_vs_mostly_deep_required,fddfd on fdddd,fddfd,fdddd,False,False,False,True,0.004384339525869186,"{""stage1"": 0.2942175856246209, ""stage2"": 0.7152811644312197, ""stage3"": 0.3333333333333333, ""stage4"": 0.25, ""stage5"": 0.25}",barrier_stage1_gate > general_stage2_roaming > barrier_stage3_gate > trap_stage4_execute > target_stage5_verify,stage1_n5__from__root__c05 > stage2_n4__from__n0005__c02 > stage3_n5__from__n0021__c03 > stage4_n4__from__n0070__c03 > stage5_n1__from__n0204__c01,stage4_n4__from__n0070__c03 > stage5_n1__from__n0204__c01,toggle_airplane_mode|reseat_sim_card|toggle_data|toggle_roaming|set_network_mode_preference,check_network_status|check_sim_status|check_network_mode_preference|can_send_mms|check_apn_settings|check_wifi_calling_status|check_app_permissions|get_details_by_id|get_details_by_id,bad_wifi_calling|break_apn_mms_setting|break_app_both_permissions,grant_app_permission|reboot_device|reset_apn_settings|toggle_wifi_calling,subset_mismatch_base_plus_linear|local_clear_failure_floor_10|local_clear_and_aux_failure_floor_12,matched_terminal_action,subset_mismatch_with_missing_oracle_repair_tools,-2.0,-1.5653599999999983,True,False,fddfd on fdddd -> fddfd on fdddd
29,2,16,target_post_switch,repair_all,repair_all,repairable,[mms_issue]airplane_mode_on|bad_network_preference|bad_wifi_calling|break_apn_mms_setting|break_app_sms_permission|data_mode_off|unseat_sim_card|user_abroad_roaming_enabled_off[PERSONA:None],airplane_mode_on|unseat_sim_card|data_mode_off|user_abroad_roaming_enabled_off|bad_network_preference|bad_wifi_calling|break_apn_mms_setting|break_app_sms_permission,,toggle_airplane_mode|reseat_sim_card|toggle_data|toggle_roaming|set_network_mode_preference|toggle_wifi_calling|reset_apn_settings|reboot_device|grant_app_permission,can_send_mms_true,can_send_mms,repair_all,0.0,4.704025000000001,4.623025,1.5,mostly_deep_vs_mostly_deep_required,fdfdd on fdddd,fdfdd,fdddd,True,True,True,False,0.003183837005689494,"{""stage1"": 0.16253993337357023, ""stage2"": 0.3313940102866733, ""stage3"": 0.7092957216985811, ""stage4"": 0.25, ""stage5"": 0.3333333333333333}",barrier_stage1_gate > barrier_stage2_gate > trap_stage3_network > barrier_stage4_gate > barrier_stage5_transfer,stage1_n5__from__root__c05 > stage2_n5__from__n0005__c03 > stage3_n4__from__n0022__c02 > stage4_n5__from__n0072__c04 > stage5_n5__from__n0211__c03,stage4_n5__from__n0072__c04 > stage5_n5__from__n0211__c03,toggle_airplane_mode|reseat_sim_card|toggle_data|toggle_roaming|set_network_mode_preference|toggle_wifi_calling|reset_apn_settings|reboot_device|grant_app_permission,check_network_status|check_sim_status|check_network_mode_preference|check_apn_settings|check_wifi_calling_status|check_app_permissions|can_send_mms|check_network_status|check_sim_status|check_network_mode_preference|check_apn_settings|check_wifi_calling_status|check_app_permissions|can_send_mms|get_details_by_id|get_details_by_id,,,,matched_terminal_action,no_terminal_failure_or_low_penalty,repair_all,0.0,4.49814,4.41714,1.5,mostly_deep_vs_mostly_deep_required,fdfdd on fdddd,fdfdd,fdddd,True,True,True,False,0.003759453344846207,"{""stage1"": 0.20256436772064237, ""stage2"": 0.3127746830697329, ""stage3"": 0.7120513270252542, ""stage4"": 0.25, ""stage5"": 0.3333333333333333}",barrier_stage1_gate > barrier_stage2_gate > trap_stage3_network > barrier_stage4_gate > barrier_stage5_transfer,stage1_n5__from__root__c05 > stage2_n5__from__n0005__c03 > stage3_n4__from__n0022__c02 > stage4_n5__from__n0072__c04 > stage5_n5__from__n0211__c03,stage4_n5__from__n0072__c04 > stage5_n5__from__n0211__c03,toggle_airplane_mode|reseat_sim_card|toggle_data|toggle_roaming|set_network_mode_preference|toggle_wifi_calling|reset_apn_settings|reboot_device|grant_app_permission,check_network_status|check_sim_status|check_network_mode_preference|check_apn_settings|check_wifi_calling_status|check_app_permissions|can_send_mms|get_details_by_id|get_details_by_id,,,,matched_terminal_action,no_terminal_failure_or_low_penalty,0.0,-0.20588500000000032,False,False,fdfdd on fdddd -> fdfdd on fdddd
35,3,2,target_post_switch,repair_all,repair_all,repairable,[mms_issue]airplane_mode_on|bad_network_preference|bad_wifi_calling|break_apn_mms_setting|break_app_storage_permission|unseat_sim_card[PERSONA:Easy],airplane_mode_on|unseat_sim_card|bad_network_preference|bad_wifi_calling|break_apn_mms_setting|break_app_storage_permission,,toggle_airplane_mode|reseat_sim_card|set_network_mode_preference|toggle_wifi_calling|reset_apn_settings|reboot_device|grant_app_permission,can_send_mms_true,can_send_mms,repair_subset,10.0,15.0397,4.9641,0.5,mostly_deep_vs_mostly_deep_required,ddddd on fdddd,ddddd,fdddd,False,True,False,True,0.027907244939412018,"{""stage1"": 0.1751135794723225, ""stage2"": 0.6062150858980382, ""stage3"": 0.47422444002614883, ""stage4"": 1.0, ""stage5"": 0.5543530822081416}",general_stage1_verify > target_stage2_router > target_stage3_roaming > target_stage4_repair > target_stage5_decision,stage1_n2__from__root__c02 > stage2_n1__from__n0002__c01 > stage3_n2__from__n0009__c02 > stage4_n1__from__n0033__c01 > stage5_n2__from__n0098__c02,stage4_n1__from__n0033__c01 > stage5_n2__from__n0098__c02,set_network_mode_preference|toggle_wifi_calling|reset_apn_settings|reboot_device|grant_app_permission,check_network_mode_preference|check_apn_settings|check_wifi_calling_status|check_app_permissions|can_send_mms|check_network_status|check_sim_status,airplane_mode_on|unseat_sim_card,reseat_sim_card|toggle_airplane_mode,subset_mismatch_base_plus_linear|local_clear_failure_floor_10,repair_all_to_repair_subset,subset_mismatch_with_missing_oracle_repair_tools,transfer,18.5,22.6833,4.1083,0.0,mostly_deep_vs_mostly_deep_required,fdddd on fdddd,fdddd,fdddd,False,True,False,True,0.048052188482572915,"{""stage1"": 0.3111381982532966, ""stage2"": 0.5714003767647524, ""stage3"": 0.5405667297888486, ""stage4"": 1.0, ""stage5"": 0.5}",general_stage1_intake > target_stage2_router > target_stage3_roaming > target_stage4_repair > target_stage5_decision,stage1_n1__from__root__c01 > stage2_n1__from__n0001__c01 > stage3_n2__from__n0006__c02 > stage4_n1__from__n0024__c01 > stage5_n2__from__n0075__c02,stage4_n1__from__n0024__c01 > stage5_n2__from__n0075__c02,set_network_mode_preference|toggle_wifi_calling|reset_apn_settings|reboot_device|grant_app_permission,check_network_mode_preference|check_apn_settings|check_wifi_calling_status|check_app_permissions|can_send_mms|check_network_status|check_sim_status,airplane_mode_on|unseat_sim_card,reseat_sim_card|toggle_airplane_mode,subset_mismatch_base_plus_linear|local_clear_failure_floor_10|invalid_local_transfer_floor_18,local_to_transfer,over_transfer_on_local_oracle,8.5,7.643599999999999,False,True,ddddd on fdddd -> fdddd on fdddd
37,3,10,target_post_switch,repair_subset,repair_subset,partially_repairable,[mms_issue]airplane_mode_on|bad_network_preference|bad_wifi_calling|break_apn_mms_setting|break_app_sms_permission|data_mode_off|data_usage_exceeded|unseat_sim_card|user_abroad_roaming_disabled_on[PERSONA:None],airplane_mode_on|unseat_sim_card|data_mode_off|bad_network_preference|bad_wifi_calling|break_apn_mms_setting|break_app_sms_permission,user_abroad_roaming_disabled_on|data_usage_exceeded,toggle_airplane_mode|reseat_sim_card|toggle_data|set_network_mode_preference|toggle_wifi_calling|reset_apn_settings|reboot_device|grant_app_permission,partial_resolution_only,,transfer,23.5,28.660429999999998,5.09633,3.5,mostly_deep_vs_mostly_deep_required,dffdd on fdddd,dffdd,fdddd,False,False,False,True,0.0027033657822631025,"{""stage1"": 0.10939232305623987, ""stage2"": 0.6659816956483269, ""stage3"": 0.22432014156413943, ""stage4"": 0.3308395334926142, ""stage5"": 0.5}",general_stage1_verify > trap_stage2_router > trap_stage3_network > general_stage4_repair > target_stage5_verify,stage1_n2__from__root__c02 > stage2_n3__from__n0002__c03 > stage3_n4__from__n0011__c02 > stage4_n2__from__n0039__c01 > stage5_n1__from__n0112__c01,stage4_n2__from__n0039__c01 > stage5_n1__from__n0112__c01,,can_send_mms|check_network_status|check_apn_settings|check_sim_status|check_app_permissions|check_network_mode_preference|check_wifi_calling_status|run_speed_test,airplane_mode_on|bad_network_preference|bad_wifi_calling|break_apn_mms_setting|break_app_sms_permission|data_mode_off|unseat_sim_card,grant_app_permission|reboot_device|reseat_sim_card|reset_apn_settings|set_network_mode_preference|toggle_airplane_mode|toggle_data|toggle_wifi_calling,subset_mismatch_base_plus_linear|local_clear_failure_floor_10|local_clear_and_aux_failure_floor_12|invalid_local_transfer_floor_18,local_to_transfer,over_transfer_on_local_oracle,transfer,22.5,27.38225,4.80855,0.5,mostly_deep_vs_mostly_deep_required,ddddd on fdddd,ddddd,fdddd,False,False,False,True,0.022645713162778785,"{""stage1"": 0.17419429741541267, ""stage2"": 0.6172681355652281, ""stage3"": 0.4737397484799409, ""stage4"": 1.0, ""stage5"": 0.44456819043722057}",general_stage1_verify > target_stage2_router > target_stage3_roaming > target_stage4_repair > target_stage5_verify,stage1_n2__from__root__c02 > stage2_n1__from__n0002__c01 > stage3_n2__from__n0009__c02 > stage4_n1__from__n0033__c01 > stage5_n1__from__n0098__c01,stage4_n1__from__n0033__c01 > stage5_n1__from__n0098__c01,,can_send_mms|check_network_status|check_apn_settings|check_sim_status|check_app_permissions|check_network_mode_preference|check_wifi_calling_status|run_speed_test,airplane_mode_on|bad_network_preference|bad_wifi_calling|break_apn_mms_setting|break_app_sms_permission|data_mode_off|unseat_sim_card,grant_app_permission|reboot_device|reseat_sim_card|reset_apn_settings|set_network_mode_preference|toggle_airplane_mode|toggle_data|toggle_wifi_calling,subset_mismatch_base_plus_linear|local_clear_failure_floor_10|local_clear_and_aux_failure_floor_12|invalid_local_transfer_floor_18,local_to_transfer,over_transfer_on_local_oracle,-1.0,-1.278179999999999,True,False,dffdd on fdddd -> ddddd on fdddd
38,3,13,target_post_switch,repair_subset,repair_subset,partially_repairable,[mms_issue]airplane_mode_on|bad_network_preference|bad_wifi_calling|break_apn_mms_setting|break_app_both_permissions|data_mode_off|data_usage_exceeded|unseat_sim_card|user_abroad_roaming_enabled_off[PERSONA:Hard],airplane_mode_on|unseat_sim_card|data_mode_off|user_abroad_roaming_enabled_off|bad_network_preference|bad_wifi_calling|break_apn_mms_setting|break_app_both_permissions,data_usage_exceeded,toggle_airplane_mode|reseat_sim_card|toggle_data|toggle_roaming|set_network_mode_preference|toggle_wifi_calling|reset_apn_settings|reboot_device|grant_app_permission|grant_app_permission,partial_resolution_only,,repair_subset,19.0,23.780269999999998,4.70667,3.0,mostly_fast_vs_mostly_deep_required,ffddf on fdddd,ffddf,fdddd,False,False,False,True,0.0025377574949279583,"{""stage1"": 0.32581762155629157, ""stage2"": 0.1311369743797961, ""stage3"": 0.7127408272394596, ""stage4"": 0.25, ""stage5"": 0.3333333333333333}",general_stage1_intake > general_stage2_core > barrier_stage3_gate > barrier_stage4_gate > trap_stage5_terminal,stage1_n1__from__root__c01 > stage2_n2__from__n0001__c02 > stage3_n5__from__n0007__c04 > stage4_n5__from__n0028__c04 > stage5_n4__from__n0086__c02,stage4_n5__from__n0028__c04 > stage5_n4__from__n0086__c02,toggle_airplane_mode|reseat_sim_card|toggle_data|toggle_roaming|set_network_mode_preference|toggle_wifi_calling|reset_apn_settings|reboot_device|grant_app_permission|grant_app_permission,check_network_status|check_sim_status|check_network_mode_preference|check_apn_settings|check_wifi_calling_status|check_app_permissions|can_send_mms|get_details_by_id|get_details_by_id,,,subset_mismatch_base_plus_linear|local_clear_failure_floor_10|local_clear_and_aux_failure_floor_12|fast_path_on_deep_required_clear_failure_floor_14,matched_terminal_action,subset_mismatch_terminal_decision,repair_subset,17.0,21.49145,4.41315,0.0,mostly_deep_vs_mostly_deep_required,fdddd on fdddd,fdddd,fdddd,False,False,False,True,0.022611813195927047,"{""stage1"": 0.24752613393201411, ""stage2"": 0.32234042572416166, ""stage3"": 0.5263438913705781, ""stage4"": 1.0, ""stage5"": 0.5384308906295254}",general_stage1_intake > target_stage2_router > target_stage3_apn > target_stage4_repair > target_stage5_verify,stage1_n1__from__root__c01 > stage2_n1__from__n0001__c01 > stage3_n1__from__n0006__c01 > stage4_n1__from__n0023__c01 > stage5_n1__from__n0074__c01,stage4_n1__from__n0023__c01 > stage5_n1__from__n0074__c01,toggle_wifi_calling|reset_apn_settings|reboot_device|grant_app_permission|grant_app_permission,check_apn_settings|check_wifi_calling_status|check_app_permissions|can_send_mms|check_network_status|check_sim_status,airplane_mode_on|bad_network_preference|data_mode_off|unseat_sim_card|user_abroad_roaming_enabled_off,reseat_sim_card|set_network_mode_preference|toggle_airplane_mode|toggle_data|toggle_roaming,subset_mismatch_base_plus_linear|local_clear_failure_floor_10|local_clear_and_aux_failure_floor_12,matched_terminal_action,subset_mismatch_with_missing_oracle_repair_tools,-2.0,-2.2888199999999976,True,False,ffddf on fdddd -> fdddd on fdddd
39,3,16,target_post_switch,repair_all,repair_all,repairable,[mms_issue]airplane_mode_on|bad_network_preference|bad_wifi_calling|break_apn_mms_setting|break_app_sms_permission|data_mode_off|unseat_sim_card|user_abroad_roaming_enabled_off[PERSONA:None],airplane_mode_on|unseat_sim_card|data_mode_off|user_abroad_roaming_enabled_off|bad_network_preference|bad_wifi_calling|break_apn_mms_setting|break_app_sms_permission,,toggle_airplane_mode|reseat_sim_card|toggle_data|toggle_roaming|set_network_mode_preference|toggle_wifi_calling|reset_apn_settings|reboot_device|grant_app_permission,can_send_mms_true,can_send_mms,repair_subset,15.0,19.49655,4.42155,0.0,mostly_deep_vs_mostly_deep_required,fdddd on fdddd,fdddd,fdddd,False,True,False,True,0.03924183561137895,"{""stage1"": 0.2113654947782941, ""stage2"": 0.6808270300278794, ""stage3"": 0.5453915808979761, ""stage4"": 1.0, ""stage5"": 0.5}",general_stage1_intake > target_stage2_router > target_stage3_roaming > target_stage4_repair > target_stage5_decision,stage1_n1__from__root__c01 > stage2_n1__from__n0001__c01 > stage3_n2__from__n0006__c02 > stage4_n1__from__n0024__c01 > stage5_n2__from__n0075__c02,stage4_n1__from__n0024__c01 > stage5_n2__from__n0075__c02,toggle_wifi_calling|reset_apn_settings|reboot_device|grant_app_permission,check_apn_settings|check_wifi_calling_status|check_app_permissions|can_send_mms|check_network_status|check_network_mode_preference|check_sim_status,airplane_mode_on|bad_network_preference|data_mode_off|unseat_sim_card|user_abroad_roaming_enabled_off,reseat_sim_card|set_network_mode_preference|toggle_airplane_mode|toggle_data|toggle_roaming,subset_mismatch_base_plus_linear|local_clear_failure_floor_10,repair_all_to_repair_subset,subset_mismatch_with_missing_oracle_repair_tools,repair_all,0.0,4.06998,3.99518,0.0,mostly_deep_vs_mostly_deep_required,fdddd on fdddd,fdddd,fdddd,True,True,True,True,0.025458676623183085,"{""stage1"": 0.41554228104532415, ""stage2"": 0.2226335429190381, ""stage3"": 0.5503766536320751, ""stage4"": 1.0, ""stage5"": 0.5}",trap_stage1_intake > target_stage2_router > target_stage3_apn > target_stage4_repair > target_stage5_verify,stage1_n4__from__root__c04 > stage2_n1__from__n0004__c01 > stage3_n1__from__n0015__c01 > stage4_n1__from__n0050__c01 > stage5_n1__from__n0143__c01,stage4_n1__from__n0050__c01 > stage5_n1__from__n0143__c01,toggle_airplane_mode|reseat_sim_card|toggle_data|toggle_roaming|set_network_mode_preference|toggle_wifi_calling|reset_apn_settings|reboot_device|grant_app_permission,check_network_status|check_sim_status|check_network_mode_preference|check_apn_settings|check_wifi_calling_status|check_app_permissions|can_send_mms|get_details_by_id|get_details_by_id,,,,matched_terminal_action,no_terminal_failure_or_low_penalty,-15.0,-15.426569999999998,True,False,fdddd on fdddd -> fdddd on fdddd
45,4,2,target_post_switch,repair_all,repair_all,repairable,[mms_issue]airplane_mode_on|bad_network_preference|bad_wifi_calling|break_apn_mms_setting|break_app_storage_permission|unseat_sim_card[PERSONA:Easy],airplane_mode_on|unseat_sim_card|bad_network_preference|bad_wifi_calling|break_apn_mms_setting|break_app_storage_permission,,toggle_airplane_mode|reseat_sim_card|set_network_mode_preference|toggle_wifi_calling|reset_apn_settings|reboot_device|grant_app_permission,can_send_mms_true,can_send_mms,repair_subset,14.0,19.90844,5.85044,6.0,mostly_fast_vs_mostly_deep_required,fffff on fdddd,fffff,fdddd,False,False,False,True,0.003357822128787963,"{""stage1"": 0.5368717156721291, ""stage2"": 0.4002829912046824, ""stage3"": 0.25, ""stage4"": 0.25, ""stage5"": 0.25}",trap_stage1_intake > general_stage2_core > trap_stage3_network > trap_stage4_execute > trap_stage5_terminal,stage1_n4__from__root__c04 > stage2_n2__from__n0004__c02 > stage3_n4__from__n0016__c03 > stage4_n4__from__n0054__c03 > stage5_n4__from__n0150__c03,stage4_n4__from__n0054__c03 > stage5_n4__from__n0150__c03,toggle_airplane_mode|reseat_sim_card|set_network_mode_preference|toggle_wifi_calling,check_network_status|check_sim_status|check_network_mode_preference|check_wifi_calling_status|can_send_mms,break_apn_mms_setting|break_app_storage_permission,grant_app_permission|reboot_device|reset_apn_settings,subset_mismatch_base_plus_linear|local_clear_failure_floor_10|local_clear_and_aux_failure_floor_12|fast_path_on_deep_required_clear_failure_floor_14,repair_all_to_repair_subset,subset_mismatch_with_missing_oracle_repair_tools,repair_subset,10.0,13.87091,3.79771,0.0,mostly_deep_vs_mostly_deep_required,fdddd on fdddd,fdddd,fdddd,False,True,False,True,0.00487708140545118,"{""stage1"": 0.19888183192476794, ""stage2"": 0.504203701731855, ""stage3"": 0.2568883689543083, ""stage4"": 0.37865562916938234, ""stage5"": 0.5}",barrier_stage1_gate > general_stage2_roaming > general_stage3_network > general_stage4_repair > target_stage5_decision,stage1_n5__from__root__c05 > stage2_n4__from__n0005__c02 > stage3_n3__from__n0021__c01 > stage4_n2__from__n0068__c01 > stage5_n2__from__n0196__c02,stage4_n2__from__n0068__c01 > stage5_n2__from__n0196__c02,set_network_mode_preference|toggle_wifi_calling|reset_apn_settings|reboot_device|grant_app_permission,check_network_mode_preference|check_apn_settings|check_wifi_calling_status|check_app_permissions|can_send_mms,airplane_mode_on|unseat_sim_card,reseat_sim_card|toggle_airplane_mode,subset_mismatch_base_plus_linear|local_clear_failure_floor_10,repair_all_to_repair_subset,subset_mismatch_with_missing_oracle_repair_tools,-4.0,-6.0375299999999985,True,False,fffff on fdddd -> fdddd on fdddd
47,4,10,target_post_switch,repair_subset,repair_subset,partially_repairable,[mms_issue]airplane_mode_on|bad_network_preference|bad_wifi_calling|break_apn_mms_setting|break_app_sms_permission|data_mode_off|data_usage_exceeded|unseat_sim_card|user_abroad_roaming_disabled_on[PERSONA:None],airplane_mode_on|unseat_sim_card|data_mode_off|bad_network_preference|bad_wifi_calling|break_apn_mms_setting|break_app_sms_permission,user_abroad_roaming_disabled_on|data_usage_exceeded,toggle_airplane_mode|reseat_sim_card|toggle_data|set_network_mode_preference|toggle_wifi_calling|reset_apn_settings|reboot_device|grant_app_permission,partial_resolution_only,,transfer,22.5,27.40839,4.83389,0.5,mostly_deep_vs_mostly_deep_required,ddddd on fdddd,ddddd,fdddd,False,False,False,True,0.01209495268807045,"{""stage1"": 0.20544890091702028, ""stage2"": 0.16398060805281464, ""stage3"": 0.5920633962723257, ""stage4"": 1.0, ""stage5"": 0.6063727093400132}",target_stage1_handoff > target_stage2_router > target_stage3_apn > target_stage4_repair > target_stage5_decision,stage1_n3__from__root__c03 > stage2_n1__from__n0003__c01 > stage3_n1__from__n0012__c01 > stage4_n1__from__n0041__c01 > stage5_n2__from__n0120__c02,stage4_n1__from__n0041__c01 > stage5_n2__from__n0120__c02,,can_send_mms|check_network_status|check_apn_settings|check_sim_status|check_app_permissions|check_network_mode_preference|check_wifi_calling_status|run_speed_test,airplane_mode_on|bad_network_preference|bad_wifi_calling|break_apn_mms_setting|break_app_sms_permission|data_mode_off|unseat_sim_card,grant_app_permission|reboot_device|reseat_sim_card|reset_apn_settings|set_network_mode_preference|toggle_airplane_mode|toggle_data|toggle_wifi_calling,subset_mismatch_base_plus_linear|local_clear_failure_floor_10|local_clear_and_aux_failure_floor_12|invalid_local_transfer_floor_18,local_to_transfer,over_transfer_on_local_oracle,transfer,22.5,27.194325,4.628425,1.5,mostly_deep_vs_mostly_deep_required,fdfdd on fdddd,fdfdd,fdddd,False,False,False,True,0.005721665344213904,"{""stage1"": 0.31859373768401605, ""stage2"": 0.30355545129247485, ""stage3"": 0.47330072339684043, ""stage4"": 0.25, ""stage5"": 0.5}",trap_stage1_intake > general_stage2_roaming > trap_stage3_network > general_stage4_repair > target_stage5_decision,stage1_n4__from__root__c04 > stage2_n4__from__n0004__c04 > stage3_n4__from__n0018__c02 > stage4_n2__from__n0060__c01 > stage5_n2__from__n0168__c02,stage4_n2__from__n0060__c01 > stage5_n2__from__n0168__c02,,can_send_mms|check_network_status|check_apn_settings|check_sim_status|check_app_permissions|check_network_mode_preference|check_wifi_calling_status|run_speed_test,airplane_mode_on|bad_network_preference|bad_wifi_calling|break_apn_mms_setting|break_app_sms_permission|data_mode_off|unseat_sim_card,grant_app_permission|reboot_device|reseat_sim_card|reset_apn_settings|set_network_mode_preference|toggle_airplane_mode|toggle_data|toggle_wifi_calling,subset_mismatch_base_plus_linear|local_clear_failure_floor_10|local_clear_and_aux_failure_floor_12|invalid_local_transfer_floor_18,local_to_transfer,over_transfer_on_local_oracle,0.0,-0.2140650000000015,False,False,ddddd on fdddd -> fdfdd on fdddd
48,4,13,target_post_switch,repair_subset,repair_subset,partially_repairable,[mms_issue]airplane_mode_on|bad_network_preference|bad_wifi_calling|break_apn_mms_setting|break_app_both_permissions|data_mode_off|data_usage_exceeded|unseat_sim_card|user_abroad_roaming_enabled_off[PERSONA:Hard],airplane_mode_on|unseat_sim_card|data_mode_off|user_abroad_roaming_enabled_off|bad_network_preference|bad_wifi_calling|break_apn_mms_setting|break_app_both_permissions,data_usage_exceeded,toggle_airplane_mode|reseat_sim_card|toggle_data|toggle_roaming|set_network_mode_preference|toggle_wifi_calling|reset_apn_settings|reboot_device|grant_app_permission|grant_app_permission,partial_resolution_only,,repair_subset,15.0,20.770094999999998,5.708095,4.5,mostly_fast_vs_mostly_deep_required,ffdff on fdddd,ffdff,fdddd,False,False,False,True,0.003906625942357132,"{""stage1"": 0.6046224763291244, ""stage2"": 0.2400160358848835, ""stage3"": 0.4307222095197953, ""stage4"": 0.25, ""stage5"": 0.25}",trap_stage1_intake > general_stage2_core > barrier_stage3_gate > trap_stage4_execute > trap_stage5_terminal,stage1_n4__from__root__c04 > stage2_n2__from__n0004__c02 > stage3_n5__from__n0016__c04 > stage4_n4__from__n0055__c03 > stage5_n4__from__n0154__c03,stage4_n4__from__n0055__c03 > stage5_n4__from__n0154__c03,toggle_airplane_mode|reseat_sim_card|toggle_data|toggle_roaming,check_network_status|check_sim_status|can_send_mms|get_details_by_id|get_details_by_id,bad_network_preference|bad_wifi_calling|break_apn_mms_setting|break_app_both_permissions,grant_app_permission|reboot_device|reset_apn_settings|set_network_mode_preference|toggle_wifi_calling,subset_mismatch_base_plus_linear|local_clear_failure_floor_10|local_clear_and_aux_failure_floor_12|fast_path_on_deep_required_clear_failure_floor_14,matched_terminal_action,subset_mismatch_with_missing_oracle_repair_tools,repair_subset,17.0,21.59442,4.52612,1.5,mostly_deep_vs_mostly_deep_required,ffddd on fdddd,ffddd,fdddd,False,False,False,True,0.0066860399331056895,"{""stage1"": 0.26787913005369984, ""stage2"": 0.6830301362442922, ""stage3"": 0.3613481030529913, ""stage4"": 0.404505501493437, ""stage5"": 0.25}",general_stage1_intake > trap_stage2_router > barrier_stage3_gate > general_stage4_verify > general_stage5_verify,stage1_n1__from__root__c01 > stage2_n3__from__n0001__c03 > stage3_n5__from__n0008__c03 > stage4_n3__from__n0031__c02 > stage5_n3__from__n0094__c03,stage4_n3__from__n0031__c02 > stage5_n3__from__n0094__c03,toggle_wifi_calling|reset_apn_settings|reboot_device|grant_app_permission|grant_app_permission,check_apn_settings|check_wifi_calling_status|check_app_permissions|can_send_mms|check_network_status|check_sim_status,airplane_mode_on|bad_network_preference|data_mode_off|unseat_sim_card|user_abroad_roaming_enabled_off,reseat_sim_card|set_network_mode_preference|toggle_airplane_mode|toggle_data|toggle_roaming,subset_mismatch_base_plus_linear|local_clear_failure_floor_10|local_clear_and_aux_failure_floor_12,matched_terminal_action,subset_mismatch_with_missing_oracle_repair_tools,2.0,0.8243250000000018,False,True,ffdff on fdddd -> ffddd on fdddd
49,4,16,target_post_switch,repair_all,repair_all,repairable,[mms_issue]airplane_mode_on|bad_network_preference|bad_wifi_calling|break_apn_mms_setting|break_app_sms_permission|data_mode_off|unseat_sim_card|user_abroad_roaming_enabled_off[PERSONA:None],airplane_mode_on|unseat_sim_card|data_mode_off|user_abroad_roaming_enabled_off|bad_network_preference|bad_wifi_calling|break_apn_mms_setting|break_app_sms_permission,,toggle_airplane_mode|reseat_sim_card|toggle_data|toggle_roaming|set_network_mode_preference|toggle_wifi_calling|reset_apn_settings|reboot_device|grant_app_permission,can_send_mms_true,can_send_mms,repair_subset,14.0,19.73834,5.67144,3.0,mostly_fast_vs_mostly_deep_required,fdffd on fdddd,fdffd,fdddd,False,False,False,True,0.0012366117835315026,"{""stage1"": 0.15667249629452867, ""stage2"": 0.13695490599678414, ""stage3"": 0.922110581767042, ""stage4"": 0.25, ""stage5"": 0.25}",barrier_stage1_gate > general_stage2_roaming > trap_stage3_network > trap_stage4_execute > target_stage5_verify,stage1_n5__from__root__c05 > stage2_n4__from__n0005__c02 > stage3_n4__from__n0021__c02 > stage4_n4__from__n0069__c03 > stage5_n1__from__n0200__c01,stage4_n4__from__n0069__c03 > stage5_n1__from__n0200__c01,toggle_airplane_mode|reseat_sim_card|toggle_data|toggle_roaming|set_network_mode_preference|toggle_wifi_calling|reset_apn_settings|grant_app_permission,check_network_status|check_sim_status|check_network_mode_preference|check_wifi_calling_status|check_app_permissions|can_send_mms|check_apn_settings|can_send_mms|get_details_by_id|get_details_by_id,break_apn_mms_setting,reboot_device,subset_mismatch_base_plus_linear|local_clear_failure_floor_10|local_clear_and_aux_failure_floor_12|fast_path_on_deep_required_clear_failure_floor_14,repair_all_to_repair_subset,subset_mismatch_with_missing_oracle_repair_tools,repair_all,0.0,4.720985,4.657785,3.0,mostly_fast_vs_mostly_deep_required,fffdd on fdddd,fffdd,fdddd,True,True,True,True,0.0038021509933552993,"{""stage1"": 0.21798985843440752, ""stage2"": 0.626666256724185, ""stage3"": 0.1714081982545606, ""stage4"": 0.32475449116940225, ""stage5"": 0.5}",trap_stage1_intake > general_stage2_core > trap_stage3_network > general_stage4_repair > target_stage5_verify,stage1_n4__from__root__c04 > stage2_n2__from__n0004__c02 > stage3_n4__from__n0016__c03 > stage4_n2__from__n0054__c01 > stage5_n1__from__n0148__c01,stage4_n2__from__n0054__c01 > stage5_n1__from__n0148__c01,toggle_airplane_mode|reseat_sim_card|toggle_data|toggle_roaming|set_network_mode_preference|toggle_wifi_calling|reset_apn_settings|reboot_device|grant_app_permission,check_network_status|check_sim_status|check_network_mode_preference|check_apn_settings|check_wifi_calling_status|check_app_permissions|can_send_mms|get_details_by_id|get_details_by_id,,,,matched_terminal_action,no_terminal_failure_or_low_penalty,-14.0,-15.017355000000002,True,False,fdffd on fdddd -> fffdd on fdddd
55,5,2,target_post_switch,repair_all,repair_all,repairable,[mms_issue]airplane_mode_on|bad_network_preference|bad_wifi_calling|break_apn_mms_setting|break_app_storage_permission|unseat_sim_card[PERSONA:Easy],airplane_mode_on|unseat_sim_card|bad_network_preference|bad_wifi_calling|break_apn_mms_setting|break_app_storage_permission,,toggle_airplane_mode|reseat_sim_card|set_network_mode_preference|toggle_wifi_calling|reset_apn_settings|reboot_device|grant_app_permission,can_send_mms_true,can_send_mms,repair_subset,10.0,13.84921,3.77471,1.5,mostly_deep_vs_mostly_deep_required,ffddd on fdddd,ffddd,fdddd,False,True,False,True,0.016822369614288867,"{""stage1"": 0.6144473475833424, ""stage2"": 0.110989150802682, ""stage3"": 0.45903242002299327, ""stage4"": 1.0, ""stage5"": 0.5373764240857086}",trap_stage1_intake > general_stage2_core > target_stage3_roaming > target_stage4_repair > target_stage5_verify,stage1_n4__from__root__c04 > stage2_n2__from__n0004__c02 > stage3_n2__from__n0016__c01 > stage4_n1__from__n0052__c01 > stage5_n1__from__n0145__c01,stage4_n1__from__n0052__c01 > stage5_n1__from__n0145__c01,set_network_mode_preference|toggle_wifi_calling|reset_apn_settings|reboot_device|grant_app_permission,check_network_mode_preference|check_apn_settings|check_wifi_calling_status|check_app_permissions|can_send_mms,airplane_mode_on|unseat_sim_card,reseat_sim_card|toggle_airplane_mode,subset_mismatch_base_plus_linear|local_clear_failure_floor_10,repair_all_to_repair_subset,subset_mismatch_with_missing_oracle_repair_tools,repair_all,0.0,3.74296,3.67706,1.5,mostly_deep_vs_mostly_deep_required,ffddd on fdddd,ffddd,fdddd,True,True,True,True,0.004468838266562325,"{""stage1"": 0.19358441441774185, ""stage2"": 0.5006064156756335, ""stage3"": 0.2566134091105876, ""stage4"": 0.71880068448028, ""stage5"": 0.25}",trap_stage1_intake > general_stage2_core > general_stage3_network > general_stage4_verify > target_stage5_decision,stage1_n4__from__root__c04 > stage2_n2__from__n0004__c02 > stage3_n3__from__n0016__c02 > stage4_n3__from__n0053__c02 > stage5_n2__from__n0147__c02,stage4_n3__from__n0053__c02 > stage5_n2__from__n0147__c02,toggle_airplane_mode|reseat_sim_card|set_network_mode_preference|toggle_wifi_calling|reset_apn_settings|reboot_device|grant_app_permission,check_network_status|check_sim_status|check_network_mode_preference|check_apn_settings|check_wifi_calling_status|check_app_permissions|can_send_mms|can_send_mms|check_network_status,,,,matched_terminal_action,no_terminal_failure_or_low_penalty,-10.0,-10.10625,True,False,ffddd on fdddd -> ffddd on fdddd
57,5,10,target_post_switch,repair_subset,repair_subset,partially_repairable,[mms_issue]airplane_mode_on|bad_network_preference|bad_wifi_calling|break_apn_mms_setting|break_app_sms_permission|data_mode_off|data_usage_exceeded|unseat_sim_card|user_abroad_roaming_disabled_on[PERSONA:None],airplane_mode_on|unseat_sim_card|data_mode_off|bad_network_preference|bad_wifi_calling|break_apn_mms_setting|break_app_sms_permission,user_abroad_roaming_disabled_on|data_usage_exceeded,toggle_airplane_mode|reseat_sim_card|toggle_data|set_network_mode_preference|toggle_wifi_calling|reset_apn_settings|reboot_device|grant_app_permission,partial_resolution_only,,transfer,22.5,26.669510000000002,4.09521,0.0,mostly_deep_vs_mostly_deep_required,fdddd on fdddd,fdddd,fdddd,False,False,False,True,0.040703697951367614,"{""stage1"": 0.5316804599737549, ""stage2"": 0.31313062141845377, ""stage3"": 0.4342723480682038, ""stage4"": 1.0, ""stage5"": 0.5629832197179128}",trap_stage1_intake > target_stage2_router > target_stage3_roaming > target_stage4_repair > target_stage5_decision,stage1_n4__from__root__c04 > stage2_n1__from__n0004__c01 > stage3_n2__from__n0015__c02 > stage4_n1__from__n0051__c01 > stage5_n2__from__n0144__c02,stage4_n1__from__n0051__c01 > stage5_n2__from__n0144__c02,,can_send_mms|check_network_status|check_apn_settings|check_sim_status|check_app_permissions|check_network_mode_preference|check_wifi_calling_status|run_speed_test,airplane_mode_on|bad_network_preference|bad_wifi_calling|break_apn_mms_setting|break_app_sms_permission|data_mode_off|unseat_sim_card,grant_app_permission|reboot_device|reseat_sim_card|reset_apn_settings|set_network_mode_preference|toggle_airplane_mode|toggle_data|toggle_wifi_calling,subset_mismatch_base_plus_linear|local_clear_failure_floor_10|local_clear_and_aux_failure_floor_12|invalid_local_transfer_floor_18,local_to_transfer,over_transfer_on_local_oracle,transfer,22.5,26.66602,4.09122,0.0,mostly_deep_vs_mostly_deep_required,fdddd on fdddd,fdddd,fdddd,False,False,False,True,0.02284180134005703,"{""stage1"": 0.2065785112132114, ""stage2"": 0.47174033286782313, ""stage3"": 0.525069219833033, ""stage4"": 1.0, ""stage5"": 0.44640149206687774}",trap_stage1_intake > target_stage2_router > target_stage3_apn > target_stage4_repair > target_stage5_verify,stage1_n4__from__root__c04 > stage2_n1__from__n0004__c01 > stage3_n1__from__n0015__c01 > stage4_n1__from__n0050__c01 > stage5_n1__from__n0143__c01,stage4_n1__from__n0050__c01 > stage5_n1__from__n0143__c01,,can_send_mms|check_network_status|check_apn_settings|check_sim_status|check_wifi_calling_status|check_app_permissions|check_network_mode_preference|run_speed_test,airplane_mode_on|bad_network_preference|bad_wifi_calling|break_apn_mms_setting|break_app_sms_permission|data_mode_off|unseat_sim_card,grant_app_permission|reboot_device|reseat_sim_card|reset_apn_settings|set_network_mode_preference|toggle_airplane_mode|toggle_data|toggle_wifi_calling,subset_mismatch_base_plus_linear|local_clear_failure_floor_10|local_clear_and_aux_failure_floor_12|invalid_local_transfer_floor_18,local_to_transfer,over_transfer_on_local_oracle,0.0,-0.0034900000000028797,False,False,fdddd on fdddd -> fdddd on fdddd
58,5,13,target_post_switch,repair_subset,repair_subset,partially_repairable,[mms_issue]airplane_mode_on|bad_network_preference|bad_wifi_calling|break_apn_mms_setting|break_app_both_permissions|data_mode_off|data_usage_exceeded|unseat_sim_card|user_abroad_roaming_enabled_off[PERSONA:Hard],airplane_mode_on|unseat_sim_card|data_mode_off|user_abroad_roaming_enabled_off|bad_network_preference|bad_wifi_calling|break_apn_mms_setting|break_app_both_permissions,data_usage_exceeded,toggle_airplane_mode|reseat_sim_card|toggle_data|toggle_roaming|set_network_mode_preference|toggle_wifi_calling|reset_apn_settings|reboot_device|grant_app_permission|grant_app_permission,partial_resolution_only,,repair_subset,6.0,10.377265,4.302465,1.5,mostly_deep_vs_mostly_deep_required,fdfdd on fdddd,fdfdd,fdddd,True,False,False,True,0.004419115741031827,"{""stage1"": 0.117110334496364, ""stage2"": 0.4802472687229748, ""stage3"": 0.47438201841266353, ""stage4"": 0.3312661255881062, ""stage5"": 0.5}",barrier_stage1_gate > barrier_stage2_gate > trap_stage3_network > general_stage4_repair > target_stage5_decision,stage1_n5__from__root__c05 > stage2_n5__from__n0005__c03 > stage3_n4__from__n0022__c02 > stage4_n2__from__n0072__c01 > stage5_n2__from__n0208__c02,stage4_n2__from__n0072__c01 > stage5_n2__from__n0208__c02,toggle_airplane_mode|reseat_sim_card|toggle_data|toggle_roaming|set_network_mode_preference|toggle_wifi_calling|reset_apn_settings|reboot_device|grant_app_permission|grant_app_permission,check_network_status|check_sim_status|check_network_mode_preference|check_apn_settings|check_wifi_calling_status|check_app_permissions|can_send_mms|get_details_by_id|get_details_by_id,,,clear_but_aux_failure_floor_6,matched_terminal_action,policy_action_violation,repair_subset,19.0,24.550145,5.485845,3.5,mostly_deep_vs_mostly_deep_required,dffdd on fdddd,dffdd,fdddd,False,False,False,True,0.005237027651023833,"{""stage1"": 0.29927289260073103, ""stage2"": 0.44530393872364343, ""stage3"": 0.47308935213643927, ""stage4"": 0.33225977529384204, ""stage5"": 0.25}",target_stage1_handoff > trap_stage2_router > trap_stage3_network > general_stage4_verify > target_stage5_decision,stage1_n3__from__root__c03 > stage2_n3__from__n0003__c03 > stage3_n4__from__n0014__c02 > stage4_n3__from__n0048__c02 > stage5_n2__from__n0136__c02,stage4_n3__from__n0048__c02 > stage5_n2__from__n0136__c02,toggle_airplane_mode|reseat_sim_card|toggle_data|toggle_roaming|set_network_mode_preference|toggle_wifi_calling|reset_apn_settings|reboot_device|grant_app_permission|grant_app_permission,check_network_status|check_sim_status|check_network_mode_preference|check_apn_settings|check_wifi_calling_status|check_app_permissions|can_send_mms|get_details_by_id|get_details_by_id,,,subset_mismatch_base_plus_linear|local_clear_failure_floor_10|local_clear_and_aux_failure_floor_12,matched_terminal_action,subset_mismatch_terminal_decision,13.0,14.172880000000001,False,True,fdfdd on fdddd -> dffdd on fdddd
59,5,16,target_post_switch,repair_all,repair_all,repairable,[mms_issue]airplane_mode_on|bad_network_preference|bad_wifi_calling|break_apn_mms_setting|break_app_sms_permission|data_mode_off|unseat_sim_card|user_abroad_roaming_enabled_off[PERSONA:None],airplane_mode_on|unseat_sim_card|data_mode_off|user_abroad_roaming_enabled_off|bad_network_preference|bad_wifi_calling|break_apn_mms_setting|break_app_sms_permission,,toggle_airplane_mode|reseat_sim_card|toggle_data|toggle_roaming|set_network_mode_preference|toggle_wifi_calling|reset_apn_settings|reboot_device|grant_app_permission,can_send_mms_true,can_send_mms,repair_subset,21.0,25.07823,4.02223,4.5,mostly_fast_vs_mostly_deep_required,ffffd on fdddd,ffffd,fdddd,False,False,False,True,0.004661356513608934,"{""stage1"": 0.45831098771072204, ""stage2"": 0.2, ""stage3"": 0.6476888594753785, ""stage4"": 0.3140621645437552, ""stage5"": 0.25}",trap_stage1_intake > trap_stage2_router > trap_stage3_network > trap_stage4_execute > general_stage5_verify,stage1_n4__from__root__c04 > stage2_n3__from__n0004__c03 > stage3_n4__from__n0017__c02 > stage4_n4__from__n0057__c03 > stage5_n3__from__n0160__c02,stage4_n4__from__n0057__c03 > stage5_n3__from__n0160__c02,toggle_airplane_mode,check_network_status|can_send_mms,bad_network_preference|bad_wifi_calling|break_apn_mms_setting|break_app_sms_permission|data_mode_off|unseat_sim_card|user_abroad_roaming_enabled_off,grant_app_permission|reboot_device|reseat_sim_card|reset_apn_settings|set_network_mode_preference|toggle_data|toggle_roaming|toggle_wifi_calling,subset_mismatch_base_plus_linear|local_clear_failure_floor_10|local_clear_and_aux_failure_floor_12|fast_path_on_deep_required_clear_failure_floor_14,repair_all_to_repair_subset,subset_mismatch_with_missing_oracle_repair_tools,repair_all,0.0,4.8399,4.7623,0.5,mostly_deep_vs_mostly_deep_required,ddddd on fdddd,ddddd,fdddd,True,True,True,True,0.002893403418920675,"{""stage1"": 0.09548367674709803, ""stage2"": 0.09110334539437233, ""stage3"": 0.6652356686270704, ""stage4"": 1.0, ""stage5"": 0.5}",general_stage1_verify > target_stage2_router > target_stage3_apn > target_stage4_repair > target_stage5_verify,stage1_n2__from__root__c02 > stage2_n1__from__n0002__c01 > stage3_n1__from__n0009__c01 > stage4_n1__from__n0032__c01 > stage5_n1__from__n0097__c01,stage4_n1__from__n0032__c01 > stage5_n1__from__n0097__c01,toggle_airplane_mode|reseat_sim_card|toggle_data|toggle_roaming|set_network_mode_preference|toggle_wifi_calling|reset_apn_settings|reboot_device|grant_app_permission,check_network_status|check_sim_status|check_network_mode_preference|check_apn_settings|check_wifi_calling_status|check_app_permissions|can_send_mms|get_details_by_id|get_details_by_id,,,,matched_terminal_action,no_terminal_failure_or_low_penalty,-21.0,-20.23833,True,False,ffffd on fdddd -> ddddd on fdddd
65,6,2,target_post_switch,repair_all,repair_all,repairable,[mms_issue]airplane_mode_on|bad_network_preference|bad_wifi_calling|break_apn_mms_setting|break_app_storage_permission|unseat_sim_card[PERSONA:Easy],airplane_mode_on|unseat_sim_card|bad_network_preference|bad_wifi_calling|break_apn_mms_setting|break_app_storage_permission,,toggle_airplane_mode|reseat_sim_card|set_network_mode_preference|toggle_wifi_calling|reset_apn_settings|reboot_device|grant_app_permission,can_send_mms_true,can_send_mms,repair_subset,10.0,13.71302,3.63832,0.0,mostly_deep_vs_mostly_deep_required,fdddd on fdddd,fdddd,fdddd,False,True,False,True,0.013378483329994915,"{""stage1"": 0.3115439826500617, ""stage2"": 0.19384798149770513, ""stage3"": 0.3396512680123882, ""stage4"": 1.0, ""stage5"": 0.6522183163173679}",trap_stage1_intake > target_stage2_router > target_stage3_roaming > target_stage4_repair > target_stage5_verify,stage1_n4__from__root__c04 > stage2_n1__from__n0004__c01 > stage3_n2__from__n0015__c02 > stage4_n1__from__n0051__c01 > stage5_n1__from__n0144__c01,stage4_n1__from__n0051__c01 > stage5_n1__from__n0144__c01,set_network_mode_preference|toggle_wifi_calling|reset_apn_settings|reboot_device|grant_app_permission,check_network_mode_preference|check_apn_settings|check_wifi_calling_status|check_app_permissions|can_send_mms,airplane_mode_on|unseat_sim_card,reseat_sim_card|toggle_airplane_mode,subset_mismatch_base_plus_linear|local_clear_failure_floor_10,repair_all_to_repair_subset,subset_mismatch_with_missing_oracle_repair_tools,repair_all,0.0,4.14009,4.07499,2.0,mostly_deep_vs_mostly_deep_required,dfddd on fdddd,dfddd,fdddd,True,True,True,True,0.0035599500675402933,"{""stage1"": 0.08244236044037476, ""stage2"": 0.9965060115136243, ""stage3"": 0.2297711639384166, ""stage4"": 0.7543589249433721, ""stage5"": 0.25}",general_stage1_verify > trap_stage2_router > general_stage3_network > general_stage4_verify > target_stage5_decision,stage1_n2__from__root__c02 > stage2_n3__from__n0002__c03 > stage3_n3__from__n0011__c01 > stage4_n3__from__n0038__c02 > stage5_n2__from__n0111__c02,stage4_n3__from__n0038__c02 > stage5_n2__from__n0111__c02,toggle_airplane_mode|reseat_sim_card|set_network_mode_preference|toggle_wifi_calling|reset_apn_settings|reboot_device|grant_app_permission,check_network_status|check_sim_status|check_network_mode_preference|check_apn_settings|check_wifi_calling_status|check_app_permissions|can_send_mms,,,,matched_terminal_action,no_terminal_failure_or_low_penalty,-10.0,-9.57293,True,False,fdddd on fdddd -> dfddd on fdddd
67,6,10,target_post_switch,repair_subset,repair_subset,partially_repairable,[mms_issue]airplane_mode_on|bad_network_preference|bad_wifi_calling|break_apn_mms_setting|break_app_sms_permission|data_mode_off|data_usage_exceeded|unseat_sim_card|user_abroad_roaming_disabled_on[PERSONA:None],airplane_mode_on|unseat_sim_card|data_mode_off|bad_network_preference|bad_wifi_calling|break_apn_mms_setting|break_app_sms_permission,user_abroad_roaming_disabled_on|data_usage_exceeded,toggle_airplane_mode|reseat_sim_card|toggle_data|set_network_mode_preference|toggle_wifi_calling|reset_apn_settings|reboot_device|grant_app_permission,partial_resolution_only,,transfer,22.5,27.188164999999998,4.622265,1.5,mostly_deep_vs_mostly_deep_required,fdfdd on fdddd,fdfdd,fdddd,False,False,False,True,0.014681752950299668,"{""stage1"": 0.27380535831353087, ""stage2"": 0.7927584890020479, ""stage3"": 0.3209470928861021, ""stage4"": 0.4214942139131753, ""stage5"": 0.5}",trap_stage1_intake > general_stage2_roaming > trap_stage3_network > general_stage4_repair > target_stage5_decision,stage1_n4__from__root__c04 > stage2_n4__from__n0004__c04 > stage3_n4__from__n0018__c02 > stage4_n2__from__n0060__c01 > stage5_n2__from__n0168__c02,stage4_n2__from__n0060__c01 > stage5_n2__from__n0168__c02,,can_send_mms|check_network_status|check_apn_settings|check_sim_status|check_app_permissions|check_network_mode_preference|check_wifi_calling_status|run_speed_test,airplane_mode_on|bad_network_preference|bad_wifi_calling|break_apn_mms_setting|break_app_sms_permission|data_mode_off|unseat_sim_card,grant_app_permission|reboot_device|reseat_sim_card|reset_apn_settings|set_network_mode_preference|toggle_airplane_mode|toggle_data|toggle_wifi_calling,subset_mismatch_base_plus_linear|local_clear_failure_floor_10|local_clear_and_aux_failure_floor_12|invalid_local_transfer_floor_18,local_to_transfer,over_transfer_on_local_oracle,transfer,22.5,26.65119,4.07589,0.0,mostly_deep_vs_mostly_deep_required,fdddd on fdddd,fdddd,fdddd,False,False,False,True,0.014778502869258836,"{""stage1"": 0.39669429876540047, ""stage2"": 0.35444280903903846, ""stage3"": 0.5523295246180985, ""stage4"": 0.23881531106834733, ""stage5"": 0.7968340529826904}",barrier_stage1_gate > barrier_stage2_gate > general_stage3_network > general_stage4_repair > target_stage5_decision,stage1_n5__from__root__c05 > stage2_n5__from__n0005__c03 > stage3_n3__from__n0022__c01 > stage4_n2__from__n0071__c01 > stage5_n2__from__n0206__c02,stage4_n2__from__n0071__c01 > stage5_n2__from__n0206__c02,,can_send_mms|check_network_status|check_apn_settings|check_sim_status|check_app_permissions|check_network_mode_preference|check_wifi_calling_status|run_speed_test,airplane_mode_on|bad_network_preference|bad_wifi_calling|break_apn_mms_setting|break_app_sms_permission|data_mode_off|unseat_sim_card,grant_app_permission|reboot_device|reseat_sim_card|reset_apn_settings|set_network_mode_preference|toggle_airplane_mode|toggle_data|toggle_wifi_calling,subset_mismatch_base_plus_linear|local_clear_failure_floor_10|local_clear_and_aux_failure_floor_12|invalid_local_transfer_floor_18,local_to_transfer,over_transfer_on_local_oracle,0.0,-0.5369749999999982,False,False,fdfdd on fdddd -> fdddd on fdddd
68,6,13,target_post_switch,repair_subset,repair_subset,partially_repairable,[mms_issue]airplane_mode_on|bad_network_preference|bad_wifi_calling|break_apn_mms_setting|break_app_both_permissions|data_mode_off|data_usage_exceeded|unseat_sim_card|user_abroad_roaming_enabled_off[PERSONA:Hard],airplane_mode_on|unseat_sim_card|data_mode_off|user_abroad_roaming_enabled_off|bad_network_preference|bad_wifi_calling|break_apn_mms_setting|break_app_both_permissions,data_usage_exceeded,toggle_airplane_mode|reseat_sim_card|toggle_data|toggle_roaming|set_network_mode_preference|toggle_wifi_calling|reset_apn_settings|reboot_device|grant_app_permission|grant_app_permission,partial_resolution_only,,transfer,25.5,29.32982,3.75102,0.0,mostly_deep_vs_mostly_deep_required,fdddd on fdddd,fdddd,fdddd,False,False,False,True,0.08088141198449152,"{""stage1"": 0.3881122351188433, ""stage2"": 0.8466920275420226, ""stage3"": 0.5243441668027267, ""stage4"": 1.0, ""stage5"": 0.4694069105655905}",general_stage1_intake > target_stage2_router > target_stage3_apn > target_stage4_repair > target_stage5_decision,stage1_n1__from__root__c01 > stage2_n1__from__n0001__c01 > stage3_n1__from__n0006__c01 > stage4_n1__from__n0023__c01 > stage5_n2__from__n0074__c02,stage4_n1__from__n0023__c01 > stage5_n2__from__n0074__c02,,can_send_mms|check_network_status|check_apn_settings|check_sim_status|check_wifi_calling_status|check_network_mode_preference|run_speed_test|check_app_permissions,airplane_mode_on|bad_network_preference|bad_wifi_calling|break_apn_mms_setting|break_app_both_permissions|data_mode_off|unseat_sim_card|user_abroad_roaming_enabled_off,grant_app_permission|reboot_device|reseat_sim_card|reset_apn_settings|set_network_mode_preference|toggle_airplane_mode|toggle_data|toggle_roaming|toggle_wifi_calling,subset_mismatch_base_plus_linear|local_clear_failure_floor_10|local_clear_and_aux_failure_floor_12|invalid_local_transfer_floor_18,local_to_transfer,over_transfer_on_local_oracle,repair_subset,17.0,21.68463,4.61103,1.5,mostly_deep_vs_mostly_deep_required,ffddd on fdddd,ffddd,fdddd,False,False,False,True,0.01221928760627526,"{""stage1"": 0.20077988250922188, ""stage2"": 0.6145524127413324, ""stage3"": 0.7922399709582444, ""stage4"": 0.25, ""stage5"": 0.5}",general_stage1_intake > general_stage2_core > barrier_stage3_gate > general_stage4_repair > target_stage5_decision,stage1_n1__from__root__c01 > stage2_n2__from__n0001__c02 > stage3_n5__from__n0007__c04 > stage4_n2__from__n0028__c01 > stage5_n2__from__n0083__c02,stage4_n2__from__n0028__c01 > stage5_n2__from__n0083__c02,toggle_airplane_mode|reseat_sim_card|toggle_data|toggle_roaming|set_network_mode_preference|toggle_wifi_calling|reset_apn_settings|reboot_device|grant_app_permission|grant_app_permission,check_network_status|check_sim_status|check_network_mode_preference|check_apn_settings|check_wifi_calling_status|check_app_permissions|can_send_mms|check_network_status|can_send_mms|get_details_by_id|get_details_by_id,,,subset_mismatch_base_plus_linear|local_clear_failure_floor_10|local_clear_and_aux_failure_floor_12,matched_terminal_action,subset_mismatch_terminal_decision,-8.5,-7.645190000000003,True,False,fdddd on fdddd -> ffddd on fdddd
69,6,16,target_post_switch,repair_all,repair_all,repairable,[mms_issue]airplane_mode_on|bad_network_preference|bad_wifi_calling|break_apn_mms_setting|break_app_sms_permission|data_mode_off|unseat_sim_card|user_abroad_roaming_enabled_off[PERSONA:None],airplane_mode_on|unseat_sim_card|data_mode_off|user_abroad_roaming_enabled_off|bad_network_preference|bad_wifi_calling|break_apn_mms_setting|break_app_sms_permission,,toggle_airplane_mode|reseat_sim_card|toggle_data|toggle_roaming|set_network_mode_preference|toggle_wifi_calling|reset_apn_settings|reboot_device|grant_app_permission,can_send_mms_true,can_send_mms,repair_all,0.0,5.02271,4.94661,0.5,mostly_deep_vs_mostly_deep_required,ddddd on fdddd,ddddd,fdddd,True,True,True,True,0.06086522731282907,"{""stage1"": 0.2200970821983184, ""stage2"": 0.9092507506214464, ""stage3"": 0.6082768531752191, ""stage4"": 1.0, ""stage5"": 0.5}",general_stage1_verify > target_stage2_router > target_stage3_apn > target_stage4_repair > target_stage5_decision,stage1_n2__from__root__c02 > stage2_n1__from__n0002__c01 > stage3_n1__from__n0009__c01 > stage4_n1__from__n0032__c01 > stage5_n2__from__n0097__c02,stage4_n1__from__n0032__c01 > stage5_n2__from__n0097__c02,toggle_airplane_mode|reseat_sim_card|toggle_data|toggle_roaming|set_network_mode_preference|toggle_wifi_calling|reset_apn_settings|reboot_device|grant_app_permission,check_network_status|check_sim_status|check_network_mode_preference|check_apn_settings|check_wifi_calling_status|check_app_permissions|can_send_mms|get_details_by_id|get_details_by_id,,,,matched_terminal_action,no_terminal_failure_or_low_penalty,repair_subset,15.0,19.53326,4.46256,1.5,mostly_deep_vs_mostly_deep_required,ffddd on fdddd,ffddd,fdddd,False,True,False,True,0.03451320303567025,"{""stage1"": 0.31307883914772755, ""stage2"": 0.8415711913170713, ""stage3"": 0.7859446130381493, ""stage4"": 0.3333333333333333, ""stage5"": 0.5}",barrier_stage1_gate > trap_stage2_router > general_stage3_network > general_stage4_repair > target_stage5_decision,stage1_n5__from__root__c05 > stage2_n3__from__n0005__c01 > stage3_n3__from__n0020__c01 > stage4_n2__from__n0065__c01 > stage5_n2__from__n0186__c02,stage4_n2__from__n0065__c01 > stage5_n2__from__n0186__c02,toggle_wifi_calling|reset_apn_settings|reboot_device|grant_app_permission,check_apn_settings|check_wifi_calling_status|check_app_permissions|can_send_mms|check_network_status|check_sim_status,airplane_mode_on|bad_network_preference|data_mode_off|unseat_sim_card|user_abroad_roaming_enabled_off,reseat_sim_card|set_network_mode_preference|toggle_airplane_mode|toggle_data|toggle_roaming,subset_mismatch_base_plus_linear|local_clear_failure_floor_10,repair_all_to_repair_subset,subset_mismatch_with_missing_oracle_repair_tools,15.0,14.510549999999999,False,True,ddddd on fdddd -> ffddd on fdddd
75,7,2,target_post_switch,repair_all,repair_all,repairable,[mms_issue]airplane_mode_on|bad_network_preference|bad_wifi_calling|break_apn_mms_setting|break_app_storage_permission|unseat_sim_card[PERSONA:Easy],airplane_mode_on|unseat_sim_card|bad_network_preference|bad_wifi_calling|break_apn_mms_setting|break_app_storage_permission,,toggle_airplane_mode|reseat_sim_card|set_network_mode_preference|toggle_wifi_calling|reset_apn_settings|reboot_device|grant_app_permission,can_send_mms_true,can_send_mms,repair_subset,10.0,14.707550000000001,4.63905,1.5,mostly_deep_vs_mostly_deep_required,fdfdd on fdddd,fdfdd,fdddd,False,True,False,True,0.0016957613181204341,"{""stage1"": 0.12986940890007104, ""stage2"": 0.11844780610769982, ""stage3"": 0.6616321196045544, ""stage4"": 0.333230124020115, ""stage5"": 0.5}",trap_stage1_intake > barrier_stage2_gate > trap_stage3_network > general_stage4_repair > target_stage5_decision,stage1_n4__from__root__c04 > stage2_n5__from__n0004__c05 > stage3_n4__from__n0019__c02 > stage4_n2__from__n0063__c01 > stage5_n2__from__n0178__c02,stage4_n2__from__n0063__c01 > stage5_n2__from__n0178__c02,set_network_mode_preference|toggle_wifi_calling|reset_apn_settings|reboot_device|grant_app_permission,check_network_mode_preference|check_apn_settings|check_wifi_calling_status|check_app_permissions|can_send_mms|check_network_status|check_sim_status,airplane_mode_on|unseat_sim_card,reseat_sim_card|toggle_airplane_mode,subset_mismatch_base_plus_linear|local_clear_failure_floor_10,repair_all_to_repair_subset,subset_mismatch_with_missing_oracle_repair_tools,repair_subset,10.0,14.614540000000002,4.54074,0.5,mostly_deep_vs_mostly_deep_required,ddddd on fdddd,ddddd,fdddd,False,True,False,True,0.044634960948728104,"{""stage1"": 0.3853625098623971, ""stage2"": 0.5792720177916083, ""stage3"": 0.41524485947828166, ""stage4"": 1.0, ""stage5"": 0.4815250471144346}",target_stage1_handoff > target_stage2_router > target_stage3_roaming > target_stage4_repair > target_stage5_verify,stage1_n3__from__root__c03 > stage2_n1__from__n0003__c01 > stage3_n2__from__n0012__c02 > stage4_n1__from__n0042__c01 > stage5_n1__from__n0121__c01,stage4_n1__from__n0042__c01 > stage5_n1__from__n0121__c01,set_network_mode_preference|toggle_wifi_calling|reset_apn_settings|reboot_device|grant_app_permission,check_network_mode_preference|check_apn_settings|check_wifi_calling_status|check_app_permissions|can_send_mms,airplane_mode_on|unseat_sim_card,reseat_sim_card|toggle_airplane_mode,subset_mismatch_base_plus_linear|local_clear_failure_floor_10,repair_all_to_repair_subset,subset_mismatch_with_missing_oracle_repair_tools,0.0,-0.09300999999999959,False,False,fdfdd on fdddd -> ddddd on fdddd
77,7,10,target_post_switch,repair_subset,repair_subset,partially_repairable,[mms_issue]airplane_mode_on|bad_network_preference|bad_wifi_calling|break_apn_mms_setting|break_app_sms_permission|data_mode_off|data_usage_exceeded|unseat_sim_card|user_abroad_roaming_disabled_on[PERSONA:None],airplane_mode_on|unseat_sim_card|data_mode_off|bad_network_preference|bad_wifi_calling|break_apn_mms_setting|break_app_sms_permission,user_abroad_roaming_disabled_on|data_usage_exceeded,toggle_airplane_mode|reseat_sim_card|toggle_data|set_network_mode_preference|toggle_wifi_calling|reset_apn_settings|reboot_device|grant_app_permission,partial_resolution_only,,transfer,23.5,28.23486,4.65896,2.0,mostly_deep_vs_mostly_deep_required,dfddd on fdddd,dfddd,fdddd,False,False,False,False,0.013483354298071537,"{""stage1"": 0.2873929807406223, ""stage2"": 0.8581760293180026, ""stage3"": 0.49467579632694664, ""stage4"": 0.33154768763440956, ""stage5"": 0.3333333333333333}",target_stage1_handoff > trap_stage2_router > barrier_stage3_gate > barrier_stage4_gate > barrier_stage5_transfer,stage1_n3__from__root__c03 > stage2_n3__from__n0003__c03 > stage3_n5__from__n0014__c03 > stage4_n5__from__n0049__c04 > stage5_n5__from__n0142__c03,stage4_n5__from__n0049__c04 > stage5_n5__from__n0142__c03,,can_send_mms|check_network_status|check_apn_settings|check_sim_status|check_app_permissions|check_network_mode_preference|check_wifi_calling_status|run_speed_test,airplane_mode_on|bad_network_preference|bad_wifi_calling|break_apn_mms_setting|break_app_sms_permission|data_mode_off|unseat_sim_card,grant_app_permission|reboot_device|reseat_sim_card|reset_apn_settings|set_network_mode_preference|toggle_airplane_mode|toggle_data|toggle_wifi_calling,subset_mismatch_base_plus_linear|local_clear_failure_floor_10|local_clear_and_aux_failure_floor_12|invalid_local_transfer_floor_18,local_to_transfer,over_transfer_on_local_oracle,transfer,23.5,27.49108,3.91188,1.5,mostly_deep_vs_mostly_deep_required,ffddd on fdddd,ffddd,fdddd,False,False,False,True,0.0008117950324395023,"{""stage1"": 0.31922644345606466, ""stage2"": 0.744811191313658, ""stage3"": 0.030728678553381628, ""stage4"": 0.3333333037678059, ""stage5"": 0.3333333333333333}",barrier_stage1_gate > trap_stage2_router > barrier_stage3_gate > barrier_stage4_gate > target_stage5_decision,stage1_n5__from__root__c05 > stage2_n3__from__n0005__c01 > stage3_n5__from__n0020__c03 > stage4_n5__from__n0067__c04 > stage5_n2__from__n0195__c01,stage4_n5__from__n0067__c04 > stage5_n2__from__n0195__c01,,can_send_mms|check_network_status|check_apn_settings|check_sim_status|check_app_permissions|check_network_mode_preference|check_wifi_calling_status|run_speed_test,airplane_mode_on|bad_network_preference|bad_wifi_calling|break_apn_mms_setting|break_app_sms_permission|data_mode_off|unseat_sim_card,grant_app_permission|reboot_device|reseat_sim_card|reset_apn_settings|set_network_mode_preference|toggle_airplane_mode|toggle_data|toggle_wifi_calling,subset_mismatch_base_plus_linear|local_clear_failure_floor_10|local_clear_and_aux_failure_floor_12|invalid_local_transfer_floor_18,local_to_transfer,over_transfer_on_local_oracle,0.0,-0.743780000000001,False,False,dfddd on fdddd -> ffddd on fdddd
78,7,13,target_post_switch,repair_subset,repair_subset,partially_repairable,[mms_issue]airplane_mode_on|bad_network_preference|bad_wifi_calling|break_apn_mms_setting|break_app_both_permissions|data_mode_off|data_usage_exceeded|unseat_sim_card|user_abroad_roaming_enabled_off[PERSONA:Hard],airplane_mode_on|unseat_sim_card|data_mode_off|user_abroad_roaming_enabled_off|bad_network_preference|bad_wifi_calling|break_apn_mms_setting|break_app_both_permissions,data_usage_exceeded,toggle_airplane_mode|reseat_sim_card|toggle_data|toggle_roaming|set_network_mode_preference|toggle_wifi_calling|reset_apn_settings|reboot_device|grant_app_permission|grant_app_permission,partial_resolution_only,,repair_subset,18.0,21.8277,3.7527,0.0,mostly_deep_vs_mostly_deep_required,fdddd on fdddd,fdddd,fdddd,False,False,False,True,0.052000045551660566,"{""stage1"": 0.40784289003287344, ""stage2"": 0.6996407045024912, ""stage3"": 0.5144937575582722, ""stage4"": 1.0, ""stage5"": 0.3542057852714877}",general_stage1_intake > target_stage2_router > target_stage3_roaming > target_stage4_repair > target_stage5_decision,stage1_n1__from__root__c01 > stage2_n1__from__n0001__c01 > stage3_n2__from__n0006__c02 > stage4_n1__from__n0024__c01 > stage5_n2__from__n0075__c02,stage4_n1__from__n0024__c01 > stage5_n2__from__n0075__c02,toggle_airplane_mode|reseat_sim_card|toggle_data|toggle_roaming|set_network_mode_preference|toggle_wifi_calling|reset_apn_settings|reboot_device|grant_app_permission|grant_app_permission,check_network_status|check_sim_status|check_network_mode_preference|check_apn_settings|check_wifi_calling_status|check_app_permissions|can_send_mms|get_details_by_id|get_details_by_id,,,subset_mismatch_base_plus_linear|local_clear_failure_floor_10|local_clear_and_aux_failure_floor_12,matched_terminal_action,subset_mismatch_terminal_decision,repair_subset,17.0,21.6529,4.5782,1.5,mostly_deep_vs_mostly_deep_required,ffddd on fdddd,ffddd,fdddd,False,False,False,True,0.010961321641099992,"{""stage1"": 0.278249568455341, ""stage2"": 0.6108968189067547, ""stage3"": 0.6315100602687425, ""stage4"": 0.30633847052704805, ""stage5"": 0.3333333333333333}",trap_stage1_intake > general_stage2_core > barrier_stage3_gate > barrier_stage4_gate > target_stage5_decision,stage1_n4__from__root__c04 > stage2_n2__from__n0004__c02 > stage3_n5__from__n0016__c04 > stage4_n5__from__n0055__c04 > stage5_n2__from__n0155__c01,stage4_n5__from__n0055__c04 > stage5_n2__from__n0155__c01,toggle_airplane_mode|reseat_sim_card|toggle_data|toggle_roaming|set_network_mode_preference|toggle_wifi_calling|reset_apn_settings|reboot_device|grant_app_permission|grant_app_permission,check_network_status|check_sim_status|check_network_mode_preference|check_apn_settings|check_wifi_calling_status|check_app_permissions|can_send_mms|can_send_mms|check_network_status|get_details_by_id|get_details_by_id,,,subset_mismatch_base_plus_linear|local_clear_failure_floor_10|local_clear_and_aux_failure_floor_12,matched_terminal_action,subset_mismatch_terminal_decision,-1.0,-0.17480000000000118,True,False,fdddd on fdddd -> ffddd on fdddd
79,7,16,target_post_switch,repair_all,repair_all,repairable,[mms_issue]airplane_mode_on|bad_network_preference|bad_wifi_calling|break_apn_mms_setting|break_app_sms_permission|data_mode_off|unseat_sim_card|user_abroad_roaming_enabled_off[PERSONA:None],airplane_mode_on|unseat_sim_card|data_mode_off|user_abroad_roaming_enabled_off|bad_network_preference|bad_wifi_calling|break_apn_mms_setting|break_app_sms_permission,,toggle_airplane_mode|reseat_sim_card|toggle_data|toggle_roaming|set_network_mode_preference|toggle_wifi_calling|reset_apn_settings|reboot_device|grant_app_permission,can_send_mms_true,can_send_mms,transfer,22.5,26.530009999999997,3.95171,0.0,mostly_deep_vs_mostly_deep_required,fdddd on fdddd,fdddd,fdddd,False,True,False,True,0.05873088996679555,"{""stage1"": 0.3089144766637849, ""stage2"": 0.5566768250207162, ""stage3"": 0.5269634673551592, ""stage4"": 1.0, ""stage5"": 0.6481039541194714}",general_stage1_intake > target_stage2_router > target_stage3_apn > target_stage4_repair > target_stage5_verify,stage1_n1__from__root__c01 > stage2_n1__from__n0001__c01 > stage3_n1__from__n0006__c01 > stage4_n1__from__n0023__c01 > stage5_n1__from__n0074__c01,stage4_n1__from__n0023__c01 > stage5_n1__from__n0074__c01,,can_send_mms|check_network_status|check_apn_settings|check_sim_status|check_wifi_calling_status|check_app_permissions|check_network_mode_preference|run_speed_test,airplane_mode_on|bad_network_preference|bad_wifi_calling|break_apn_mms_setting|break_app_sms_permission|data_mode_off|unseat_sim_card|user_abroad_roaming_enabled_off,grant_app_permission|reboot_device|reseat_sim_card|reset_apn_settings|set_network_mode_preference|toggle_airplane_mode|toggle_data|toggle_roaming|toggle_wifi_calling,subset_mismatch_base_plus_linear|local_clear_failure_floor_10|invalid_local_transfer_floor_18,local_to_transfer,over_transfer_on_local_oracle,transfer,22.5,25.940179999999998,3.36518,0.0,mostly_deep_vs_mostly_deep_required,fdddd on fdddd,fdddd,fdddd,False,True,False,True,0.017202482837849375,"{""stage1"": 0.2194120689720352, ""stage2"": 0.3802458105728228, ""stage3"": 0.5954709435300677, ""stage4"": 1.0, ""stage5"": 0.34626261787235996}",general_stage1_intake > target_stage2_router > target_stage3_roaming > target_stage4_repair > target_stage5_decision,stage1_n1__from__root__c01 > stage2_n1__from__n0001__c01 > stage3_n2__from__n0006__c02 > stage4_n1__from__n0024__c01 > stage5_n2__from__n0075__c02,stage4_n1__from__n0024__c01 > stage5_n2__from__n0075__c02,,can_send_mms|check_network_status|check_apn_settings|check_sim_status|check_wifi_calling_status|check_app_permissions,airplane_mode_on|bad_network_preference|bad_wifi_calling|break_apn_mms_setting|break_app_sms_permission|data_mode_off|unseat_sim_card|user_abroad_roaming_enabled_off,grant_app_permission|reboot_device|reseat_sim_card|reset_apn_settings|set_network_mode_preference|toggle_airplane_mode|toggle_data|toggle_roaming|toggle_wifi_calling,subset_mismatch_base_plus_linear|local_clear_failure_floor_10|invalid_local_transfer_floor_18,local_to_transfer,over_transfer_on_local_oracle,0.0,-0.5898299999999992,False,False,fdddd on fdddd -> fdddd on fdddd
85,8,2,target_post_switch,repair_all,repair_all,repairable,[mms_issue]airplane_mode_on|bad_network_preference|bad_wifi_calling|break_apn_mms_setting|break_app_storage_permission|unseat_sim_card[PERSONA:Easy],airplane_mode_on|unseat_sim_card|bad_network_preference|bad_wifi_calling|break_apn_mms_setting|break_app_storage_permission,,toggle_airplane_mode|reseat_sim_card|set_network_mode_preference|toggle_wifi_calling|reset_apn_settings|reboot_device|grant_app_permission,can_send_mms_true,can_send_mms,repair_subset,12.0,16.686565,4.609765,1.5,mostly_deep_vs_mostly_deep_required,fddfd on fdddd,fddfd,fdddd,False,False,False,True,0.0022584976822676356,"{""stage1"": 0.3675081477478527, ""stage2"": 0.21316492733737857, ""stage3"": 0.3460082028879296, ""stage4"": 0.33328097514787425, ""stage5"": 0.25}",barrier_stage1_gate > barrier_stage2_gate > barrier_stage3_gate > trap_stage4_execute > target_stage5_verify,stage1_n5__from__root__c05 > stage2_n5__from__n0005__c03 > stage3_n5__from__n0022__c03 > stage4_n4__from__n0073__c03 > stage5_n1__from__n0214__c01,stage4_n4__from__n0073__c03 > stage5_n1__from__n0214__c01,toggle_airplane_mode|reseat_sim_card|set_network_mode_preference|toggle_wifi_calling|reset_apn_settings|grant_app_permission,check_network_status|check_sim_status|check_network_mode_preference|check_wifi_calling_status|check_app_permissions|can_send_mms|check_apn_settings|can_send_mms,break_apn_mms_setting,reboot_device,subset_mismatch_base_plus_linear|local_clear_failure_floor_10|local_clear_and_aux_failure_floor_12,repair_all_to_repair_subset,subset_mismatch_with_missing_oracle_repair_tools,repair_subset,10.0,14.57016,4.50206,2.0,mostly_deep_vs_mostly_deep_required,dfddd on fdddd,dfddd,fdddd,False,True,False,True,0.005315598306892043,"{""stage1"": 0.3584326860830626, ""stage2"": 0.24770311513979176, ""stage3"": 0.2726365444156307, ""stage4"": 0.43919663732760633, ""stage5"": 0.5}",target_stage1_handoff > trap_stage2_router > general_stage3_network > general_stage4_repair > target_stage5_decision,stage1_n3__from__root__c03 > stage2_n3__from__n0003__c03 > stage3_n3__from__n0014__c01 > stage4_n2__from__n0047__c01 > stage5_n2__from__n0133__c02,stage4_n2__from__n0047__c01 > stage5_n2__from__n0133__c02,set_network_mode_preference|toggle_wifi_calling|reset_apn_settings|reboot_device|grant_app_permission,check_network_mode_preference|check_apn_settings|check_wifi_calling_status|check_app_permissions|can_send_mms,airplane_mode_on|unseat_sim_card,reseat_sim_card|toggle_airplane_mode,subset_mismatch_base_plus_linear|local_clear_failure_floor_10,repair_all_to_repair_subset,subset_mismatch_with_missing_oracle_repair_tools,-2.0,-2.116405000000002,True,False,fddfd on fdddd -> dfddd on fdddd
87,8,10,target_post_switch,repair_subset,repair_subset,partially_repairable,[mms_issue]airplane_mode_on|bad_network_preference|bad_wifi_calling|break_apn_mms_setting|break_app_sms_permission|data_mode_off|data_usage_exceeded|unseat_sim_card|user_abroad_roaming_disabled_on[PERSONA:None],airplane_mode_on|unseat_sim_card|data_mode_off|bad_network_preference|bad_wifi_calling|break_apn_mms_setting|break_app_sms_permission,user_abroad_roaming_disabled_on|data_usage_exceeded,toggle_airplane_mode|reseat_sim_card|toggle_data|set_network_mode_preference|toggle_wifi_calling|reset_apn_settings|reboot_device|grant_app_permission,partial_resolution_only,,transfer,23.5,27.92928,4.36178,3.0,mostly_fast_vs_mostly_deep_required,fffdd on fdddd,fffdd,fdddd,False,False,False,True,0.01024190875363822,"{""stage1"": 0.32302022334618774, ""stage2"": 0.9535318430763838, ""stage3"": 0.19976947690928837, ""stage4"": 0.33290234290911663, ""stage5"": 0.5}",barrier_stage1_gate > trap_stage2_router > trap_stage3_network > general_stage4_repair > target_stage5_verify,stage1_n5__from__root__c05 > stage2_n3__from__n0005__c01 > stage3_n4__from__n0020__c02 > stage4_n2__from__n0066__c01 > stage5_n1__from__n0188__c01,stage4_n2__from__n0066__c01 > stage5_n1__from__n0188__c01,,can_send_mms|check_network_status|check_apn_settings|check_sim_status|check_app_permissions|check_network_mode_preference|check_wifi_calling_status|run_speed_test,airplane_mode_on|bad_network_preference|bad_wifi_calling|break_apn_mms_setting|break_app_sms_permission|data_mode_off|unseat_sim_card,grant_app_permission|reboot_device|reseat_sim_card|reset_apn_settings|set_network_mode_preference|toggle_airplane_mode|toggle_data|toggle_wifi_calling,subset_mismatch_base_plus_linear|local_clear_failure_floor_10|local_clear_and_aux_failure_floor_12|fast_path_on_deep_required_clear_failure_floor_14|invalid_local_transfer_floor_18,local_to_transfer,over_transfer_on_local_oracle,transfer,23.5,27.47424,3.90404,1.5,mostly_deep_vs_mostly_deep_required,ffddd on fdddd,ffddd,fdddd,False,False,False,True,0.023975648038159592,"{""stage1"": 0.3765539368226152, ""stage2"": 0.5342392610531695, ""stage3"": 0.651534744354455, ""stage4"": 0.7316944690321102, ""stage5"": 0.25}",barrier_stage1_gate > trap_stage2_router > general_stage3_network > general_stage4_verify > target_stage5_verify,stage1_n5__from__root__c05 > stage2_n3__from__n0005__c01 > stage3_n3__from__n0020__c01 > stage4_n3__from__n0065__c02 > stage5_n1__from__n0187__c01,stage4_n3__from__n0065__c02 > stage5_n1__from__n0187__c01,,can_send_mms|check_network_status|check_apn_settings|check_sim_status|check_app_permissions|check_network_mode_preference|check_wifi_calling_status|run_speed_test,airplane_mode_on|bad_network_preference|bad_wifi_calling|break_apn_mms_setting|break_app_sms_permission|data_mode_off|unseat_sim_card,grant_app_permission|reboot_device|reseat_sim_card|reset_apn_settings|set_network_mode_preference|toggle_airplane_mode|toggle_data|toggle_wifi_calling,subset_mismatch_base_plus_linear|local_clear_failure_floor_10|local_clear_and_aux_failure_floor_12|invalid_local_transfer_floor_18,local_to_transfer,over_transfer_on_local_oracle,0.0,-0.4550399999999968,False,False,fffdd on fdddd -> ffddd on fdddd
88,8,13,target_post_switch,repair_subset,repair_subset,partially_repairable,[mms_issue]airplane_mode_on|bad_network_preference|bad_wifi_calling|break_apn_mms_setting|break_app_both_permissions|data_mode_off|data_usage_exceeded|unseat_sim_card|user_abroad_roaming_enabled_off[PERSONA:Hard],airplane_mode_on|unseat_sim_card|data_mode_off|user_abroad_roaming_enabled_off|bad_network_preference|bad_wifi_calling|break_apn_mms_setting|break_app_both_permissions,data_usage_exceeded,toggle_airplane_mode|reseat_sim_card|toggle_data|toggle_roaming|set_network_mode_preference|toggle_wifi_calling|reset_apn_settings|reboot_device|grant_app_permission|grant_app_permission,partial_resolution_only,,transfer,24.5,29.455489999999998,4.88179,0.5,mostly_deep_vs_mostly_deep_required,ddddd on fdddd,ddddd,fdddd,False,False,False,True,0.03369155669079692,"{""stage1"": 0.125541804687963, ""stage2"": 0.8318091130768186, ""stage3"": 0.46117118483180275, ""stage4"": 1.0, ""stage5"": 0.6995952829073507}",general_stage1_verify > target_stage2_router > target_stage3_roaming > target_stage4_repair > target_stage5_verify,stage1_n2__from__root__c02 > stage2_n1__from__n0002__c01 > stage3_n2__from__n0009__c02 > stage4_n1__from__n0033__c01 > stage5_n1__from__n0098__c01,stage4_n1__from__n0033__c01 > stage5_n1__from__n0098__c01,,can_send_mms|check_network_status|check_apn_settings|check_sim_status|check_wifi_calling_status|check_app_permissions|check_network_mode_preference|run_speed_test,airplane_mode_on|bad_network_preference|bad_wifi_calling|break_apn_mms_setting|break_app_both_permissions|data_mode_off|unseat_sim_card|user_abroad_roaming_enabled_off,grant_app_permission|reboot_device|reseat_sim_card|reset_apn_settings|set_network_mode_preference|toggle_airplane_mode|toggle_data|toggle_roaming|toggle_wifi_calling,subset_mismatch_base_plus_linear|local_clear_failure_floor_10|local_clear_and_aux_failure_floor_12|invalid_local_transfer_floor_18,local_to_transfer,over_transfer_on_local_oracle,repair_subset,17.0,22.91735,5.85195,3.5,mostly_deep_vs_mostly_deep_required,dfddf on fdddd,dfddf,fdddd,False,False,False,True,0.03449315213116794,"{""stage1"": 0.2742070417121343, ""stage2"": 0.8493643395510666, ""stage3"": 0.8671748367484201, ""stage4"": 0.6584269594597896, ""stage5"": 0.2593856734089809}",target_stage1_handoff > general_stage2_core > general_stage3_network > general_stage4_verify > trap_stage5_terminal,stage1_n3__from__root__c03 > stage2_n2__from__n0003__c02 > stage3_n3__from__n0013__c02 > stage4_n3__from__n0044__c02 > stage5_n4__from__n0124__c04,stage4_n3__from__n0044__c02 > stage5_n4__from__n0124__c04,toggle_wifi_calling|reset_apn_settings|reboot_device|grant_app_permission|grant_app_permission,check_apn_settings|check_wifi_calling_status|check_app_permissions|can_send_mms,airplane_mode_on|bad_network_preference|data_mode_off|unseat_sim_card|user_abroad_roaming_enabled_off,reseat_sim_card|set_network_mode_preference|toggle_airplane_mode|toggle_data|toggle_roaming,subset_mismatch_base_plus_linear|local_clear_failure_floor_10|local_clear_and_aux_failure_floor_12,matched_terminal_action,subset_mismatch_with_missing_oracle_repair_tools,-7.5,-6.5381399999999985,True,False,ddddd on fdddd -> dfddf on fdddd
89,8,16,target_post_switch,repair_all,repair_all,repairable,[mms_issue]airplane_mode_on|bad_network_preference|bad_wifi_calling|break_apn_mms_setting|break_app_sms_permission|data_mode_off|unseat_sim_card|user_abroad_roaming_enabled_off[PERSONA:None],airplane_mode_on|unseat_sim_card|data_mode_off|user_abroad_roaming_enabled_off|bad_network_preference|bad_wifi_calling|break_apn_mms_setting|break_app_sms_permission,,toggle_airplane_mode|reseat_sim_card|toggle_data|toggle_roaming|set_network_mode_preference|toggle_wifi_calling|reset_apn_settings|reboot_device|grant_app_permission,can_send_mms_true,can_send_mms,repair_subset,15.0,21.24413,6.18543,6.0,mostly_fast_vs_mostly_deep_required,fffff on fdddd,fffff,fdddd,False,False,False,True,0.00022812668422328346,"{""stage1"": 0.3207273822404547, ""stage2"": 0.03482019670190416, ""stage3"": 0.24513431954974374, ""stage4"": 0.333322554637501, ""stage5"": 0.25}",general_stage1_intake > general_stage2_core > trap_stage3_network > trap_stage4_execute > trap_stage5_terminal,stage1_n1__from__root__c01 > stage2_n2__from__n0001__c02 > stage3_n4__from__n0007__c03 > stage4_n4__from__n0027__c03 > stage5_n4__from__n0081__c03,stage4_n4__from__n0027__c03 > stage5_n4__from__n0081__c03,toggle_airplane_mode|reseat_sim_card|toggle_data|toggle_roaming,check_network_status|check_sim_status|can_send_mms|get_details_by_id|get_details_by_id,bad_network_preference|bad_wifi_calling|break_apn_mms_setting|break_app_sms_permission,grant_app_permission|reboot_device|reset_apn_settings|set_network_mode_preference|toggle_wifi_calling,subset_mismatch_base_plus_linear|local_clear_failure_floor_10|local_clear_and_aux_failure_floor_12|fast_path_on_deep_required_clear_failure_floor_14,repair_all_to_repair_subset,subset_mismatch_with_missing_oracle_repair_tools,repair_subset,15.0,20.17665,5.11565,3.0,mostly_fast_vs_mostly_deep_required,ffddf on fdddd,ffddf,fdddd,False,True,False,True,0.00850283422668268,"{""stage1"": 0.3042937687994733, ""stage2"": 0.4559796045150155, ""stage3"": 0.29958031800444684, ""stage4"": 0.6799058578638825, ""stage5"": 0.3008591158932009}",trap_stage1_intake > general_stage2_core > general_stage3_network > general_stage4_verify > trap_stage5_terminal,stage1_n4__from__root__c04 > stage2_n2__from__n0004__c02 > stage3_n3__from__n0016__c02 > stage4_n3__from__n0053__c02 > stage5_n4__from__n0147__c04,stage4_n3__from__n0053__c02 > stage5_n4__from__n0147__c04,toggle_wifi_calling|reset_apn_settings|reboot_device|grant_app_permission,check_apn_settings|check_wifi_calling_status|check_app_permissions|can_send_mms,airplane_mode_on|bad_network_preference|data_mode_off|unseat_sim_card|user_abroad_roaming_enabled_off,reseat_sim_card|set_network_mode_preference|toggle_airplane_mode|toggle_data|toggle_roaming,subset_mismatch_base_plus_linear|local_clear_failure_floor_10|fast_path_on_deep_required_clear_failure_floor_14,repair_all_to_repair_subset,subset_mismatch_with_missing_oracle_repair_tools,0.0,-1.0674799999999998,False,False,fffff on fdddd -> ffddf on fdddd
95,9,2,target_post_switch,repair_all,repair_all,repairable,[mms_issue]airplane_mode_on|bad_network_preference|bad_wifi_calling|break_apn_mms_setting|break_app_storage_permission|unseat_sim_card[PERSONA:Easy],airplane_mode_on|unseat_sim_card|bad_network_preference|bad_wifi_calling|break_apn_mms_setting|break_app_storage_permission,,toggle_airplane_mode|reseat_sim_card|set_network_mode_preference|toggle_wifi_calling|reset_apn_settings|reboot_device|grant_app_permission,can_send_mms_true,can_send_mms,repair_subset,10.0,13.83024,3.76134,1.5,mostly_deep_vs_mostly_deep_required,ffddd on fdddd,ffddd,fdddd,False,True,False,True,0.03011446419629621,"{""stage1"": 0.18025574711333556, ""stage2"": 0.9582437197914285, ""stage3"": 0.9909935697554828, ""stage4"": 0.6481405676002945, ""stage5"": 0.27143759393309247}",barrier_stage1_gate > trap_stage2_router > general_stage3_network > general_stage4_verify > general_stage5_verify,stage1_n5__from__root__c05 > stage2_n3__from__n0005__c01 > stage3_n3__from__n0020__c01 > stage4_n3__from__n0065__c02 > stage5_n3__from__n0187__c03,stage4_n3__from__n0065__c02 > stage5_n3__from__n0187__c03,set_network_mode_preference|toggle_wifi_calling|reset_apn_settings|reboot_device|grant_app_permission,check_network_mode_preference|check_apn_settings|check_wifi_calling_status|check_app_permissions|can_send_mms,airplane_mode_on|unseat_sim_card,reseat_sim_card|toggle_airplane_mode,subset_mismatch_base_plus_linear|local_clear_failure_floor_10,repair_all_to_repair_subset,subset_mismatch_with_missing_oracle_repair_tools,repair_all,0.0,4.60583,4.53503,2.0,mostly_deep_vs_mostly_deep_required,dfddd on fdddd,dfddd,fdddd,True,True,True,True,0.013140998356139409,"{""stage1"": 0.17879809271863942, ""stage2"": 0.6636305448029746, ""stage3"": 0.6471586948304218, ""stage4"": 0.6531171189406798, ""stage5"": 0.262021696652657}",target_stage1_handoff > general_stage2_core > general_stage3_network > general_stage4_verify > target_stage5_decision,stage1_n3__from__root__c03 > stage2_n2__from__n0003__c02 > stage3_n3__from__n0013__c02 > stage4_n3__from__n0044__c02 > stage5_n2__from__n0124__c02,stage4_n3__from__n0044__c02 > stage5_n2__from__n0124__c02,toggle_airplane_mode|reseat_sim_card|set_network_mode_preference|toggle_wifi_calling|reset_apn_settings|reboot_device|grant_app_permission,check_network_status|check_sim_status|check_network_mode_preference|check_apn_settings|check_wifi_calling_status|check_app_permissions|can_send_mms,,,,matched_terminal_action,no_terminal_failure_or_low_penalty,-10.0,-9.224409999999999,True,False,ffddd on fdddd -> dfddd on fdddd
97,9,10,target_post_switch,repair_subset,repair_subset,partially_repairable,[mms_issue]airplane_mode_on|bad_network_preference|bad_wifi_calling|break_apn_mms_setting|break_app_sms_permission|data_mode_off|data_usage_exceeded|unseat_sim_card|user_abroad_roaming_disabled_on[PERSONA:None],airplane_mode_on|unseat_sim_card|data_mode_off|bad_network_preference|bad_wifi_calling|break_apn_mms_setting|break_app_sms_permission,user_abroad_roaming_disabled_on|data_usage_exceeded,toggle_airplane_mode|reseat_sim_card|toggle_data|set_network_mode_preference|toggle_wifi_calling|reset_apn_settings|reboot_device|grant_app_permission,partial_resolution_only,,repair_subset,12.0,16.02563,3.95983,1.5,mostly_deep_vs_mostly_deep_required,ffddd on fdddd,ffddd,fdddd,False,False,False,True,0.029543454796956508,"{""stage1"": 0.2767965028133199, ""stage2"": 0.6433895585179079, ""stage3"": 0.8441351472517398, ""stage4"": 0.6466569971639953, ""stage5"": 0.30390700338621657}",general_stage1_intake > trap_stage2_router > general_stage3_network > general_stage4_verify > target_stage5_decision,stage1_n1__from__root__c01 > stage2_n3__from__n0001__c03 > stage3_n3__from__n0008__c01 > stage4_n3__from__n0029__c02 > stage5_n2__from__n0088__c02,stage4_n3__from__n0029__c02 > stage5_n2__from__n0088__c02,toggle_airplane_mode|reseat_sim_card|toggle_data|set_network_mode_preference|toggle_wifi_calling|reset_apn_settings|reboot_device|grant_app_permission,check_network_status|check_sim_status|check_network_mode_preference|check_apn_settings|check_wifi_calling_status|check_app_permissions|can_send_mms|can_send_mms|check_network_status,,,subset_mismatch_base_plus_linear|local_clear_failure_floor_10|local_clear_and_aux_failure_floor_12,matched_terminal_action,subset_mismatch_terminal_decision,transfer,23.5,27.48208,3.91188,1.5,mostly_deep_vs_mostly_deep_required,ffddd on fdddd,ffddd,fdddd,False,False,False,True,0.006255163795174364,"{""stage1"": 0.105922442929947, ""stage2"": 0.6407240000866907, ""stage3"": 0.4756473220963485, ""stage4"": 0.6124527624316214, ""stage5"": 0.3163894926603807}",general_stage1_intake > general_stage2_core > general_stage3_network > general_stage4_verify > target_stage5_decision,stage1_n1__from__root__c01 > stage2_n2__from__n0001__c02 > stage3_n3__from__n0007__c02 > stage4_n3__from__n0026__c02 > stage5_n2__from__n0078__c02,stage4_n3__from__n0026__c02 > stage5_n2__from__n0078__c02,,can_send_mms|check_network_status|check_apn_settings|check_sim_status|check_app_permissions|check_network_mode_preference|check_wifi_calling_status|run_speed_test,airplane_mode_on|bad_network_preference|bad_wifi_calling|break_apn_mms_setting|break_app_sms_permission|data_mode_off|unseat_sim_card,grant_app_permission|reboot_device|reseat_sim_card|reset_apn_settings|set_network_mode_preference|toggle_airplane_mode|toggle_data|toggle_wifi_calling,subset_mismatch_base_plus_linear|local_clear_failure_floor_10|local_clear_and_aux_failure_floor_12|invalid_local_transfer_floor_18,local_to_transfer,over_transfer_on_local_oracle,11.5,11.45645,False,True,ffddd on fdddd -> ffddd on fdddd
98,9,13,target_post_switch,repair_subset,repair_subset,partially_repairable,[mms_issue]airplane_mode_on|bad_network_preference|bad_wifi_calling|break_apn_mms_setting|break_app_both_permissions|data_mode_off|data_usage_exceeded|unseat_sim_card|user_abroad_roaming_enabled_off[PERSONA:Hard],airplane_mode_on|unseat_sim_card|data_mode_off|user_abroad_roaming_enabled_off|bad_network_preference|bad_wifi_calling|break_apn_mms_setting|break_app_both_permissions,data_usage_exceeded,toggle_airplane_mode|reseat_sim_card|toggle_data|toggle_roaming|set_network_mode_preference|toggle_wifi_calling|reset_apn_settings|reboot_device|grant_app_permission|grant_app_permission,partial_resolution_only,,repair_subset,17.0,22.32658,5.25488,2.0,mostly_deep_vs_mostly_deep_required,dfddd on fdddd,dfddd,fdddd,False,False,False,True,0.018859821103329073,"{""stage1"": 0.3514993280940214, ""stage2"": 0.6050306016981533, ""stage3"": 0.12227449304259415, ""stage4"": 1.0, ""stage5"": 0.7252702401555762}",target_stage1_handoff > general_stage2_core > target_stage3_roaming > target_stage4_repair > target_stage5_verify,stage1_n3__from__root__c03 > stage2_n2__from__n0003__c02 > stage3_n2__from__n0013__c01 > stage4_n1__from__n0043__c01 > stage5_n1__from__n0122__c01,stage4_n1__from__n0043__c01 > stage5_n1__from__n0122__c01,toggle_wifi_calling|reset_apn_settings|reboot_device|grant_app_permission|grant_app_permission,check_apn_settings|check_wifi_calling_status|check_app_permissions|can_send_mms|check_network_status|check_sim_status,airplane_mode_on|bad_network_preference|data_mode_off|unseat_sim_card|user_abroad_roaming_enabled_off,reseat_sim_card|set_network_mode_preference|toggle_airplane_mode|toggle_data|toggle_roaming,subset_mismatch_base_plus_linear|local_clear_failure_floor_10|local_clear_and_aux_failure_floor_12,matched_terminal_action,subset_mismatch_with_missing_oracle_repair_tools,repair_subset,17.0,22.916909999999998,5.85071,3.5,mostly_deep_vs_mostly_deep_required,dfddf on fdddd,dfddf,fdddd,False,False,False,True,0.008267003492478674,"{""stage1"": 0.14435309251736314, ""stage2"": 0.9712108200824414, ""stage3"": 0.7077527312737971, ""stage4"": 0.3332628883103823, ""stage5"": 0.25}",general_stage1_verify > trap_stage2_router > barrier_stage3_gate > general_stage4_verify > trap_stage5_terminal,stage1_n2__from__root__c02 > stage2_n3__from__n0002__c03 > stage3_n5__from__n0011__c03 > stage4_n3__from__n0040__c02 > stage5_n4__from__n0117__c04,stage4_n3__from__n0040__c02 > stage5_n4__from__n0117__c04,toggle_wifi_calling|reset_apn_settings|reboot_device|grant_app_permission|grant_app_permission,check_apn_settings|check_wifi_calling_status|check_app_permissions|can_send_mms,airplane_mode_on|bad_network_preference|data_mode_off|unseat_sim_card|user_abroad_roaming_enabled_off,reseat_sim_card|set_network_mode_preference|toggle_airplane_mode|toggle_data|toggle_roaming,subset_mismatch_base_plus_linear|local_clear_failure_floor_10|local_clear_and_aux_failure_floor_12,matched_terminal_action,subset_mismatch_with_missing_oracle_repair_tools,0.0,0.590329999999998,False,False,dfddd on fdddd -> dfddf on fdddd
99,9,16,target_post_switch,repair_all,repair_all,repairable,[mms_issue]airplane_mode_on|bad_network_preference|bad_wifi_calling|break_apn_mms_setting|break_app_sms_permission|data_mode_off|unseat_sim_card|user_abroad_roaming_enabled_off[PERSONA:None],airplane_mode_on|unseat_sim_card|data_mode_off|user_abroad_roaming_enabled_off|bad_network_preference|bad_wifi_calling|break_apn_mms_setting|break_app_sms_permission,,toggle_airplane_mode|reseat_sim_card|toggle_data|toggle_roaming|set_network_mode_preference|toggle_wifi_calling|reset_apn_settings|reboot_device|grant_app_permission,can_send_mms_true,can_send_mms,repair_all,0.0,4.22015,4.14945,1.5,mostly_deep_vs_mostly_deep_required,ffddd on fdddd,ffddd,fdddd,True,True,True,True,0.026967629509632673,"{""stage1"": 0.1552329572538991, ""stage2"": 0.9231893507993841, ""stage3"": 0.9828444660838115, ""stage4"": 0.3829245889301035, ""stage5"": 0.5}",barrier_stage1_gate > trap_stage2_router > general_stage3_network > general_stage4_repair > target_stage5_decision,stage1_n5__from__root__c05 > stage2_n3__from__n0005__c01 > stage3_n3__from__n0020__c01 > stage4_n2__from__n0065__c01 > stage5_n2__from__n0186__c02,stage4_n2__from__n0065__c01 > stage5_n2__from__n0186__c02,toggle_airplane_mode|reseat_sim_card|toggle_data|toggle_roaming|set_network_mode_preference|toggle_wifi_calling|reset_apn_settings|reboot_device|grant_app_permission,check_network_status|check_sim_status|check_network_mode_preference|check_apn_settings|check_wifi_calling_status|check_app_permissions|can_send_mms|get_details_by_id|get_details_by_id,,,,matched_terminal_action,no_terminal_failure_or_low_penalty,repair_all,0.0,3.91377,3.83467,0.0,mostly_deep_vs_mostly_deep_required,fdddd on fdddd,fdddd,fdddd,True,True,True,False,0.0018388077984633606,"{""stage1"": 0.33333050871370035, ""stage2"": 0.29648222713033234, ""stage3"": 0.16746674190471753, ""stage4"": 0.3333153320559271, ""stage5"": 0.3333333333333333}",trap_stage1_intake > general_stage2_roaming > barrier_stage3_gate > barrier_stage4_gate > barrier_stage5_transfer,stage1_n4__from__root__c04 > stage2_n4__from__n0004__c04 > stage3_n5__from__n0018__c03 > stage4_n5__from__n0061__c04 > stage5_n5__from__n0175__c03,stage4_n5__from__n0061__c04 > stage5_n5__from__n0175__c03,toggle_airplane_mode|reseat_sim_card|toggle_data|toggle_roaming|set_network_mode_preference|toggle_wifi_calling|reset_apn_settings|reboot_device|grant_app_permission,check_network_status|check_sim_status|check_network_mode_preference|check_apn_settings|check_wifi_calling_status|check_app_permissions|can_send_mms|can_send_mms|check_network_status|get_details_by_id|get_details_by_id,,,,matched_terminal_action,no_terminal_failure_or_low_penalty,0.0,-0.3063800000000003,False,False,ffddd on fdddd -> fdddd on fdddd
