seed,method,t,episode_index,phase,dataset_index,oracle_action,final_action,raw_total_cost,raw_terminal_penalty,raw_reasoning_cost_component,raw_path_cost_component,cumulative_avg_total_cost,rolling5_total_cost
seed0,direct_multistage_exp3,1,0,trap_pre_switch,1,repair_all,repair_all,4.729515,0.0,4.658615,0.0709,4.729515,4.729515
seed0,direct_multistage_exp3,2,1,trap_pre_switch,3,repair_all,repair_all,4.918265000000001,0.0,4.851365,0.0669,4.8238900000000005,4.8238900000000005
seed0,direct_multistage_exp3,3,2,trap_pre_switch,6,repair_all,repair_all,8.29945,0.0,8.22925,0.07020000000000001,5.982410000000001,5.982410000000001
seed0,direct_multistage_exp3,4,3,trap_pre_switch,15,repair_all,repair_subset,15.260455,10.0,5.182055,0.07840000000000001,8.30192125,8.30192125
seed0,direct_multistage_exp3,5,4,trap_pre_switch,17,repair_all,repair_all,4.607625,0.0,4.541625,0.066,7.5630619999999995,7.563062
seed0,direct_multistage_exp3,6,5,trap_pre_switch,18,repair_all,repair_all,3.7763299999999997,0.0,3.70233,0.074,6.93194,7.372425
seed0,direct_multistage_exp3,7,6,trap_pre_switch,19,repair_all,repair_all,10.719325000000001,0.0,10.653225,0.0661,7.472994999999999,8.532637
seed0,direct_multistage_exp3,8,7,trap_pre_switch,20,repair_all,repair_all,3.77503,0.0,3.70383,0.0712,7.010749375,7.627753
seed0,direct_multistage_exp3,9,8,trap_pre_switch,21,repair_all,repair_all,4.2059750000000005,0.0,4.134375,0.0716,6.699107777777778,5.416857
seed0,direct_multistage_exp3,10,9,trap_pre_switch,22,repair_all,repair_all,8.80013,0.0,8.73233,0.0678,6.90921,6.255358
seed0,direct_multistage_exp3,11,10,trap_pre_switch,1,repair_all,repair_all,4.211855,0.0,4.150155,0.061700000000000005,6.663995909090909,6.342463
seed0,direct_multistage_exp3,12,11,trap_pre_switch,3,repair_all,repair_all,2.910095,0.0,2.844895,0.06520000000000001,6.351170833333334,4.780617
seed0,direct_multistage_exp3,13,12,trap_pre_switch,6,repair_all,repair_all,2.65728,0.0,2.59918,0.0581,6.067025384615385,4.557067
seed0,direct_multistage_exp3,14,13,trap_pre_switch,15,repair_all,repair_all,5.298755000000001,0.0,5.229555,0.0692,6.0121489285714285,4.775623
seed0,direct_multistage_exp3,15,14,trap_pre_switch,17,repair_all,repair_all,5.39776,0.0,5.32256,0.0752,5.971189666666667,4.095149
seed0,direct_multistage_exp3,16,15,trap_pre_switch,18,repair_all,repair_all,4.820755,0.0,4.746155,0.0746,5.899287500000001,4.216929
seed0,direct_multistage_exp3,17,16,trap_pre_switch,19,repair_all,repair_all,3.0477700000000003,0.0,2.98267,0.0651,5.731551176470589,4.244464
seed0,direct_multistage_exp3,18,17,trap_pre_switch,20,repair_all,repair_all,3.92483,0.0,3.85883,0.066,5.631177777777778,4.497974
seed0,direct_multistage_exp3,19,18,trap_pre_switch,21,repair_all,repair_all,3.93039,0.0,3.86279,0.06760000000000001,5.541662631578948,4.224301
seed0,direct_multistage_exp3,20,19,trap_pre_switch,22,repair_all,repair_all,9.591075,0.0,9.521075,0.06999999999999999,5.744133250000001,5.062964
seed0,direct_multistage_exp3,21,20,trap_pre_switch,1,repair_all,repair_all,5.183375,0.0,5.118275,0.0651,5.717430476190477,5.1354880000000005
seed0,direct_multistage_exp3,22,21,trap_pre_switch,3,repair_all,repair_all,4.205425,0.0,4.137125,0.06830000000000001,5.648702954545455,5.367019
seed0,direct_multistage_exp3,23,22,trap_pre_switch,6,repair_all,repair_all,9.14302,0.0,9.06942,0.0736,5.800629782608696,6.4106570000000005
seed0,direct_multistage_exp3,24,23,trap_pre_switch,15,repair_all,repair_all,5.261855,0.0,5.186055,0.0758,5.778180833333334,6.67695
seed0,direct_multistage_exp3,25,24,trap_pre_switch,17,repair_all,repair_all,4.5637,0.0,4.4971,0.0666,5.7296016000000005,5.671474999999999
seed0,direct_multistage_exp3,26,25,target_post_switch,2,repair_all,repair_subset,13.84088,10.0,3.77478,0.0661,6.041573846153847,7.402976
seed0,direct_multistage_exp3,27,26,target_post_switch,9,repair_subset,repair_subset,10.18131,6.0,4.11201,0.06930000000000001,6.194897407407408,8.598153
seed0,direct_multistage_exp3,28,27,target_post_switch,10,repair_subset,transfer,27.418950000000002,22.5,4.84145,0.07750000000000001,6.952899285714286,12.253339
seed0,direct_multistage_exp3,29,28,target_post_switch,13,repair_subset,repair_subset,10.58792,6.0,4.51142,0.07650000000000001,7.078244827586207,13.318552
seed0,direct_multistage_exp3,30,29,target_post_switch,16,repair_all,repair_subset,20.203,15.0,5.1272,0.0758,7.515736666666667,16.446412000000002
seed0,direct_multistage_exp3,31,30,target_post_switch,32,repair_all,repair_all,3.1514699999999998,0.0,3.08567,0.06580000000000001,7.374953870967742,14.308530000000001
seed0,direct_multistage_exp3,32,31,target_post_switch,33,repair_all,repair_all,4.14671,0.0,4.07191,0.0748,7.27407125,13.101609999999999
seed0,direct_multistage_exp3,33,32,target_post_switch,34,repair_all,repair_all,4.96367,0.0,4.90407,0.059600000000000014,7.204059090909092,8.610553999999999
seed0,direct_multistage_exp3,34,33,target_post_switch,35,repair_all,repair_all,4.4801899999999995,0.0,4.40809,0.0721,7.1239452941176475,7.389008
seed0,direct_multistage_exp3,35,34,target_post_switch,36,repair_all,repair_subset,13.1101,10.0,3.0366,0.0735,7.2949782857142855,5.970428
seed0,direct_multistage_exp3,36,35,target_post_switch,2,repair_all,repair_all,5.50026,0.0,5.42976,0.07050000000000001,7.245125,6.440186
seed0,direct_multistage_exp3,37,36,target_post_switch,9,repair_subset,repair_subset,18.10942,14.0,4.05002,0.0594,7.538754594594595,9.232728
seed0,direct_multistage_exp3,38,37,target_post_switch,10,repair_subset,repair_subset,16.8093,12.0,4.7369,0.0724,7.782716315789474,11.601854
seed0,direct_multistage_exp3,39,38,target_post_switch,13,repair_subset,repair_subset,18.923695000000002,14.0,4.858295,0.0654,8.068382435897437,14.490555
seed0,direct_multistage_exp3,40,39,target_post_switch,16,repair_all,repair_all,5.022609999999999,0.0,4.94661,0.07600000000000001,7.992238125,12.873057
seed0,direct_multistage_exp3,41,40,target_post_switch,32,repair_all,repair_all,4.35282,0.0,4.27562,0.0772,7.903471829268293,12.643569000000001
seed0,direct_multistage_exp3,42,41,target_post_switch,33,repair_all,repair_all,3.82425,0.0,3.75325,0.071,7.8063475,9.786535
seed0,direct_multistage_exp3,43,42,target_post_switch,34,repair_all,repair_all,3.91019,0.0,3.83539,0.0748,7.715739186046512,7.206713000000001
seed0,direct_multistage_exp3,44,43,target_post_switch,35,repair_all,transfer,22.171725,18.0,4.100025,0.0717,8.044284318181818,7.856318999999999
seed0,direct_multistage_exp3,45,44,target_post_switch,36,repair_all,repair_all,4.355510000000001,0.0,4.27831,0.0772,7.962311555555555,7.722899
seed0,direct_multistage_exp3,46,45,target_post_switch,2,repair_all,transfer,22.57842,18.5,4.00092,0.07750000000000001,8.28005304347826,11.368019
seed0,direct_multistage_exp3,47,46,target_post_switch,9,repair_subset,repair_subset,17.282115,12.0,5.210815,0.0713,8.471586276595744,14.059592
seed0,direct_multistage_exp3,48,47,target_post_switch,10,repair_subset,transfer,27.48276,23.5,3.91076,0.072,8.867652395833332,18.774106
seed0,direct_multistage_exp3,49,48,target_post_switch,13,repair_subset,repair_subset,13.023115,6.0,6.967015,0.05610000000000001,8.95245775510204,16.944384
seed0,direct_multistage_exp3,50,49,target_post_switch,16,repair_all,transfer,27.79015,22.5,5.22065,0.0695,9.329211599999999,21.631312
seed0,direct_multistage_exp3,51,50,target_post_switch,32,repair_all,repair_all,4.27824,0.0,4.20234,0.07590000000000001,9.23017294117647,17.971276
seed0,direct_multistage_exp3,52,51,target_post_switch,33,repair_all,repair_all,3.53446,0.0,3.46736,0.0671,9.120639999999998,15.221745000000002
seed0,direct_multistage_exp3,53,52,target_post_switch,34,repair_all,repair_all,4.212765,0.0,4.134965,0.07780000000000001,9.028038584905659,10.567746
seed0,direct_multistage_exp3,54,53,target_post_switch,35,repair_all,repair_all,4.08154,0.0,4.00434,0.0772,8.936436759259259,8.779430999999999
seed0,direct_multistage_exp3,55,54,target_post_switch,36,repair_all,repair_all,3.87237,0.0,3.79447,0.07790000000000001,8.844362818181818,3.9958750000000003
seed0,direct_multistage_exp3,56,55,target_post_switch,2,repair_all,repair_all,4.470829999999999,0.0,4.40063,0.07020000000000001,8.766264017857141,4.034393
seed0,direct_multistage_exp3,57,56,target_post_switch,9,repair_subset,repair_subset,22.02867,15.0,6.95267,0.07600000000000001,8.998937807017542,7.7332350000000005
seed0,direct_multistage_exp3,58,57,target_post_switch,10,repair_subset,repair_subset,10.22633,6.0,4.14883,0.07750000000000001,9.020099741379308,8.935948
seed0,direct_multistage_exp3,59,58,target_post_switch,13,repair_subset,repair_subset,11.04869,6.0,4.97639,0.0723,9.054482627118642,10.329378
seed0,direct_multistage_exp3,60,59,target_post_switch,16,repair_all,transfer,26.9221,22.5,4.3463,0.0758,9.352276249999997,14.939324
seed0,direct_multistage_exp3,61,60,target_post_switch,32,repair_all,repair_all,4.468525,0.0,4.394825,0.0737,9.272214754098359,14.938863000000001
seed0,direct_multistage_exp3,62,61,target_post_switch,33,repair_all,repair_all,4.1607899999999995,0.0,4.08479,0.07600000000000001,9.189772419354837,11.365287
seed0,direct_multistage_exp3,63,62,target_post_switch,34,repair_all,repair_all,3.17503,0.0,3.09603,0.07900000000000001,9.094300317460316,9.955027
seed0,direct_multistage_exp3,64,63,target_post_switch,35,repair_all,repair_all,4.0889500000000005,0.0,4.01365,0.0753,9.016091718749998,8.563079
seed0,direct_multistage_exp3,65,64,target_post_switch,36,repair_all,repair_all,3.2478700000000003,0.0,3.17817,0.06970000000000001,8.927349846153845,3.828233
seed0,direct_multistage_exp3,66,65,target_post_switch,2,repair_all,repair_all,3.96375,0.0,3.89655,0.06720000000000001,8.852143787878786,3.7272779999999996
seed0,direct_multistage_exp3,67,66,target_post_switch,9,repair_subset,repair_subset,10.25863,6.0,4.17963,0.07900000000000001,8.873136119402984,4.946846
seed0,direct_multistage_exp3,68,67,target_post_switch,10,repair_subset,repair_subset,10.229019999999998,6.0,4.15002,0.07900000000000001,8.893075588235293,6.357644
seed0,direct_multistage_exp3,69,68,target_post_switch,13,repair_subset,repair_subset,21.596000000000004,17.0,4.525,0.071,9.077175942028985,9.859054
seed0,direct_multistage_exp3,70,69,target_post_switch,16,repair_all,repair_all,5.87056,0.0,5.79976,0.0708,9.03136714285714,10.383592
seed0,direct_multistage_exp3,71,70,target_post_switch,32,repair_all,repair_all,4.3512,0.0,4.2759,0.0753,8.965449295774645,10.461082000000001
seed0,direct_multistage_exp3,72,71,target_post_switch,33,repair_all,repair_all,4.1354500000000005,0.0,4.06015,0.0753,8.89836597222222,9.236446
seed0,direct_multistage_exp3,73,72,target_post_switch,34,repair_all,repair_all,3.00467,0.0,2.92887,0.0758,8.817630410958902,7.791576000000001
seed0,direct_multistage_exp3,74,73,target_post_switch,35,repair_all,repair_all,4.42493,0.0,4.35593,0.06899999999999999,8.758269594594593,4.357362
seed0,direct_multistage_exp3,75,74,target_post_switch,36,repair_all,repair_all,3.23381,0.0,3.16221,0.0716,8.684610133333331,3.830012
seed0,direct_multistage_exp3,76,75,target_post_switch,2,repair_all,repair_subset,18.56697,14.0,4.50317,0.06380000000000001,8.814641184210524,6.673166
seed0,direct_multistage_exp3,77,76,target_post_switch,9,repair_subset,repair_subset,20.174235,14.0,6.102635,0.0716,8.962168376623373,9.880923
seed0,direct_multistage_exp3,78,77,target_post_switch,10,repair_subset,repair_subset,20.99614,15.5,5.43184,0.06430000000000001,9.11645006410256,13.479217
seed0,direct_multistage_exp3,79,78,target_post_switch,13,repair_subset,repair_subset,9.84568,6.0,3.77048,0.0752,9.125680822784807,14.563367
seed0,direct_multistage_exp3,80,79,target_post_switch,16,repair_all,repair_all,4.38331,0.0,4.31191,0.0714,9.066401187499997,14.793267
seed0,direct_multistage_exp3,81,80,target_post_switch,32,repair_all,repair_all,3.1363700000000003,0.0,3.07167,0.06470000000000001,8.993190925925925,11.707147
seed0,direct_multistage_exp3,82,81,target_post_switch,33,repair_all,repair_all,3.59249,0.0,3.51729,0.0752,8.927328719512193,8.390798
seed0,direct_multistage_exp3,83,82,target_post_switch,34,repair_all,repair_all,3.86734,0.0,3.79914,0.06820000000000001,8.866364999999998,4.965038
seed0,direct_multistage_exp3,84,83,target_post_switch,35,repair_all,repair_all,3.24401,0.0,3.17561,0.0684,8.79943220238095,3.644704
seed0,direct_multistage_exp3,85,84,target_post_switch,36,repair_all,repair_all,6.0157050000000005,0.0,5.952505,0.0632,8.766682470588234,3.971183
seed0,direct_multistage_exp3,86,85,target_post_switch,2,repair_all,repair_all,3.91726,0.0,3.84226,0.07500000000000001,8.710293837209301,4.1273610000000005
seed0,direct_multistage_exp3,87,86,target_post_switch,9,repair_subset,repair_all,15.26222,10.0,5.18692,0.0753,8.785603333333333,6.461307
seed0,direct_multistage_exp3,88,87,target_post_switch,10,repair_subset,transfer,27.47916,23.5,3.91076,0.0684,8.998030113636363,11.183671
seed0,direct_multistage_exp3,89,88,target_post_switch,13,repair_subset,repair_subset,10.59274,6.0,4.51744,0.0753,9.01594820224719,12.653417000000001
seed0,direct_multistage_exp3,90,89,target_post_switch,16,repair_all,transfer,27.249049999999997,22.5,4.67375,0.0753,9.218538222222222,16.900085999999998
seed0,direct_multistage_exp3,91,90,target_post_switch,32,repair_all,repair_all,3.09446,0.0,3.01806,0.07640000000000001,9.151240659340658,16.735526
seed0,direct_multistage_exp3,92,91,target_post_switch,33,repair_all,repair_all,3.59741,0.0,3.51981,0.0776,9.090872934782608,14.402563999999998
seed0,direct_multistage_exp3,93,92,target_post_switch,34,repair_all,repair_all,4.5273650000000005,0.0,4.466165,0.061200000000000004,9.041802956989248,9.812204999999999
seed0,direct_multistage_exp3,94,93,target_post_switch,35,repair_all,repair_subset,14.23814,10.0,4.16234,0.0758,9.097083138297872,10.541284999999998
seed0,direct_multistage_exp3,95,94,target_post_switch,36,repair_all,repair_all,3.97589,0.0,3.90579,0.07010000000000001,9.043175842105263,5.886653
seed0,direct_multistage_exp3,96,95,target_post_switch,2,repair_all,repair_subset,16.237955,12.0,4.170155,0.06780000000000001,9.118121458333334,8.515352
seed0,direct_multistage_exp3,97,96,target_post_switch,9,repair_subset,repair_all,15.26334,10.0,5.18804,0.0753,9.181474226804124,10.848538
seed0,direct_multistage_exp3,98,97,target_post_switch,10,repair_subset,transfer,27.474539999999998,23.5,3.90404,0.07050000000000001,9.368138163265307,15.437973
seed0,direct_multistage_exp3,99,98,target_post_switch,13,repair_subset,transfer,30.43304,25.5,4.86524,0.06780000000000001,9.58091494949495,18.676953
seed0,direct_multistage_exp3,100,99,target_post_switch,16,repair_all,repair_all,4.6963,0.0,4.6322,0.0641,9.532068800000001,18.821035
seed0,epsilon_exp3,1,0,trap_pre_switch,1,repair_all,repair_all,4.189655,0.0,4.124155,0.0655,4.189655,4.189655
seed0,epsilon_exp3,2,1,trap_pre_switch,3,repair_all,repair_all,4.334029999999999,0.0,4.27103,0.063,4.2618425,4.2618425
seed0,epsilon_exp3,3,2,trap_pre_switch,6,repair_all,repair_all,8.192205000000001,0.0,8.133105,0.0591,5.571963333333334,5.571963333333334
seed0,epsilon_exp3,4,3,trap_pre_switch,15,repair_all,repair_all,10.49065,0.0,10.41295,0.0777,6.801635000000001,6.801635
seed0,epsilon_exp3,5,4,trap_pre_switch,17,repair_all,repair_all,5.84525,0.0,5.76925,0.07600000000000001,6.610358000000001,6.610358000000001
seed0,epsilon_exp3,6,5,trap_pre_switch,18,repair_all,repair_all,6.1408000000000005,0.0,6.0655,0.0753,6.532098333333334,7.000587
seed0,epsilon_exp3,7,6,trap_pre_switch,19,repair_all,repair_all,4.955925,0.0,4.885725,0.0702,6.3069307142857145,7.124966000000001
seed0,epsilon_exp3,8,7,trap_pre_switch,20,repair_all,repair_all,4.18188,0.0,4.10828,0.0736,6.041299375,6.322901
seed0,epsilon_exp3,9,8,trap_pre_switch,21,repair_all,repair_all,4.175675,0.0,4.105375,0.0703,5.834007777777778,5.059906
seed0,epsilon_exp3,10,9,trap_pre_switch,22,repair_all,repair_all,13.353254999999999,0.0,13.283055,0.07020000000000001,6.5859325,6.561507000000001
seed0,epsilon_exp3,11,10,trap_pre_switch,1,repair_all,repair_all,4.795225,0.0,4.722025,0.0732,6.423140909090909,6.2923919999999995
seed0,epsilon_exp3,12,11,trap_pre_switch,3,repair_all,repair_all,3.7964700000000002,0.0,3.73787,0.0586,6.204251666666667,6.060501
seed0,epsilon_exp3,13,12,trap_pre_switch,6,repair_all,repair_all,9.79618,0.0,9.73048,0.06570000000000001,6.480553846153845,7.183361
seed0,epsilon_exp3,14,13,trap_pre_switch,15,repair_all,repair_all,4.03967,0.0,3.97377,0.0659,6.306204999999999,7.15616
seed0,epsilon_exp3,15,14,trap_pre_switch,17,repair_all,repair_all,4.11269,0.0,4.04509,0.06760000000000001,6.159970666666666,5.308047
seed0,epsilon_exp3,16,15,trap_pre_switch,18,repair_all,repair_all,4.34127,0.0,4.27137,0.0699,6.046301874999999,5.217256
seed0,epsilon_exp3,17,16,trap_pre_switch,19,repair_all,repair_all,4.921225,0.0,4.851725,0.0695,5.98012088235294,5.442207
seed0,epsilon_exp3,18,17,trap_pre_switch,20,repair_all,repair_all,5.4843,0.0,5.409,0.0753,5.952575277777777,4.579831
seed0,epsilon_exp3,19,18,trap_pre_switch,21,repair_all,repair_all,5.468500000000001,0.0,5.392,0.07650000000000001,5.927097631578947,4.865596999999999
seed0,epsilon_exp3,20,19,trap_pre_switch,22,repair_all,repair_all,12.99548,0.0,12.92838,0.0671,6.280516749999999,6.642155
seed0,epsilon_exp3,21,20,trap_pre_switch,1,repair_all,repair_all,3.8288900000000003,0.0,3.75579,0.0731,6.163772619047618,6.539679000000001
seed0,epsilon_exp3,22,21,trap_pre_switch,3,repair_all,repair_all,4.72441,0.0,4.64851,0.07590000000000001,6.098347045454545,6.500316000000001
seed0,epsilon_exp3,23,22,trap_pre_switch,6,repair_all,repair_all,9.972249999999999,0.0,9.89875,0.0735,6.266777608695652,7.397906000000001
seed0,epsilon_exp3,24,23,trap_pre_switch,15,repair_all,repair_all,5.108225,0.0,5.028325,0.0799,6.218504583333334,7.325851
seed0,epsilon_exp3,25,24,trap_pre_switch,17,repair_all,repair_all,12.576815,0.0,12.510715,0.0661,6.472837000000001,7.242118
seed0,epsilon_exp3,26,25,target_post_switch,2,repair_all,repair_subset,14.58025,10.0,4.51515,0.0651,6.784660576923078,9.39239
seed0,epsilon_exp3,27,26,target_post_switch,9,repair_subset,repair_subset,16.950375,12.0,4.883775,0.06659999999999999,7.16116851851852,11.837582999999999
seed0,epsilon_exp3,28,27,target_post_switch,10,repair_subset,repair_subset,10.20492,6.0,4.12972,0.0752,7.269873928571429,11.884117
seed0,epsilon_exp3,29,28,target_post_switch,13,repair_subset,repair_subset,9.84882,6.0,3.77132,0.07750000000000001,7.358803103448276,12.832236
seed0,epsilon_exp3,30,29,target_post_switch,16,repair_all,repair_all,4.168825,0.0,4.106325,0.0625,7.2524705,11.150638
seed0,epsilon_exp3,31,30,target_post_switch,32,repair_all,repair_all,3.5377,0.0,3.4655,0.0722,7.132639193548387,8.942128
seed0,epsilon_exp3,32,31,target_post_switch,33,repair_all,repair_all,3.69012,0.0,3.61292,0.0772,7.0250604687500005,6.290077
seed0,epsilon_exp3,33,32,target_post_switch,34,repair_all,repair_all,4.09725,0.0,4.01885,0.07840000000000001,6.93633893939394,5.068543
seed0,epsilon_exp3,34,33,target_post_switch,35,repair_all,repair_all,3.74749,0.0,3.66849,0.07900000000000001,6.842549264705883,3.8482770000000004
seed0,epsilon_exp3,35,34,target_post_switch,36,repair_all,repair_all,4.691635,0.0,4.622535,0.06910000000000001,6.7810945714285715,3.952839
seed0,epsilon_exp3,36,35,target_post_switch,2,repair_all,repair_subset,14.461559999999999,10.0,4.38436,0.0772,6.994440833333333,6.137611
seed0,epsilon_exp3,37,36,target_post_switch,9,repair_subset,repair_subset,15.68078,12.0,3.60758,0.0732,7.229206756756757,8.535743
seed0,epsilon_exp3,38,37,target_post_switch,10,repair_subset,transfer,26.65645,22.5,4.08065,0.0758,7.740450000000001,13.047583
seed0,epsilon_exp3,39,38,target_post_switch,13,repair_subset,repair_subset,10.46754,6.0,4.39004,0.07750000000000001,7.810375384615385,14.391593
seed0,epsilon_exp3,40,39,target_post_switch,16,repair_all,repair_all,5.328915,0.0,5.267215,0.061700000000000005,7.748338875,14.519049
seed0,epsilon_exp3,41,40,target_post_switch,32,repair_all,repair_all,3.58082,0.0,3.50672,0.0741,7.646692073170732,12.342901000000001
seed0,epsilon_exp3,42,41,target_post_switch,33,repair_all,repair_all,3.9311499999999997,0.0,3.86705,0.0641,7.558226785714287,9.992975
seed0,epsilon_exp3,43,42,target_post_switch,34,repair_all,repair_all,4.407275,0.0,4.337875,0.0694,7.484948837209304,5.543139999999999
seed0,epsilon_exp3,44,43,target_post_switch,35,repair_all,repair_all,3.73647,0.0,3.67037,0.0661,7.399756136363638,4.1969259999999995
seed0,epsilon_exp3,45,44,target_post_switch,36,repair_all,repair_all,4.256939999999999,0.0,4.20114,0.05580000000000001,7.329915777777779,3.9825310000000003
seed0,epsilon_exp3,46,45,target_post_switch,2,repair_all,repair_subset,18.945465,14.0,4.875965,0.06949999999999999,7.5824277173913055,7.055459999999999
seed0,epsilon_exp3,47,46,target_post_switch,9,repair_subset,repair_subset,16.82648,12.0,4.75508,0.0714,7.779109680851065,9.634526
seed0,epsilon_exp3,48,47,target_post_switch,10,repair_subset,transfer,28.484675000000003,23.5,4.922775,0.061900000000000004,8.210475625,14.450005999999998
seed0,epsilon_exp3,49,48,target_post_switch,13,repair_subset,repair_subset,21.61798,17.0,4.54488,0.07310000000000001,8.484098163265307,18.026308
seed0,epsilon_exp3,50,49,target_post_switch,16,repair_all,transfer,25.940379999999998,22.5,3.36518,0.0752,8.8332238,22.362996
seed0,epsilon_exp3,51,50,target_post_switch,32,repair_all,repair_all,3.08248,0.0,3.01638,0.0661,8.72046411764706,19.190399
seed0,epsilon_exp3,52,51,target_post_switch,33,repair_all,repair_all,3.06113,0.0,2.99143,0.06970000000000001,8.61163076923077,16.437329
seed0,epsilon_exp3,53,52,target_post_switch,34,repair_all,repair_all,3.12686,0.0,3.05866,0.0682,8.508144528301887,11.365765999999999
seed0,epsilon_exp3,54,53,target_post_switch,35,repair_all,repair_all,4.947645,0.0,4.878945,0.06870000000000001,8.442209351851853,8.031699
seed0,epsilon_exp3,55,54,target_post_switch,36,repair_all,repair_all,4.4400699999999995,0.0,4.36217,0.07790000000000001,8.369443181818182,3.731637
seed0,epsilon_exp3,56,55,target_post_switch,2,repair_all,repair_subset,13.89706,10.0,3.82186,0.0752,8.468150625000002,5.894553
seed0,epsilon_exp3,57,56,target_post_switch,9,repair_subset,repair_subset,20.07337,14.0,6.00957,0.06380000000000001,8.671750964912281,9.297001
seed0,epsilon_exp3,58,57,target_post_switch,10,repair_subset,transfer,26.65709,22.5,4.08709,0.06999999999999999,8.98184301724138,14.003047
seed0,epsilon_exp3,59,58,target_post_switch,13,repair_subset,transfer,28.694300000000002,24.5,4.1202,0.0741,9.31595245762712,18.752378
seed0,epsilon_exp3,60,59,target_post_switch,16,repair_all,repair_subset,19.317445,14.0,5.246845,0.0706,9.482644,21.727853
seed0,epsilon_exp3,61,60,target_post_switch,32,repair_all,repair_all,3.61382,0.0,3.53962,0.0742,9.386433770491804,19.671205
seed0,epsilon_exp3,62,61,target_post_switch,33,repair_all,repair_all,3.08241,0.0,3.01131,0.0711,9.284755967741937,16.273013
seed0,epsilon_exp3,63,62,target_post_switch,34,repair_all,repair_all,3.86622,0.0,3.79522,0.071,9.198747460317461,11.714839000000001
seed0,epsilon_exp3,64,63,target_post_switch,35,repair_all,repair_all,3.7346299999999997,0.0,3.67093,0.0637,9.113370625000002,6.722905
seed0,epsilon_exp3,65,64,target_post_switch,36,repair_all,repair_all,5.099105,0.0,5.033905,0.06520000000000001,9.051612692307694,3.879237
seed0,epsilon_exp3,66,65,target_post_switch,2,repair_all,repair_subset,21.082765000000002,14.0,7.015665,0.0671,9.23390287878788,7.373026
seed0,epsilon_exp3,67,66,target_post_switch,9,repair_subset,repair_subset,16.002319999999997,12.0,3.93182,0.07050000000000001,9.334924029850747,9.957008
seed0,epsilon_exp3,68,67,target_post_switch,10,repair_subset,repair_subset,23.019485,19.0,3.964085,0.055400000000000005,9.536167573529413,13.787661
seed0,epsilon_exp3,69,68,target_post_switch,13,repair_subset,transfer,30.09442,25.5,4.52682,0.0676,9.834113260869566,19.059619
seed0,epsilon_exp3,70,69,target_post_switch,16,repair_all,repair_all,3.63357,0.0,3.56747,0.0661,9.745534071428573,18.766512
seed0,epsilon_exp3,71,70,target_post_switch,32,repair_all,repair_all,3.5428200000000003,0.0,3.47502,0.06780000000000001,9.658171901408451,15.258523
seed0,epsilon_exp3,72,71,target_post_switch,33,repair_all,repair_all,4.33016,0.0,4.26436,0.06580000000000001,9.584171736111111,12.924090999999999
seed0,epsilon_exp3,73,72,target_post_switch,34,repair_all,repair_all,3.19211,0.0,3.11311,0.07900000000000001,9.496609246575343,8.958616000000001
seed0,epsilon_exp3,74,73,target_post_switch,35,repair_all,repair_all,4.4877899999999995,0.0,4.41369,0.0741,9.4289225,3.8372900000000003
seed0,epsilon_exp3,75,74,target_post_switch,36,repair_all,repair_all,5.5350150000000005,0.0,5.471015,0.064,9.377003733333334,4.217579
seed0,epsilon_exp3,76,75,target_post_switch,2,repair_all,transfer,22.978630000000003,18.5,4.40263,0.07600000000000001,9.555972500000001,8.104741
seed0,epsilon_exp3,77,76,target_post_switch,9,repair_subset,repair_subset,17.493940000000002,12.0,5.42484,0.06910000000000001,9.659062987012987,10.737497000000001
seed0,epsilon_exp3,78,77,target_post_switch,10,repair_subset,repair_subset,21.48058,17.0,4.41218,0.0684,9.810620897435898,14.395191
seed0,epsilon_exp3,79,78,target_post_switch,13,repair_subset,repair_subset,19.65841,14.0,5.59721,0.061200000000000004,9.935276455696203,17.429315
seed0,epsilon_exp3,80,79,target_post_switch,16,repair_all,transfer,27.032285,22.5,4.471085,0.061200000000000004,10.1489890625,21.728769
seed0,epsilon_exp3,81,80,target_post_switch,32,repair_all,repair_all,5.039775,0.0,4.974175,0.0656,10.085912345679011,18.140998000000003
seed0,epsilon_exp3,82,81,target_post_switch,33,repair_all,repair_all,4.448485,0.0,4.380685,0.06780000000000001,10.017163231707316,15.531907
seed0,epsilon_exp3,83,82,target_post_switch,34,repair_all,repair_all,5.03658,0.0,4.97218,0.0644,9.957156204819276,12.243107
seed0,epsilon_exp3,84,83,target_post_switch,35,repair_all,repair_subset,14.875710000000002,10.0,4.80341,0.0723,10.015710416666666,11.286567000000002
seed0,epsilon_exp3,85,84,target_post_switch,36,repair_all,repair_all,3.61449,0.0,3.54039,0.07410000000000001,9.940401941176471,6.603008
seed0,epsilon_exp3,86,85,target_post_switch,2,repair_all,repair_subset,19.680625,14.0,5.617525,0.0631,10.053660348837209,9.531178
seed0,epsilon_exp3,87,86,target_post_switch,9,repair_subset,repair_subset,16.080759999999998,12.0,4.00896,0.0718,10.122937356321838,11.857633
seed0,epsilon_exp3,88,87,target_post_switch,10,repair_subset,repair_subset,26.64262,23.0,3.57252,0.07010000000000001,10.310661022727272,16.178841
seed0,epsilon_exp3,89,88,target_post_switch,13,repair_subset,repair_subset,20.2604,15.0,5.1988,0.0616,10.422455842696628,17.255779
seed0,epsilon_exp3,90,89,target_post_switch,16,repair_all,transfer,26.46649,22.5,3.90039,0.0661,10.600722888888887,21.826179
seed0,epsilon_exp3,91,90,target_post_switch,32,repair_all,repair_all,3.8329600000000004,0.0,3.76386,0.0691,10.526351868131867,18.656646000000002
seed0,epsilon_exp3,92,91,target_post_switch,33,repair_all,repair_all,3.55528,0.0,3.49088,0.0644,10.450579347826086,16.15155
seed0,epsilon_exp3,93,92,target_post_switch,34,repair_all,repair_all,3.84628,0.0,3.77338,0.0729,10.379565376344084,11.592282
seed0,epsilon_exp3,94,93,target_post_switch,35,repair_all,repair_all,3.62295,0.0,3.54725,0.0757,10.3076864893617,8.264792
seed0,epsilon_exp3,95,94,target_post_switch,36,repair_all,repair_all,4.84116,0.0,4.77296,0.0682,10.250144105263155,3.9397260000000003
seed0,epsilon_exp3,96,95,target_post_switch,2,repair_all,repair_subset,15.052399999999999,10.0,4.9868,0.0656,10.300167604166665,6.183614
seed0,epsilon_exp3,97,96,target_post_switch,9,repair_subset,repair_subset,20.057299999999998,14.0,5.9925,0.06480000000000001,10.400756597938141,9.484017999999999
seed0,epsilon_exp3,98,97,target_post_switch,10,repair_subset,repair_subset,10.723765,6.0,4.649565,0.0742,10.404052602040814,10.859514999999998
seed0,epsilon_exp3,99,98,target_post_switch,13,repair_subset,repair_subset,10.58638,6.0,4.50988,0.07650000000000001,10.40589429292929,12.252201
seed0,epsilon_exp3,100,99,target_post_switch,16,repair_all,repair_subset,19.33997,15.0,4.26797,0.072,10.495235049999996,15.151963
seed0,risky_ps,1,0,trap_pre_switch,1,repair_all,repair_all,4.222855,0.0,4.156155,0.06670000000000001,4.222855,4.222855
seed0,risky_ps,2,1,trap_pre_switch,3,repair_all,repair_all,4.34333,0.0,4.27803,0.06530000000000001,4.2830925,4.2830925
seed0,risky_ps,3,2,trap_pre_switch,6,repair_all,repair_all,3.679605,0.0,3.604605,0.07500000000000001,4.081930000000001,4.08193
seed0,risky_ps,4,3,trap_pre_switch,15,repair_all,repair_all,5.309355,0.0,5.233555,0.0758,4.388786250000001,4.38878625
seed0,risky_ps,5,4,trap_pre_switch,17,repair_all,repair_all,4.88523,0.0,4.82103,0.06420000000000001,4.488075,4.488075
seed0,risky_ps,6,5,trap_pre_switch,18,repair_all,repair_all,5.378975,0.0,5.303775,0.0752,4.636558333333334,4.719299
seed0,risky_ps,7,6,trap_pre_switch,19,repair_all,repair_all,3.6249000000000002,0.0,3.5617,0.0632,4.492035714285715,4.575613
seed0,risky_ps,8,7,trap_pre_switch,20,repair_all,repair_all,3.77393,0.0,3.71383,0.0601,4.4022725000000005,4.5944780000000005
seed0,risky_ps,9,8,trap_pre_switch,21,repair_all,repair_all,4.189375,0.0,4.116875,0.0725,4.378617222222222,4.370482
seed0,risky_ps,10,9,trap_pre_switch,22,repair_all,repair_all,12.98623,0.0,12.91313,0.0731,5.2393785,5.9906820000000005
seed0,risky_ps,11,10,trap_pre_switch,1,repair_all,repair_all,3.2329,0.0,3.1769,0.05600000000000001,5.056971363636364,5.561467
seed0,risky_ps,12,11,trap_pre_switch,3,repair_all,repair_all,5.071009999999999,0.0,4.99351,0.07750000000000001,5.05814125,5.850689
seed0,risky_ps,13,12,trap_pre_switch,6,repair_all,repair_all,2.950935,0.0,2.886835,0.0641,4.896048461538462,5.68609
seed0,risky_ps,14,13,trap_pre_switch,15,repair_all,repair_all,4.509655,0.0,4.439255,0.0704,4.868448928571429,5.750146
seed0,risky_ps,15,14,trap_pre_switch,17,repair_all,repair_all,4.5244,0.0,4.4561,0.06830000000000001,4.845512333333334,4.057779999999999
seed0,risky_ps,16,15,trap_pre_switch,18,repair_all,repair_all,5.816375,0.0,5.740375,0.07600000000000001,4.90619125,4.574475
seed0,risky_ps,17,16,trap_pre_switch,19,repair_all,repair_all,4.753445,0.0,4.679245,0.0742,4.897206176470588,4.510962
seed0,risky_ps,18,17,trap_pre_switch,20,repair_all,repair_all,3.76993,0.0,3.70383,0.0661,4.834579722222222,4.674761
seed0,risky_ps,19,18,trap_pre_switch,21,repair_all,repair_all,5.454899999999999,0.0,5.377,0.07790000000000001,4.867228157894736,4.86381
seed0,risky_ps,20,19,trap_pre_switch,22,repair_all,repair_all,4.79425,0.0,4.72495,0.06930000000000001,4.86357925,4.91778
seed0,risky_ps,21,20,trap_pre_switch,1,repair_all,repair_all,3.838405,0.0,3.777605,0.0608,4.814761428571428,4.522186
seed0,risky_ps,22,21,trap_pre_switch,3,repair_all,repair_all,3.210115,0.0,3.143015,0.0671,4.741822954545454,4.21352
seed0,risky_ps,23,22,trap_pre_switch,6,repair_all,repair_all,9.66659,0.0,9.59269,0.07390000000000001,4.9559432608695655,5.3928519999999995
seed0,risky_ps,24,23,trap_pre_switch,15,repair_all,repair_all,4.66078,0.0,4.58658,0.0742,4.943644791666666,5.234028
seed0,risky_ps,25,24,trap_pre_switch,17,repair_all,repair_all,4.5237,0.0,4.4436,0.0801,4.926847,5.179918
seed0,risky_ps,26,25,target_post_switch,2,repair_all,repair_subset,14.20993,10.0,4.13633,0.0736,5.283888653846153,7.2542230000000005
seed0,risky_ps,27,26,target_post_switch,9,repair_subset,repair_subset,10.17913,6.0,4.10053,0.0786,5.465193888888888,8.648026
seed0,risky_ps,28,27,target_post_switch,10,repair_subset,transfer,26.653489999999998,22.5,4.08149,0.072,6.2219187499999995,12.045406
seed0,risky_ps,29,28,target_post_switch,13,repair_subset,repair_subset,21.59026,17.0,4.51716,0.07310000000000001,6.751861551724137,15.431301999999999
seed0,risky_ps,30,29,target_post_switch,16,repair_all,repair_all,5.27112,0.0,5.20732,0.06380000000000001,6.7025035,15.580786
seed0,risky_ps,31,30,target_post_switch,32,repair_all,repair_all,3.52306,0.0,3.45206,0.071,6.599940806451611,13.443412
seed0,risky_ps,32,31,target_post_switch,33,repair_all,repair_all,4.28958,0.0,4.22008,0.0695,6.527742031249999,12.265502
seed0,risky_ps,33,32,target_post_switch,34,repair_all,repair_all,3.90965,0.0,3.83315,0.07650000000000001,6.4484059090909085,7.716734
seed0,risky_ps,34,33,target_post_switch,35,repair_all,repair_all,4.90903,0.0,4.84453,0.0645,6.403130147058823,4.380488
seed0,risky_ps,35,34,target_post_switch,36,repair_all,repair_all,3.28973,0.0,3.21573,0.074,6.314175857142856,3.98421
seed0,risky_ps,36,35,target_post_switch,2,repair_all,repair_subset,14.5807,10.0,4.5155,0.06520000000000001,6.543801527777777,6.195738
seed0,risky_ps,37,36,target_post_switch,9,repair_subset,repair_subset,20.03293,14.0,5.96983,0.0631,6.908372567567566,9.344408
seed0,risky_ps,38,37,target_post_switch,10,repair_subset,repair_subset,9.77326,6.0,3.69376,0.0795,6.983764342105263,10.51713
seed0,risky_ps,39,38,target_post_switch,13,repair_subset,repair_subset,23.6892,19.0,4.6139,0.0753,7.412108846153845,14.273164
seed0,risky_ps,40,39,target_post_switch,16,repair_all,repair_all,5.492005,0.0,5.424905,0.0671,7.364106249999999,14.713619
seed0,risky_ps,41,40,target_post_switch,32,repair_all,repair_all,3.974815,0.0,3.915715,0.0591,7.281440609756096,12.592442
seed0,risky_ps,42,41,target_post_switch,33,repair_all,repair_all,3.58217,0.0,3.50637,0.0758,7.193362738095237,9.30229
seed0,risky_ps,43,42,target_post_switch,34,repair_all,repair_all,3.02579,0.0,2.95169,0.0741,7.0964424418604635,7.952795999999999
seed0,risky_ps,44,43,target_post_switch,35,repair_all,repair_all,4.2127799999999995,0.0,4.13378,0.07900000000000001,7.030904659090908,4.057512
seed0,risky_ps,45,44,target_post_switch,36,repair_all,repair_all,4.644825,0.0,4.574725,0.0701,6.977880666666666,3.8880760000000003
seed0,risky_ps,46,45,target_post_switch,2,repair_all,repair_all,4.1470899999999995,0.0,4.07499,0.0721,6.916341739130433,3.922531
seed0,risky_ps,47,46,target_post_switch,9,repair_subset,repair_subset,10.27651,6.0,4.21141,0.0651,6.987834680851062,5.261399
seed0,risky_ps,48,47,target_post_switch,10,repair_subset,repair_subset,19.677690000000002,14.0,5.61399,0.0637,7.252206666666665,8.591778999999999
seed0,risky_ps,49,48,target_post_switch,13,repair_subset,repair_subset,19.350155,14.0,5.279555,0.0706,7.49910357142857,11.619254000000002
seed0,risky_ps,50,49,target_post_switch,16,repair_all,repair_all,4.8278300000000005,0.0,4.75433,0.0735,7.4456780999999985,11.655855
seed0,risky_ps,51,50,target_post_switch,32,repair_all,repair_all,3.08284,0.0,3.01274,0.07010000000000001,7.360132254901959,11.443005000000001
seed0,risky_ps,52,51,target_post_switch,33,repair_all,transfer,21.062730000000002,18.0,3.00333,0.0594,7.6236437499999985,13.600249000000002
seed0,risky_ps,53,52,target_post_switch,34,repair_all,repair_all,4.2330000000000005,0.0,4.1546,0.07840000000000001,7.55966933962264,10.511311000000001
seed0,risky_ps,54,53,target_post_switch,35,repair_all,repair_all,3.7608699999999997,0.0,3.69047,0.0704,7.489321203703702,7.393454
seed0,risky_ps,55,54,target_post_switch,36,repair_all,repair_all,3.80363,0.0,3.72953,0.0741,7.422308636363635,7.188614000000001
seed0,risky_ps,56,55,target_post_switch,2,repair_all,repair_subset,19.174565,14.0,5.109765,0.06480000000000001,7.632170357142856,10.406959
seed0,risky_ps,57,56,target_post_switch,9,repair_subset,repair_subset,21.84258,17.0,4.77118,0.0714,7.881475789473684,10.562929
seed0,risky_ps,58,57,target_post_switch,10,repair_subset,repair_subset,10.696705,6.0,4.626605,0.07010000000000001,7.93001422413793,11.85567
seed0,risky_ps,59,58,target_post_switch,13,repair_subset,repair_subset,21.59694,17.0,4.52584,0.0711,8.161657033898305,15.422884
seed0,risky_ps,60,59,target_post_switch,16,repair_all,repair_all,4.37425,0.0,4.30295,0.0713,8.098533583333333,15.537008
seed0,risky_ps,61,60,target_post_switch,32,repair_all,repair_all,3.994275,0.0,3.920675,0.0736,8.031250655737706,12.50095
seed0,risky_ps,62,61,target_post_switch,33,repair_all,repair_all,3.42093,0.0,3.33683,0.08410000000000001,7.95689064516129,8.81662
seed0,risky_ps,63,62,target_post_switch,34,repair_all,transfer,21.72729,18.0,3.65129,0.07600000000000001,8.175468412698413,11.022737
seed0,risky_ps,64,63,target_post_switch,35,repair_all,repair_all,4.8969,0.0,4.819,0.07790000000000001,8.12424078125,7.682729
seed0,risky_ps,65,64,target_post_switch,36,repair_all,repair_all,3.9929,0.0,3.9268,0.0661,8.060681692307693,7.606458999999999
seed0,risky_ps,66,65,target_post_switch,2,repair_all,repair_all,4.19022,0.0,4.11542,0.0748,8.002038333333331,7.6456479999999996
seed0,risky_ps,67,66,target_post_switch,9,repair_subset,transfer,27.463749999999997,22.5,4.88725,0.07650000000000001,8.292511641791044,12.454212
seed0,risky_ps,68,67,target_post_switch,10,repair_subset,repair_subset,10.93792,6.0,4.86042,0.07750000000000001,8.331414705882352,10.296338
seed0,risky_ps,69,68,target_post_switch,13,repair_subset,transfer,27.406480000000002,22.5,4.82748,0.07900000000000001,8.60786492753623,14.798254
seed0,risky_ps,70,69,target_post_switch,16,repair_all,repair_all,4.383249999999999,0.0,4.31415,0.06910000000000001,8.547513285714283,14.876324
seed0,risky_ps,71,70,target_post_switch,32,repair_all,repair_all,3.8855500000000003,0.0,3.81075,0.0748,8.481851830985914,14.815389999999999
seed0,risky_ps,72,71,target_post_switch,33,repair_all,repair_all,4.33895,0.0,4.26105,0.07790000000000001,8.424311527777775,10.190430000000001
seed0,risky_ps,73,72,target_post_switch,34,repair_all,repair_all,3.16535,0.0,3.09295,0.0724,8.352270958904107,8.635916
seed0,risky_ps,74,73,target_post_switch,35,repair_all,repair_all,4.18952,0.0,4.11712,0.0724,8.296017567567565,3.9925240000000004
seed0,risky_ps,75,74,target_post_switch,36,repair_all,repair_all,4.04561,0.0,3.96961,0.07600000000000001,8.239345466666665,3.924996
seed0,risky_ps,76,75,target_post_switch,2,repair_all,repair_all,4.44762,0.0,4.37162,0.07600000000000001,8.189454342105261,4.0374099999999995
seed0,risky_ps,77,76,target_post_switch,9,repair_subset,transfer,26.711149999999996,22.5,4.13875,0.0724,8.429995844155842,8.511849999999999
seed0,risky_ps,78,77,target_post_switch,10,repair_subset,transfer,27.40905,22.5,4.83305,0.07600000000000001,8.673317051282048,13.360589999999998
seed0,risky_ps,79,78,target_post_switch,13,repair_subset,repair_subset,10.58756,6.0,4.51226,0.0753,8.697547974683543,14.640197999999998
seed0,risky_ps,80,79,target_post_switch,16,repair_all,repair_all,4.23761,0.0,4.16521,0.0724,8.641798749999998,14.678598
seed0,risky_ps,81,80,target_post_switch,32,repair_all,repair_all,3.12785,0.0,3.05375,0.0741,8.573725308641974,14.414644
seed0,risky_ps,82,81,target_post_switch,33,repair_all,repair_all,4.295699999999999,0.0,4.2212,0.0745,8.52155426829268,9.931554
seed0,risky_ps,83,82,target_post_switch,34,repair_all,repair_all,5.288805,0.0,5.223605,0.06520000000000001,8.48260548192771,5.507505
seed0,risky_ps,84,83,target_post_switch,35,repair_all,repair_all,4.25394,0.0,4.17794,0.07600000000000001,8.432264226190474,4.240781
seed0,risky_ps,85,84,target_post_switch,36,repair_all,repair_all,3.99006,0.0,3.92316,0.0669,8.380002999999997,4.1912709999999995
seed0,risky_ps,86,85,target_post_switch,2,repair_all,repair_all,5.15238,0.0,5.08238,0.06999999999999999,8.342472499999998,4.596177
seed0,risky_ps,87,86,target_post_switch,9,repair_subset,transfer,27.44639,22.5,4.86919,0.0772,8.562057758620686,9.226315
seed0,risky_ps,88,87,target_post_switch,10,repair_subset,repair_subset,25.3293,21.0,4.256,0.0733,8.752594602272724,13.234414000000001
seed0,risky_ps,89,88,target_post_switch,13,repair_subset,repair_subset,9.84398,6.0,3.77048,0.0735,8.764857359550557,14.352422
seed0,risky_ps,90,89,target_post_switch,16,repair_all,repair_all,4.38433,0.0,4.31723,0.0671,8.71618483333333,14.431276
seed0,risky_ps,91,90,target_post_switch,32,repair_all,repair_all,3.81556,0.0,3.74986,0.06570000000000001,8.66233181318681,14.163912
seed0,risky_ps,92,91,target_post_switch,33,repair_all,repair_all,4.2799,0.0,4.2142,0.06570000000000001,8.614696684782604,9.530614
seed0,risky_ps,93,92,target_post_switch,34,repair_all,repair_all,6.29603,0.0,6.22023,0.0758,8.589764784946233,5.72396
seed0,risky_ps,94,93,target_post_switch,35,repair_all,repair_all,4.37237,0.0,4.29757,0.0748,8.54489888297872,4.629638
seed0,risky_ps,95,94,target_post_switch,36,repair_all,repair_all,3.2914700000000003,0.0,3.21797,0.0735,8.489599631578944,4.411066
seed0,risky_ps,96,95,target_post_switch,2,repair_all,transfer,23.33242,18.5,4.75592,0.07650000000000001,8.644212343749997,8.314437999999999
seed0,risky_ps,97,96,target_post_switch,9,repair_subset,repair_subset,17.62844,12.0,5.56544,0.063,8.736833247422677,10.984145999999999
seed0,risky_ps,98,97,target_post_switch,10,repair_subset,transfer,26.604609999999997,22.5,4.03221,0.0724,8.919157499999995,15.045862
seed0,risky_ps,99,98,target_post_switch,13,repair_subset,repair_subset,22.3425,17.0,5.2756,0.0669,9.054746818181814,18.639888
seed0,risky_ps,100,99,target_post_switch,16,repair_all,repair_all,4.37005,0.0,4.30435,0.06570000000000001,9.007899849999996,18.855604
seed1,direct_multistage_exp3,1,0,trap_pre_switch,1,repair_all,repair_all,4.2219549999999995,0.0,4.150155,0.0718,4.2219549999999995,4.2219549999999995
seed1,direct_multistage_exp3,2,1,trap_pre_switch,3,repair_all,repair_all,4.962965,0.0,4.889365,0.0736,4.592459999999999,4.592459999999999
seed1,direct_multistage_exp3,3,2,trap_pre_switch,6,repair_all,repair_all,8.627775,0.0,8.552375,0.07540000000000001,5.937564999999999,5.937564999999999
seed1,direct_multistage_exp3,4,3,trap_pre_switch,15,repair_all,repair_all,4.537455,0.0,4.462755,0.0747,5.5875375,5.5875375
seed1,direct_multistage_exp3,5,4,trap_pre_switch,17,repair_all,repair_all,4.54045,0.0,4.46785,0.0726,5.37812,5.37812
seed1,direct_multistage_exp3,6,5,trap_pre_switch,18,repair_all,repair_all,6.4495249999999995,0.0,6.375125,0.07440000000000001,5.5566875,5.823634
seed1,direct_multistage_exp3,7,6,trap_pre_switch,19,repair_all,repair_all,5.460975,0.0,5.383375,0.0776,5.5430142857142854,5.923236
seed1,direct_multistage_exp3,8,7,trap_pre_switch,20,repair_all,repair_all,3.0543500000000003,0.0,2.99385,0.0605,5.23193125,4.808551
seed1,direct_multistage_exp3,9,8,trap_pre_switch,21,repair_all,repair_all,5.057060000000001,0.0,4.98176,0.0753,5.212501111111111,4.912472
seed1,direct_multistage_exp3,10,9,trap_pre_switch,22,repair_all,repair_all,13.126105,0.0,13.054605,0.0715,6.0038615,6.629603
seed1,direct_multistage_exp3,11,10,trap_pre_switch,1,repair_all,repair_all,4.37451,0.0,4.30441,0.0701,5.855738636363636,6.2146
seed1,direct_multistage_exp3,12,11,trap_pre_switch,3,repair_all,repair_all,5.4940500000000005,0.0,5.42025,0.0738,5.825597916666666,6.221215000000001
seed1,direct_multistage_exp3,13,12,trap_pre_switch,6,repair_all,transfer,20.95602,18.0,2.89592,0.0601,6.989476538461537,9.801549
seed1,direct_multistage_exp3,14,13,trap_pre_switch,15,repair_all,repair_all,4.59653,0.0,4.53003,0.0665,6.818551785714285,9.709443
seed1,direct_multistage_exp3,15,14,trap_pre_switch,17,repair_all,repair_all,6.140499999999999,0.0,6.066,0.0745,6.773348333333333,8.312322
seed1,direct_multistage_exp3,16,15,trap_pre_switch,18,repair_all,repair_all,4.810055,0.0,4.735655,0.07440000000000001,6.6506425,8.399431
seed1,direct_multistage_exp3,17,16,trap_pre_switch,19,repair_all,repair_all,4.314695,0.0,4.242795,0.0719,6.513233823529411,8.16356
seed1,direct_multistage_exp3,18,17,trap_pre_switch,20,repair_all,repair_all,5.7076,0.0,5.6344,0.0732,6.468476388888889,5.113875999999999
seed1,direct_multistage_exp3,19,18,trap_pre_switch,21,repair_all,repair_all,4.187875,0.0,4.107375,0.0805,6.348444736842105,5.032145
seed1,direct_multistage_exp3,20,19,trap_pre_switch,22,repair_all,repair_all,3.799695,0.0,3.741695,0.05800000000000001,6.22100725,4.563984
seed1,direct_multistage_exp3,21,20,trap_pre_switch,1,repair_all,repair_all,4.227455,0.0,4.161155,0.06630000000000001,6.126076190476191,4.447464
seed1,direct_multistage_exp3,22,21,trap_pre_switch,3,repair_all,repair_all,4.957565,0.0,4.889365,0.0682,6.072962045454545,4.576038
seed1,direct_multistage_exp3,23,22,trap_pre_switch,6,repair_all,repair_all,9.16793,0.0,9.10123,0.06670000000000001,6.207525869565218,5.268103999999999
seed1,direct_multistage_exp3,24,23,trap_pre_switch,15,repair_all,repair_all,5.271205,0.0,5.195305,0.07590000000000001,6.168512500000001,5.48477
seed1,direct_multistage_exp3,25,24,trap_pre_switch,17,repair_all,repair_all,5.26059,0.0,5.19029,0.07030000000000002,6.132195600000001,5.776949
seed1,direct_multistage_exp3,26,25,target_post_switch,2,repair_all,repair_all,4.14594,0.0,4.06714,0.07880000000000001,6.055801153846155,5.7606459999999995
seed1,direct_multistage_exp3,27,26,target_post_switch,9,repair_subset,repair_subset,27.3624,23.0,4.2863,0.0761,6.844934444444446,10.241613000000001
seed1,direct_multistage_exp3,28,27,target_post_switch,10,repair_subset,transfer,28.765515,23.5,5.199715,0.06580000000000001,7.627812321428572,14.16113
seed1,direct_multistage_exp3,29,28,target_post_switch,13,repair_subset,repair_subset,25.134880000000003,21.0,4.05888,0.07600000000000001,8.231504310344828,18.133865
seed1,direct_multistage_exp3,30,29,target_post_switch,16,repair_all,repair_subset,20.085900000000002,15.0,5.0199,0.066,8.626650833333334,21.098927
seed1,direct_multistage_exp3,31,30,target_post_switch,32,repair_all,repair_all,3.57886,0.0,3.50056,0.07830000000000001,8.463818870967744,20.985511000000002
seed1,direct_multistage_exp3,32,31,target_post_switch,33,repair_all,repair_all,4.06408,0.0,4.00178,0.0623,8.32632703125,16.325847000000003
seed1,direct_multistage_exp3,33,32,target_post_switch,34,repair_all,repair_all,4.484839999999999,0.0,4.41494,0.0699,8.209918333333334,11.469712000000001
seed1,direct_multistage_exp3,34,33,target_post_switch,35,repair_all,repair_subset,14.13127,10.0,4.05657,0.0747,8.384075735294118,9.26899
seed1,direct_multistage_exp3,35,34,target_post_switch,36,repair_all,repair_all,4.02599,0.0,3.94809,0.07790000000000001,8.259559,6.057008
seed1,direct_multistage_exp3,36,35,target_post_switch,2,repair_all,repair_all,4.84857,0.0,4.76917,0.07940000000000001,8.164809305555556,6.31095
seed1,direct_multistage_exp3,37,36,target_post_switch,9,repair_subset,repair_subset,20.05522,14.0,5.98942,0.06580000000000001,8.486171756756757,9.509178
seed1,direct_multistage_exp3,38,37,target_post_switch,10,repair_subset,transfer,29.08839,23.5,5.51819,0.0702,9.028335394736843,14.429888
seed1,direct_multistage_exp3,39,38,target_post_switch,13,repair_subset,repair_subset,21.57652,17.0,4.51072,0.06580000000000001,9.350083717948719,15.918938
seed1,direct_multistage_exp3,40,39,target_post_switch,16,repair_all,repair_all,5.02339,0.0,4.94969,0.0737,9.241916375,16.118418
seed1,direct_multistage_exp3,41,40,target_post_switch,32,repair_all,repair_all,4.78457,0.0,4.72097,0.0636,9.133200609756098,16.105618
seed1,direct_multistage_exp3,42,41,target_post_switch,33,repair_all,repair_all,3.15817,0.0,3.08427,0.07390000000000001,8.990937976190477,12.726208
seed1,direct_multistage_exp3,43,42,target_post_switch,34,repair_all,repair_all,4.092155,0.0,4.025155,0.067,8.877012790697675,7.726961
seed1,direct_multistage_exp3,44,43,target_post_switch,35,repair_all,repair_all,3.94577,0.0,3.87897,0.06680000000000001,8.76493909090909,4.200811
seed1,direct_multistage_exp3,45,44,target_post_switch,36,repair_all,repair_all,4.87316,0.0,4.80686,0.06630000000000001,8.67845511111111,4.170765
seed1,direct_multistage_exp3,46,45,target_post_switch,2,repair_all,repair_subset,13.71336,10.0,3.64476,0.06860000000000001,8.78790956521739,5.956523
seed1,direct_multistage_exp3,47,46,target_post_switch,9,repair_subset,transfer,26.722189999999998,22.5,4.13819,0.084,9.16949,10.669327
seed1,direct_multistage_exp3,48,47,target_post_switch,10,repair_subset,transfer,26.66305,22.5,4.08765,0.07540000000000001,9.533939166666666,15.183506
seed1,direct_multistage_exp3,49,48,target_post_switch,13,repair_subset,repair_subset,12.764455,6.0,6.702855,0.0616,9.59986806122449,16.947243
seed1,direct_multistage_exp3,50,49,target_post_switch,16,repair_all,repair_all,4.38809,0.0,4.31639,0.0717,9.4956325,16.850229
seed1,direct_multistage_exp3,51,50,target_post_switch,32,repair_all,repair_all,4.12203,0.0,4.06103,0.061,9.390267745098038,14.931963
seed1,direct_multistage_exp3,52,51,target_post_switch,33,repair_all,repair_all,3.1601299999999997,0.0,3.09183,0.06830000000000001,9.270457403846153,10.219551
seed1,direct_multistage_exp3,53,52,target_post_switch,34,repair_all,repair_all,3.85146,0.0,3.77926,0.0722,9.16821216981132,5.657233
seed1,direct_multistage_exp3,54,53,target_post_switch,35,repair_all,repair_all,4.87499,0.0,4.80149,0.0735,9.088708055555555,4.07934
seed1,direct_multistage_exp3,55,54,target_post_switch,36,repair_all,repair_all,4.96725,0.0,4.90235,0.0649,9.013772454545453,4.195172
seed1,direct_multistage_exp3,56,55,target_post_switch,2,repair_all,repair_all,5.029975,0.0,4.962275,0.06770000000000001,8.942633214285712,4.376761
seed1,direct_multistage_exp3,57,56,target_post_switch,9,repair_subset,repair_subset,10.274930000000001,6.0,4.19993,0.07500000000000001,8.96600684210526,5.799721
seed1,direct_multistage_exp3,58,57,target_post_switch,10,repair_subset,repair_subset,16.67128,12.0,4.59778,0.0735,9.098856379310343,8.363685
seed1,direct_multistage_exp3,59,58,target_post_switch,13,repair_subset,repair_subset,20.68943,15.0,5.62153,0.0679,9.295306779661015,11.526573
seed1,direct_multistage_exp3,60,59,target_post_switch,16,repair_all,repair_all,4.6767,0.0,4.6132,0.0635,9.218329999999998,11.468463
seed1,direct_multistage_exp3,61,60,target_post_switch,32,repair_all,repair_all,4.274819999999999,0.0,4.20262,0.0722,9.137288852459013,11.317432
seed1,direct_multistage_exp3,62,61,target_post_switch,33,repair_all,repair_all,5.659765,0.0,5.595665,0.0641,9.081199758064512,10.394399
seed1,direct_multistage_exp3,63,62,target_post_switch,34,repair_all,repair_all,5.34137,0.0,5.27397,0.0674,9.021837380952379,8.128417
seed1,direct_multistage_exp3,64,63,target_post_switch,35,repair_all,repair_all,4.356210000000001,0.0,4.28741,0.06880000000000001,8.948936953124997,4.861773
seed1,direct_multistage_exp3,65,64,target_post_switch,36,repair_all,repair_all,4.93694,0.0,4.86134,0.0756,8.88721392307692,4.913821
seed1,direct_multistage_exp3,66,65,target_post_switch,2,repair_all,repair_subset,14.21206,10.0,4.14396,0.06810000000000001,8.967893409090907,6.901269000000001
seed1,direct_multistage_exp3,67,66,target_post_switch,9,repair_subset,repair_subset,17.554155,12.0,5.482355,0.0718,9.096046567164176,9.280147000000001
seed1,direct_multistage_exp3,68,67,target_post_switch,10,repair_subset,transfer,28.22836,23.5,4.65616,0.0722,9.377404117647057,13.857544999999998
seed1,direct_multistage_exp3,69,68,target_post_switch,13,repair_subset,repair_subset,9.846119999999999,6.0,3.77132,0.0748,9.384197101449274,14.955527
seed1,direct_multistage_exp3,70,69,target_post_switch,16,repair_all,repair_all,4.9080699999999995,0.0,4.84237,0.06570000000000001,9.320252428571425,14.949752999999998
seed1,direct_multistage_exp3,71,70,target_post_switch,32,repair_all,repair_all,2.94885,0.0,2.87035,0.07850000000000001,9.23051436619718,12.697111
seed1,direct_multistage_exp3,72,71,target_post_switch,33,repair_all,repair_all,4.56438,0.0,4.50398,0.0604,9.165706944444443,10.099155999999999
seed1,direct_multistage_exp3,73,72,target_post_switch,34,repair_all,repair_all,4.97649,0.0,4.91999,0.05650000000000001,9.108320410958902,5.448782
seed1,direct_multistage_exp3,74,73,target_post_switch,35,repair_all,repair_subset,18.96249,14.0,4.90059,0.061900000000000004,9.241484864864862,7.272055999999999
seed1,direct_multistage_exp3,75,74,target_post_switch,36,repair_all,repair_all,4.4790399999999995,0.0,4.40924,0.0698,9.1779856,7.186249999999999
seed1,direct_multistage_exp3,76,75,target_post_switch,2,repair_all,repair_subset,13.836590000000001,10.0,3.77359,0.063,9.239283026315789,9.363798
seed1,direct_multistage_exp3,77,76,target_post_switch,9,repair_subset,repair_subset,16.75054,12.0,4.67794,0.0726,9.336831818181818,11.80103
seed1,direct_multistage_exp3,78,77,target_post_switch,10,repair_subset,repair_subset,10.84187,6.0,4.76707,0.0748,9.356127179487178,12.974106
seed1,direct_multistage_exp3,79,78,target_post_switch,13,repair_subset,repair_subset,21.59448,17.0,4.52948,0.065,9.511043037974682,13.500504000000001
seed1,direct_multistage_exp3,80,79,target_post_switch,16,repair_all,repair_subset,20.55461,14.0,6.50101,0.05360000000000001,9.649087624999998,16.715618
seed1,direct_multistage_exp3,81,80,target_post_switch,32,repair_all,repair_all,3.15355,0.0,3.07615,0.07740000000000001,9.568895802469134,14.57901
seed1,direct_multistage_exp3,82,81,target_post_switch,33,repair_all,repair_all,5.644145,0.0,5.582845,0.0613,9.521032987804876,12.357731
seed1,direct_multistage_exp3,83,82,target_post_switch,34,repair_all,repair_all,4.59777,0.0,4.53057,0.06720000000000001,9.461716566265059,11.108911
seed1,direct_multistage_exp3,84,83,target_post_switch,35,repair_all,repair_subset,14.27,10.0,4.2048,0.06520000000000001,9.518958035714283,9.644015
seed1,direct_multistage_exp3,85,84,target_post_switch,36,repair_all,repair_all,3.30891,0.0,3.23141,0.07750000000000001,9.44589864705882,6.194875
seed1,direct_multistage_exp3,86,85,target_post_switch,2,repair_all,transfer,23.98453,18.5,5.41283,0.0717,9.614952499999998,10.361070999999999
seed1,direct_multistage_exp3,87,86,target_post_switch,9,repair_subset,repair_subset,11.017610000000001,6.0,4.94381,0.0738,9.631074999999997,11.435764
seed1,direct_multistage_exp3,88,87,target_post_switch,10,repair_subset,repair_subset,10.702735,6.0,4.627935,0.0748,9.643252954545451,12.656757
seed1,direct_multistage_exp3,89,88,target_post_switch,13,repair_subset,repair_subset,10.93158,6.0,4.85548,0.0761,9.65772853932584,11.989073000000001
seed1,direct_multistage_exp3,90,89,target_post_switch,16,repair_all,repair_all,4.27815,0.0,4.20385,0.0743,9.597955444444441,12.182921
seed1,direct_multistage_exp3,91,90,target_post_switch,32,repair_all,repair_all,2.94605,0.0,2.87175,0.0743,9.52485758241758,7.975225
seed1,direct_multistage_exp3,92,91,target_post_switch,33,repair_all,repair_all,2.97216,0.0,2.89716,0.07500000000000001,9.45363260869565,6.366135
seed1,direct_multistage_exp3,93,92,target_post_switch,34,repair_all,repair_all,3.12332,0.0,3.05782,0.0655,9.385564731182793,4.850252
seed1,direct_multistage_exp3,94,93,target_post_switch,35,repair_all,repair_subset,14.92963,10.0,4.85553,0.0741,9.444544148936167,5.649862000000001
seed1,direct_multistage_exp3,95,94,target_post_switch,36,repair_all,repair_all,4.19744,0.0,4.12314,0.0743,9.389311473684208,5.63372
seed1,direct_multistage_exp3,96,95,target_post_switch,2,repair_all,repair_subset,15.1497,10.0,5.0747,0.07500000000000001,9.449315520833332,8.07445
seed1,direct_multistage_exp3,97,96,target_post_switch,9,repair_subset,repair_subset,12.226365000000001,6.0,6.150165,0.0762,9.477944896907214,9.925291
seed1,direct_multistage_exp3,98,97,target_post_switch,10,repair_subset,transfer,28.749205000000003,23.5,5.182705,0.0665,9.674590408163263,15.050468
seed1,direct_multistage_exp3,99,98,target_post_switch,13,repair_subset,repair_subset,22.133475,17.0,5.060675,0.0728,9.800437727272724,16.491237
seed1,direct_multistage_exp3,100,99,target_post_switch,16,repair_all,repair_subset,19.53906,15.0,4.46956,0.0695,9.897823949999998,19.559561000000002
seed1,epsilon_exp3,1,0,trap_pre_switch,1,repair_all,repair_all,3.8247899999999997,0.0,3.75479,0.06999999999999999,3.8247899999999997,3.8247899999999997
seed1,epsilon_exp3,2,1,trap_pre_switch,3,repair_all,repair_all,5.4925500000000005,0.0,5.41875,0.0738,4.65867,4.65867
seed1,epsilon_exp3,3,2,trap_pre_switch,6,repair_all,repair_all,9.175054999999999,0.0,9.105355,0.0697,6.164131666666666,6.164131666666666
seed1,epsilon_exp3,4,3,trap_pre_switch,15,repair_all,repair_all,5.254155,0.0,5.180055,0.0741,5.9366375,5.9366375
seed1,epsilon_exp3,5,4,trap_pre_switch,17,repair_all,repair_all,5.42076,0.0,5.34756,0.0732,5.833462,5.833461999999999
seed1,epsilon_exp3,6,5,trap_pre_switch,18,repair_all,repair_all,5.303045,0.0,5.236245,0.06680000000000001,5.745059166666667,6.129112999999999
seed1,epsilon_exp3,7,6,trap_pre_switch,19,repair_all,repair_all,3.9402,0.0,3.877,0.0632,5.487222142857142,5.818643
seed1,epsilon_exp3,8,7,trap_pre_switch,20,repair_all,repair_all,4.44473,0.0,4.37983,0.0649,5.356910624999999,4.872578
seed1,epsilon_exp3,9,8,trap_pre_switch,21,repair_all,repair_all,5.453,0.0,5.378,0.07500000000000001,5.367587222222222,4.912347
seed1,epsilon_exp3,10,9,trap_pre_switch,22,repair_all,repair_all,3.8258750000000004,0.0,3.761175,0.06470000000000001,5.2134160000000005,4.59337
seed1,epsilon_exp3,11,10,trap_pre_switch,1,repair_all,repair_all,3.8136900000000002,0.0,3.74779,0.0659,5.086168181818182,4.295499
seed1,epsilon_exp3,12,11,trap_pre_switch,3,repair_all,repair_all,5.5078499999999995,0.0,5.43225,0.0756,5.121308333333333,4.6090290000000005
seed1,epsilon_exp3,13,12,trap_pre_switch,6,repair_all,repair_all,7.760680000000001,0.0,7.68998,0.07070000000000001,5.324336923076923,5.272219000000001
seed1,epsilon_exp3,14,13,trap_pre_switch,15,repair_all,repair_all,4.513855,0.0,4.445755,0.06810000000000001,5.2664453571428576,5.084390000000001
seed1,epsilon_exp3,15,14,trap_pre_switch,17,repair_all,repair_all,6.1667,0.0,6.093,0.0737,5.3264623333333345,5.552555
seed1,epsilon_exp3,16,15,trap_pre_switch,18,repair_all,repair_all,3.4736,0.0,3.3998,0.0738,5.210658437500001,5.484537
seed1,epsilon_exp3,17,16,trap_pre_switch,19,repair_all,repair_all,4.225505,0.0,4.159005,0.0665,5.152708235294119,5.228068
seed1,epsilon_exp3,18,17,trap_pre_switch,20,repair_all,repair_all,4.7313,0.0,4.6519,0.07940000000000001,5.129296666666668,4.622192
seed1,epsilon_exp3,19,18,trap_pre_switch,21,repair_all,repair_all,4.180575,0.0,4.115375,0.06520000000000001,5.079363947368423,4.555536
seed1,epsilon_exp3,20,19,trap_pre_switch,22,repair_all,repair_all,4.655905,0.0,4.590805,0.0651,5.058191000000002,4.2533769999999995
seed1,epsilon_exp3,21,20,trap_pre_switch,1,repair_all,repair_all,4.203355,0.0,4.124155,0.0792,5.017484523809525,4.399328
seed1,epsilon_exp3,22,21,trap_pre_switch,3,repair_all,repair_all,3.82007,0.0,3.74987,0.0702,4.963056590909092,4.3182409999999996
seed1,epsilon_exp3,23,22,trap_pre_switch,6,repair_all,repair_all,9.734625000000001,0.0,9.658625,0.07600000000000001,5.170516086956524,5.318906
seed1,epsilon_exp3,24,23,trap_pre_switch,15,repair_all,repair_all,4.66223,0.0,4.59633,0.0659,5.1493375000000015,5.415237
seed1,epsilon_exp3,25,24,trap_pre_switch,17,repair_all,repair_all,4.109089999999999,0.0,4.04759,0.0615,5.107727600000001,5.305874
seed1,epsilon_exp3,26,25,target_post_switch,2,repair_all,transfer,22.65695,18.5,4.08635,0.0706,5.782697692307694,8.996593
seed1,epsilon_exp3,27,26,target_post_switch,9,repair_subset,repair_subset,10.252130000000001,6.0,4.17893,0.0732,5.948232222222224,10.283005
seed1,epsilon_exp3,28,27,target_post_switch,10,repair_subset,transfer,26.655949999999997,22.5,4.08065,0.0753,6.687793571428572,13.667269999999998
seed1,epsilon_exp3,29,28,target_post_switch,13,repair_subset,repair_subset,9.85012,6.0,3.77132,0.07880000000000001,6.796839310344828,14.704847999999998
seed1,epsilon_exp3,30,29,target_post_switch,16,repair_all,repair_subset,20.442685,14.0,6.383985,0.0587,7.251700833333334,17.971567
seed1,epsilon_exp3,31,30,target_post_switch,32,repair_all,repair_all,5.364199999999999,0.0,5.3038,0.0604,7.190813709677421,14.513017
seed1,epsilon_exp3,32,31,target_post_switch,33,repair_all,repair_all,6.2302550000000005,0.0,6.174755,0.05550000000000001,7.1607962500000015,13.708642000000001
seed1,epsilon_exp3,33,32,target_post_switch,34,repair_all,repair_all,3.54792,0.0,3.46962,0.07830000000000001,7.051315151515153,9.087036000000001
seed1,epsilon_exp3,34,33,target_post_switch,35,repair_all,repair_all,3.7416500000000004,0.0,3.67905,0.0626,6.953972058823531,7.865342
seed1,epsilon_exp3,35,34,target_post_switch,36,repair_all,repair_all,4.371379999999999,0.0,4.30228,0.06910000000000001,6.880183714285716,4.651081
seed1,epsilon_exp3,36,35,target_post_switch,2,repair_all,repair_subset,14.00693,10.0,3.93393,0.073,7.07814888888889,6.379627
seed1,epsilon_exp3,37,36,target_post_switch,9,repair_subset,repair_all,15.765530000000002,10.0,5.69113,0.07440000000000001,7.312942972972975,8.286682
seed1,epsilon_exp3,38,37,target_post_switch,10,repair_subset,transfer,27.421010000000003,22.5,4.84341,0.0776,7.84210263157895,13.0613
seed1,epsilon_exp3,39,38,target_post_switch,13,repair_subset,repair_subset,22.94191,17.0,5.87011,0.0718,8.229277179487182,16.901352
seed1,epsilon_exp3,40,39,target_post_switch,16,repair_all,transfer,27.78427,22.5,5.21617,0.06810000000000001,8.718152000000002,21.583930000000002
seed1,epsilon_exp3,41,40,target_post_switch,32,repair_all,repair_all,3.931715,0.0,3.871715,0.06,8.601409634146343,19.568887
seed1,epsilon_exp3,42,41,target_post_switch,33,repair_all,repair_all,5.201205,0.0,5.141805,0.0594,8.520452380952383,17.456022
seed1,epsilon_exp3,43,42,target_post_switch,34,repair_all,repair_all,3.17089,0.0,3.09659,0.0743,8.396043953488373,12.605998
seed1,epsilon_exp3,44,43,target_post_switch,35,repair_all,repair_subset,16.131675,12.0,4.059875,0.0718,8.571853750000002,11.243951
seed1,epsilon_exp3,45,44,target_post_switch,36,repair_all,repair_all,4.72812,0.0,4.66012,0.06799999999999999,8.486437444444446,6.632721000000001
seed1,epsilon_exp3,46,45,target_post_switch,2,repair_all,repair_subset,14.94979,10.0,4.87649,0.0733,8.626945108695654,8.836336
seed1,epsilon_exp3,47,46,target_post_switch,9,repair_subset,repair_subset,16.82276,12.0,4.75536,0.0674,8.801324148936173,11.160647
seed1,epsilon_exp3,48,47,target_post_switch,10,repair_subset,repair_subset,16.01987,12.0,3.94247,0.07740000000000001,8.951710520833336,13.730443
seed1,epsilon_exp3,49,48,target_post_switch,13,repair_subset,repair_subset,9.8238,6.0,3.7562,0.06760000000000001,8.969508265306125,12.468868
seed1,epsilon_exp3,50,49,target_post_switch,16,repair_all,repair_subset,25.119375,21.0,4.058775,0.0606,9.292505600000004,16.547119000000002
seed1,epsilon_exp3,51,50,target_post_switch,32,repair_all,repair_all,4.1481699999999995,0.0,4.07367,0.0745,9.191636274509806,14.386795000000001
seed1,epsilon_exp3,52,51,target_post_switch,33,repair_all,repair_all,3.15071,0.0,3.07531,0.07540000000000001,9.075464615384618,11.652385
seed1,epsilon_exp3,53,52,target_post_switch,34,repair_all,repair_all,4.23834,0.0,4.16524,0.0731,8.98419811320755,9.296079
seed1,epsilon_exp3,54,53,target_post_switch,35,repair_all,repair_all,3.9887,0.0,3.9137,0.07500000000000001,8.891688888888892,8.129059000000002
seed1,epsilon_exp3,55,54,target_post_switch,36,repair_all,repair_all,4.360964999999999,0.0,4.294865,0.0661,8.809312090909094,3.9773769999999997
seed1,epsilon_exp3,56,55,target_post_switch,2,repair_all,repair_all,3.66391,0.0,3.58911,0.0748,8.717429910714289,3.880525
seed1,epsilon_exp3,57,56,target_post_switch,9,repair_subset,repair_subset,16.954275,12.0,4.886575,0.06770000000000001,8.861935964912282,6.6412379999999995
seed1,epsilon_exp3,58,57,target_post_switch,10,repair_subset,transfer,27.158915,22.5,4.587615,0.0713,9.177401120689657,11.225353
seed1,epsilon_exp3,59,58,target_post_switch,13,repair_subset,repair_subset,9.81034,6.0,3.73604,0.0743,9.188128898305086,12.389681
seed1,epsilon_exp3,60,59,target_post_switch,16,repair_all,repair_all,4.85103,0.0,4.77673,0.0743,9.11584391666667,12.487694000000001
seed1,epsilon_exp3,61,60,target_post_switch,32,repair_all,repair_all,3.6041399999999997,0.0,3.53584,0.06830000000000001,9.0254881147541,12.47574
seed1,epsilon_exp3,62,61,target_post_switch,33,repair_all,repair_all,3.5582000000000003,0.0,3.4836,0.0746,8.9373060483871,9.796524999999999
seed1,epsilon_exp3,63,62,target_post_switch,34,repair_all,repair_all,6.87828,0.0,6.81038,0.0679,8.9046230952381,5.740398
seed1,epsilon_exp3,64,63,target_post_switch,35,repair_all,transfer,21.90498,18.0,3.82998,0.07500000000000001,9.107753671875004,8.159326
seed1,epsilon_exp3,65,64,target_post_switch,36,repair_all,repair_all,4.110379999999999,0.0,4.04428,0.0661,9.030871000000003,8.011196
seed1,epsilon_exp3,66,65,target_post_switch,2,repair_all,repair_all,6.20926,0.0,6.14436,0.0649,8.988119318181822,8.532219999999999
seed1,epsilon_exp3,67,66,target_post_switch,9,repair_subset,transfer,28.089595,23.5,4.528695,0.0609,9.273215970149257,13.438498999999998
seed1,epsilon_exp3,68,67,target_post_switch,10,repair_subset,transfer,27.41055,22.5,4.83445,0.0761,9.53994147058824,17.544953
seed1,epsilon_exp3,69,68,target_post_switch,13,repair_subset,repair_subset,10.26689,6.0,4.19209,0.0748,9.550476956521743,15.217335
seed1,epsilon_exp3,70,69,target_post_switch,16,repair_all,repair_all,5.318495,0.0,5.252295,0.06620000000000001,9.490020071428575,15.458958
seed1,epsilon_exp3,71,70,target_post_switch,32,repair_all,repair_all,2.9948900000000003,0.0,2.91949,0.07540000000000001,9.398539366197188,14.816084
seed1,epsilon_exp3,72,71,target_post_switch,33,repair_all,repair_all,3.925615,0.0,3.864615,0.061,9.322526527777782,9.983288
seed1,epsilon_exp3,73,72,target_post_switch,34,repair_all,repair_all,3.62153,0.0,3.55923,0.0623,9.244430684931512,5.225484
seed1,epsilon_exp3,74,73,target_post_switch,35,repair_all,repair_all,3.80269,0.0,3.72799,0.0747,9.170893648648653,3.9326440000000007
seed1,epsilon_exp3,75,74,target_post_switch,36,repair_all,repair_all,3.8021700000000003,0.0,3.72337,0.07880000000000001,9.099310666666671,3.629379
seed1,epsilon_exp3,76,75,target_post_switch,2,repair_all,repair_subset,14.0137,10.0,3.9389,0.0748,9.16397368421053,5.8331409999999995
seed1,epsilon_exp3,77,76,target_post_switch,9,repair_subset,repair_subset,16.09758,12.0,4.02618,0.0714,9.254020519480523,8.267534000000001
seed1,epsilon_exp3,78,77,target_post_switch,10,repair_subset,transfer,28.221420000000002,23.5,4.64972,0.0717,9.49719230769231,13.187512000000002
seed1,epsilon_exp3,79,78,target_post_switch,13,repair_subset,repair_subset,20.100254999999997,14.0,6.041255,0.059,9.631408291139243,16.447025
seed1,epsilon_exp3,80,79,target_post_switch,16,repair_all,repair_all,3.6571800000000003,0.0,3.56958,0.08760000000000001,9.556730437500004,16.418027000000002
seed1,epsilon_exp3,81,80,target_post_switch,32,repair_all,repair_all,5.548295,0.0,5.491695,0.05660000000000001,9.507243580246918,14.724946
seed1,epsilon_exp3,82,81,target_post_switch,33,repair_all,repair_all,3.15071,0.0,3.07531,0.07540000000000001,9.429724878048784,12.135572
seed1,epsilon_exp3,83,82,target_post_switch,34,repair_all,repair_all,3.5593000000000004,0.0,3.4839,0.07540000000000001,9.358996867469884,7.2031480000000006
seed1,epsilon_exp3,84,83,target_post_switch,35,repair_all,repair_all,3.74349,0.0,3.67149,0.072,9.292145595238098,3.931795
seed1,epsilon_exp3,85,84,target_post_switch,36,repair_all,repair_all,4.628105,0.0,4.560505,0.06760000000000001,9.237274529411769,4.12598
seed1,epsilon_exp3,86,85,target_post_switch,2,repair_all,repair_subset,13.71414,10.0,3.63944,0.0747,9.289331104651167,5.759149
seed1,epsilon_exp3,87,86,target_post_switch,9,repair_subset,repair_subset,10.25723,6.0,4.18243,0.0748,9.300456379310349,7.180453
seed1,epsilon_exp3,88,87,target_post_switch,10,repair_subset,repair_subset,17.208280000000002,12.0,5.14428,0.064,9.39031801136364,9.910249
seed1,epsilon_exp3,89,88,target_post_switch,13,repair_subset,repair_subset,12.15083,6.0,6.07463,0.0762,9.421335000000004,11.591717
seed1,epsilon_exp3,90,89,target_post_switch,16,repair_all,transfer,27.051450000000003,22.5,4.47705,0.07440000000000001,9.617225166666671,16.076386000000003
seed1,epsilon_exp3,91,90,target_post_switch,32,repair_all,repair_all,3.16023,0.0,3.08553,0.0747,9.54626917582418,13.965604000000003
seed1,epsilon_exp3,92,91,target_post_switch,33,repair_all,repair_all,3.57326,0.0,3.50306,0.07020000000000001,9.481345163043482,12.628810000000001
seed1,epsilon_exp3,93,92,target_post_switch,34,repair_all,repair_all,3.86728,0.0,3.79718,0.07010000000000001,9.420978870967746,9.960609999999999
seed1,epsilon_exp3,94,93,target_post_switch,35,repair_all,repair_all,3.7499800000000003,0.0,3.67458,0.07540000000000001,9.360649095744686,8.28044
seed1,epsilon_exp3,95,94,target_post_switch,36,repair_all,repair_all,4.1788,0.0,4.1041,0.0747,9.306103315789478,3.7059100000000003
seed1,epsilon_exp3,96,95,target_post_switch,2,repair_all,repair_subset,13.72117,10.0,3.64287,0.07830000000000001,9.352093593750006,5.818098000000001
seed1,epsilon_exp3,97,96,target_post_switch,9,repair_subset,repair_subset,21.29329,15.0,6.21859,0.0747,9.47519871134021,9.362103999999999
seed1,epsilon_exp3,98,97,target_post_switch,10,repair_subset,transfer,28.016145,23.5,4.445145,0.071,9.664392040816333,14.191877
seed1,epsilon_exp3,99,98,target_post_switch,13,repair_subset,repair_subset,9.84672,6.0,3.77132,0.07540000000000001,9.666233737373743,15.411224999999998
seed1,epsilon_exp3,100,99,target_post_switch,16,repair_all,repair_all,4.27731,0.0,4.20301,0.0743,9.612344500000006,15.430927
seed1,risky_ps,1,0,trap_pre_switch,1,repair_all,repair_all,3.81779,0.0,3.74779,0.06999999999999999,3.81779,3.81779
seed1,risky_ps,2,1,trap_pre_switch,3,repair_all,repair_all,5.50665,0.0,5.43225,0.07440000000000001,4.66222,4.66222
seed1,risky_ps,3,2,trap_pre_switch,6,repair_all,repair_all,7.76563,0.0,7.68823,0.07740000000000001,5.696689999999999,5.69669
seed1,risky_ps,4,3,trap_pre_switch,15,repair_all,repair_all,4.521355,0.0,4.444255,0.0771,5.402856249999999,5.40285625
seed1,risky_ps,5,4,trap_pre_switch,17,repair_all,repair_all,3.398965,0.0,3.335065,0.0639,5.002077999999999,5.002078
seed1,risky_ps,6,5,trap_pre_switch,18,repair_all,repair_all,3.13489,0.0,3.07939,0.05550000000000001,4.690879999999999,4.865498
seed1,risky_ps,7,6,trap_pre_switch,19,repair_all,repair_all,4.187645000000001,0.0,4.121845,0.06580000000000001,4.618989285714285,4.601697
seed1,risky_ps,8,7,trap_pre_switch,20,repair_all,repair_all,3.94881,0.0,3.88561,0.0632,4.535216875,3.838333
seed1,risky_ps,9,8,trap_pre_switch,21,repair_all,repair_all,3.8190950000000004,0.0,3.754195,0.0649,4.455647777777777,3.697881
seed1,risky_ps,10,9,trap_pre_switch,22,repair_all,repair_all,3.764295,0.0,3.703695,0.0606,4.386512499999999,3.7709470000000005
seed1,risky_ps,11,10,trap_pre_switch,1,repair_all,repair_all,4.460785,0.0,4.382485,0.07830000000000001,4.393264545454545,4.036126
seed1,risky_ps,12,11,trap_pre_switch,3,repair_all,repair_all,3.81557,0.0,3.74987,0.06570000000000001,4.345123333333333,3.9617109999999998
seed1,risky_ps,13,12,trap_pre_switch,6,repair_all,repair_all,8.35895,0.0,8.28545,0.0735,4.65387923076923,4.843739
seed1,risky_ps,14,13,trap_pre_switch,15,repair_all,repair_all,5.0727,0.0,4.9992,0.0735,4.683794999999999,5.09446
seed1,risky_ps,15,14,trap_pre_switch,17,repair_all,repair_all,5.104385,0.0,5.029685,0.0747,4.711834333333332,5.362478
seed1,risky_ps,16,15,trap_pre_switch,18,repair_all,repair_all,6.4544250000000005,0.0,6.380625,0.0738,4.820746249999999,5.761206
seed1,risky_ps,17,16,trap_pre_switch,19,repair_all,repair_all,4.749295,0.0,4.670495,0.07880000000000001,4.816543235294117,5.947951000000001
seed1,risky_ps,18,17,trap_pre_switch,20,repair_all,repair_all,4.92778,0.0,4.86038,0.0674,4.822723055555555,5.261717
seed1,risky_ps,19,18,trap_pre_switch,21,repair_all,repair_all,2.86295,0.0,2.80525,0.0577,4.719577105263157,4.819767000000001
seed1,risky_ps,20,19,trap_pre_switch,22,repair_all,repair_all,4.110765,0.0,4.049065,0.061700000000000005,4.689136499999999,4.621043
seed1,risky_ps,21,20,trap_pre_switch,1,repair_all,repair_all,4.800825,0.0,4.724525,0.0763,4.694455,4.290323
seed1,risky_ps,22,21,trap_pre_switch,3,repair_all,repair_all,3.59797,0.0,3.53707,0.0609,4.644614772727272,4.060058
seed1,risky_ps,23,22,trap_pre_switch,6,repair_all,repair_all,4.407455,0.0,4.333855,0.0736,4.634303478260869,3.9559930000000003
seed1,risky_ps,24,23,trap_pre_switch,15,repair_all,repair_all,5.7982,0.0,5.7245,0.0737,4.682799166666666,4.543043
seed1,risky_ps,25,24,trap_pre_switch,17,repair_all,repair_all,5.26399,0.0,5.19179,0.0722,4.706046799999999,4.773688
seed1,risky_ps,26,25,target_post_switch,2,repair_all,repair_subset,17.136605,12.0,5.067005,0.0696,5.1841451923076916,7.240844
seed1,risky_ps,27,26,target_post_switch,9,repair_subset,repair_subset,16.8424,12.0,4.7723,0.07010000000000001,5.615932407407406,9.88973
seed1,risky_ps,28,27,target_post_switch,10,repair_subset,repair_subset,10.202020000000001,6.0,4.12902,0.073,5.77972125,11.048643
seed1,risky_ps,29,28,target_post_switch,13,repair_subset,repair_subset,19.608275,15.0,4.533775,0.0745,6.256567931034482,13.810658
seed1,risky_ps,30,29,target_post_switch,16,repair_all,repair_all,4.704025000000001,0.0,4.623025,0.08100000000000002,6.204816499999999,13.698665
seed1,risky_ps,31,30,target_post_switch,32,repair_all,repair_all,3.61414,0.0,3.53584,0.07830000000000001,6.1212462903225795,10.994172
seed1,risky_ps,32,31,target_post_switch,33,repair_all,repair_all,3.56364,0.0,3.49004,0.0736,6.041321093749999,8.338420000000001
seed1,risky_ps,33,32,target_post_switch,34,repair_all,repair_all,3.8637200000000003,0.0,3.79802,0.06570000000000001,5.975333181818181,7.07076
seed1,risky_ps,34,33,target_post_switch,35,repair_all,repair_all,4.74798,0.0,4.67298,0.07500000000000001,5.939234558823529,4.098701
seed1,risky_ps,35,34,target_post_switch,36,repair_all,repair_all,3.74192,0.0,3.66992,0.072,5.876454142857142,3.90628
seed1,risky_ps,36,35,target_post_switch,2,repair_all,repair_subset,15.0397,10.0,4.9641,0.0756,6.130988749999999,6.191392
seed1,risky_ps,37,36,target_post_switch,9,repair_subset,transfer,27.308505,22.5,4.738805,0.0697,6.703354054054054,10.940365
seed1,risky_ps,38,37,target_post_switch,10,repair_subset,transfer,28.660429999999998,23.5,5.09633,0.0641,7.281171842105263,15.899707000000001
seed1,risky_ps,39,38,target_post_switch,13,repair_subset,repair_subset,23.780269999999998,19.0,4.70667,0.0736,7.70422564102564,19.706165
seed1,risky_ps,40,39,target_post_switch,16,repair_all,repair_subset,19.49655,15.0,4.42155,0.07500000000000001,7.99903375,22.857091
seed1,risky_ps,41,40,target_post_switch,32,repair_all,repair_all,4.12545,0.0,4.06075,0.06470000000000001,7.904556097560975,20.674241
seed1,risky_ps,42,41,target_post_switch,33,repair_all,repair_all,3.66803,0.0,3.60303,0.065,7.803686428571428,15.946145999999999
seed1,risky_ps,43,42,target_post_switch,34,repair_all,repair_all,3.18489,0.0,3.11059,0.0743,7.696272558139534,10.851037999999999
seed1,risky_ps,44,43,target_post_switch,35,repair_all,repair_all,3.64654,0.0,3.57804,0.0685,7.604233181818182,6.824292
seed1,risky_ps,45,44,target_post_switch,36,repair_all,repair_all,3.6239199999999996,0.0,3.54952,0.07440000000000001,7.515781777777777,3.6497659999999996
seed1,risky_ps,46,45,target_post_switch,2,repair_all,repair_subset,19.90844,14.0,5.85044,0.05800000000000001,7.785187391304347,6.806363999999999
seed1,risky_ps,47,46,target_post_switch,9,repair_subset,repair_subset,18.1724,12.0,6.107,0.0654,8.006191914893616,9.707238
seed1,risky_ps,48,47,target_post_switch,10,repair_subset,transfer,27.40839,22.5,4.83389,0.0745,8.410404374999999,14.551937999999998
seed1,risky_ps,49,48,target_post_switch,13,repair_subset,repair_subset,20.770094999999998,15.0,5.708095,0.062,8.662642959183671,17.976649000000002
seed1,risky_ps,50,49,target_post_switch,16,repair_all,repair_subset,19.73834,14.0,5.67144,0.0669,8.884156899999999,21.199533
seed1,risky_ps,51,50,target_post_switch,32,repair_all,repair_all,4.463875000000001,0.0,4.403775,0.0601,8.79748470588235,18.11062
seed1,risky_ps,52,51,target_post_switch,33,repair_all,repair_all,3.15353,0.0,3.07923,0.0743,8.688947115384613,15.106845999999999
seed1,risky_ps,53,52,target_post_switch,34,repair_all,repair_all,3.53864,0.0,3.46794,0.0707,8.59177150943396,10.332896
seed1,risky_ps,54,53,target_post_switch,35,repair_all,repair_subset,18.51849,14.0,4.45359,0.0649,8.775599629629626,9.882575
seed1,risky_ps,55,54,target_post_switch,36,repair_all,repair_all,3.69566,0.0,3.62026,0.07540000000000001,8.683237090909088,6.6740390000000005
seed1,risky_ps,56,55,target_post_switch,2,repair_all,repair_subset,13.84921,10.0,3.77471,0.0745,8.775486607142854,8.551106
seed1,risky_ps,57,56,target_post_switch,9,repair_subset,repair_subset,11.09548,6.0,5.03028,0.06520000000000001,8.816188245614033,10.139496
seed1,risky_ps,58,57,target_post_switch,10,repair_subset,transfer,26.669510000000002,22.5,4.09521,0.0743,9.124004137931031,14.76567
seed1,risky_ps,59,58,target_post_switch,13,repair_subset,repair_subset,10.377265,6.0,4.302465,0.0748,9.145245847457623,13.137425000000002
seed1,risky_ps,60,59,target_post_switch,16,repair_all,repair_subset,25.07823,21.0,4.02223,0.05600000000000001,9.41079558333333,17.413939
seed1,risky_ps,61,60,target_post_switch,32,repair_all,repair_all,4.3570199999999994,0.0,4.28452,0.0725,9.327946803278685,15.515501
seed1,risky_ps,62,61,target_post_switch,33,repair_all,repair_all,3.57565,0.0,3.50805,0.06760000000000001,9.235167822580642,14.011535
seed1,risky_ps,63,62,target_post_switch,34,repair_all,repair_all,4.736295,0.0,4.672695,0.0636,9.16375714285714,9.624892
seed1,risky_ps,64,63,target_post_switch,35,repair_all,repair_all,5.61638,0.0,5.55978,0.05660000000000001,9.108329374999999,8.672715
seed1,risky_ps,65,64,target_post_switch,36,repair_all,repair_all,3.4907,0.0,3.423,0.06770000000000001,9.021904307692305,4.355209
seed1,risky_ps,66,65,target_post_switch,2,repair_all,repair_subset,13.71302,10.0,3.63832,0.0747,9.092981818181816,6.226409
seed1,risky_ps,67,66,target_post_switch,9,repair_subset,repair_subset,20.78316,14.0,6.72066,0.0625,9.267462089552236,9.667911
seed1,risky_ps,68,67,target_post_switch,10,repair_subset,transfer,27.188164999999998,22.5,4.622265,0.0659,9.531001838235293,14.158285000000001
seed1,risky_ps,69,68,target_post_switch,13,repair_subset,transfer,29.32982,25.5,3.75102,0.07880000000000001,9.817941231884056,18.900973
seed1,risky_ps,70,69,target_post_switch,16,repair_all,repair_all,5.02271,0.0,4.94661,0.0761,9.749437928571426,19.207375
seed1,risky_ps,71,70,target_post_switch,32,repair_all,repair_all,4.26478,0.0,4.18918,0.0756,9.67218922535211,17.317726999999998
seed1,risky_ps,72,71,target_post_switch,33,repair_all,repair_all,3.06909,0.0,3.00319,0.0659,9.580479513888886,13.774913000000002
seed1,risky_ps,73,72,target_post_switch,34,repair_all,repair_all,3.12014,0.0,3.05754,0.0626,9.491981712328764,8.961307999999999
seed1,risky_ps,74,73,target_post_switch,35,repair_all,repair_all,3.61606,0.0,3.54746,0.06860000000000001,9.41257736486486,3.818556
seed1,risky_ps,75,74,target_post_switch,36,repair_all,repair_all,3.79937,0.0,3.72337,0.07600000000000001,9.337734599999996,3.573888
seed1,risky_ps,76,75,target_post_switch,2,repair_all,repair_subset,14.707550000000001,10.0,4.63905,0.0685,9.408390065789469,5.662442
seed1,risky_ps,77,76,target_post_switch,9,repair_subset,transfer,27.44529,22.5,4.86919,0.0761,9.642635519480516,10.537682
seed1,risky_ps,78,77,target_post_switch,10,repair_subset,transfer,28.23486,23.5,4.65896,0.07590000000000001,9.880997371794868,15.560626
seed1,risky_ps,79,78,target_post_switch,13,repair_subset,repair_subset,21.8277,18.0,3.7527,0.07500000000000001,10.032221455696199,19.202954
seed1,risky_ps,80,79,target_post_switch,16,repair_all,transfer,26.530009999999997,22.5,3.95171,0.07830000000000001,10.238443812499996,23.749081999999998
seed1,risky_ps,81,80,target_post_switch,32,repair_all,repair_all,3.5413200000000002,0.0,3.47502,0.06630000000000001,10.155763271604934,21.515836
seed1,risky_ps,82,81,target_post_switch,33,repair_all,repair_all,3.6969999999999996,0.0,3.6209,0.0761,10.076997865853656,16.766178
seed1,risky_ps,83,82,target_post_switch,34,repair_all,repair_all,10.74436,0.0,10.66906,0.0753,10.085038373493973,13.268078
seed1,risky_ps,84,83,target_post_switch,35,repair_all,repair_all,3.53164,0.0,3.46304,0.06860000000000001,10.007021726190473,9.608865999999999
seed1,risky_ps,85,84,target_post_switch,36,repair_all,repair_all,4.522609999999999,0.0,4.44701,0.0756,9.942499235294115,5.207386
seed1,risky_ps,86,85,target_post_switch,2,repair_all,repair_subset,16.686565,12.0,4.609765,0.07680000000000001,10.02091860465116,7.836435
seed1,risky_ps,87,86,target_post_switch,9,repair_subset,repair_subset,17.368985,12.0,5.305385,0.0636,10.105379137931031,10.570832
seed1,risky_ps,88,87,target_post_switch,10,repair_subset,transfer,27.92928,23.5,4.36178,0.0675,10.307923465909086,14.007816
seed1,risky_ps,89,88,target_post_switch,13,repair_subset,transfer,29.455489999999998,24.5,4.88179,0.0737,10.523064662921344,19.192586
seed1,risky_ps,90,89,target_post_switch,16,repair_all,repair_subset,21.24413,15.0,6.18543,0.0587,10.642187611111108,22.53689
seed1,risky_ps,91,90,target_post_switch,32,repair_all,repair_all,4.392335,0.0,4.326335,0.066,10.573507912087909,20.078044
seed1,risky_ps,92,91,target_post_switch,33,repair_all,repair_all,3.10285,0.0,3.03735,0.0655,10.49230510869565,17.224816999999998
seed1,risky_ps,93,92,target_post_switch,34,repair_all,repair_all,3.11908,0.0,3.05558,0.0635,10.413023118279568,12.262777
seed1,risky_ps,94,93,target_post_switch,35,repair_all,repair_all,4.939204999999999,0.0,4.873205,0.066,10.354791010638296,7.359519999999999
seed1,risky_ps,95,94,target_post_switch,36,repair_all,repair_all,3.80007,0.0,3.72477,0.0753,10.285793947368418,3.8707079999999996
seed1,risky_ps,96,95,target_post_switch,2,repair_all,repair_subset,13.83024,10.0,3.76134,0.0689,10.322715260416665,5.7582889999999995
seed1,risky_ps,97,96,target_post_switch,9,repair_subset,repair_subset,16.83448,12.0,4.77048,0.064,10.3898468556701,8.504615
seed1,risky_ps,98,97,target_post_switch,10,repair_subset,repair_subset,16.02563,12.0,3.95983,0.06580000000000001,10.447354846938774,11.085925
seed1,risky_ps,99,98,target_post_switch,13,repair_subset,repair_subset,22.32658,17.0,5.25488,0.0717,10.567347020202018,14.563399999999998
seed1,risky_ps,100,99,target_post_switch,16,repair_all,repair_all,4.22015,0.0,4.14945,0.07070000000000001,10.50387505,14.647415999999998
