episode_index,repeat_index,position_in_cycle,dataset_index,original_task_id,oracle_action,seed1_terminal,seed0_terminal,terminal_delta,seed1_final,seed0_final,seed1_clear,seed0_clear,seed1_aux,seed0_aux,seed1_exact,seed0_exact,seed1_majority_pair,seed0_majority_pair,seed1_actual_modes,seed0_actual_modes,path_changed,root_changed,seed1_root,seed0_root,seed1_shared,seed0_shared,seed1_reasons,seed0_reasons,seed1_observed_loss,seed0_observed_loss,seed1_path_prob,seed0_path_prob,seed1_shared_delta,seed0_shared_delta,seed1_shared_weight_before,seed1_shared_weight_after,seed0_shared_weight_before,seed0_shared_weight_after
25,2,5,2,[mms_issue]airplane_mode_on|bad_network_preference|bad_wifi_calling|break_apn_mms_setting|break_app_storage_permission|unseat_sim_card[PERSONA:Easy],repair_all,12.0,10.0,2.0,repair_subset,repair_subset,False,False,False,True,False,False,mostly_deep_vs_mostly_deep_required,mostly_deep_vs_mostly_deep_required,deep/fast/deep/fast/deep,fast/fast/deep/deep/deep,True,True,stage1_n2__from__root__c02,stage1_n1__from__root__c01,True,True,subset_mismatch_base_plus_linear;local_clear_failure_floor_10;local_clear_and_aux_failure_floor_12,subset_mismatch_base_plus_linear;local_clear_failure_floor_10,0.4614056273559504,0.38260446957458266,0.0021525783139491636,0.01711286212482858,-0.9999778464060305,-0.6730296150171836,1.0,2.2153593969496156e-05,1.0,0.3269703849828164
26,2,6,9,[mms_issue]airplane_mode_on|bad_network_preference|bad_wifi_calling|break_apn_mms_setting|break_app_both_permissions|data_mode_off|data_usage_exceeded|unseat_sim_card|user_abroad_roaming_disabled_on[PERSONA:Hard],repair_subset,12.0,6.0,6.0,repair_subset,repair_subset,False,True,False,False,False,True,mostly_deep_vs_mostly_deep_required,mostly_deep_vs_mostly_deep_required,deep/fast/deep/deep/deep,fast/deep/deep/deep/deep,True,True,stage1_n2__from__root__c02,stage1_n5__from__root__c05,True,True,subset_mismatch_base_plus_linear;local_clear_failure_floor_10;local_clear_and_aux_failure_floor_12,clear_but_aux_failure_floor_6,0.4534841141626279,0.2740745826602046,0.0023439653025161336,0.007310080258930794,-0.9999370669530429,-0.8465889817822845,1.0,6.293304695716121e-05,1.0,0.15341101821771552
27,2,7,10,[mms_issue]airplane_mode_on|bad_network_preference|bad_wifi_calling|break_apn_mms_setting|break_app_sms_permission|data_mode_off|data_usage_exceeded|unseat_sim_card|user_abroad_roaming_disabled_on[PERSONA:None],repair_subset,6.0,22.5,-16.5,repair_subset,transfer,True,False,False,False,True,False,mostly_deep_vs_mostly_deep_required,mostly_deep_vs_mostly_deep_required,fast/deep/deep/deep/deep,fast/deep/deep/deep/deep,True,True,stage1_n4__from__root__c04,stage1_n5__from__root__c05,True,True,clear_but_aux_failure_floor_6,subset_mismatch_base_plus_linear;local_clear_failure_floor_10;local_clear_and_aux_failure_floor_12;invalid_local_transfer_floor_18,0.27469089929994617,0.7176491653204092,0.003257515497709996,0.008497779149837854,-0.9852463370328727,-0.9853390669173192,1.0,0.014753662967127367,1.0,0.014660933082680766
28,2,8,13,[mms_issue]airplane_mode_on|bad_network_preference|bad_wifi_calling|break_apn_mms_setting|break_app_both_permissions|data_mode_off|data_usage_exceeded|unseat_sim_card|user_abroad_roaming_enabled_off[PERSONA:Hard],repair_subset,15.0,17.0,-2.0,repair_subset,repair_subset,False,False,False,False,False,False,mostly_deep_vs_mostly_deep_required,mostly_deep_vs_mostly_deep_required,fast/deep/deep/fast/deep,fast/fast/deep/deep/deep,True,True,stage1_n5__from__root__c05,stage1_n1__from__root__c01,True,True,subset_mismatch_base_plus_linear;local_clear_failure_floor_10;local_clear_and_aux_failure_floor_12,subset_mismatch_base_plus_linear;local_clear_failure_floor_10;local_clear_and_aux_failure_floor_12,0.5279557081313947,0.5813209477652127,0.003805742525346203,0.0027374941296686374,-0.9990281446239354,-0.9999755225182332,1.0,0.0009718553760646341,1.0,2.447748176676064e-05
29,2,9,16,[mms_issue]airplane_mode_on|bad_network_preference|bad_wifi_calling|break_apn_mms_setting|break_app_sms_permission|data_mode_off|unseat_sim_card|user_abroad_roaming_enabled_off[PERSONA:None],repair_all,0.0,0.0,0.0,repair_all,repair_all,True,True,True,True,True,True,mostly_deep_vs_mostly_deep_required,mostly_deep_vs_mostly_deep_required,fast/deep/fast/deep/deep,fast/deep/fast/deep/deep,True,True,stage1_n5__from__root__c05,stage1_n4__from__root__c04,False,True,,,0.12665656973613357,0.14192568659127625,0.003183837005689494,0.004530824298805107,,-0.7911676882205336,,,1.0,0.20883231177946637
30,3,0,32,[mms_issue]bad_wifi_calling|break_apn_mms_setting|break_app_storage_permission|unseat_sim_card[PERSONA:Easy],repair_all,0.0,0.0,0.0,repair_all,repair_all,True,True,True,True,True,True,mostly_deep_vs_mostly_deep_required,mostly_deep_vs_mostly_deep_required,fast/deep/deep/deep/deep,fast/fast/deep/deep/deep,True,False,stage1_n1__from__root__c01,stage1_n1__from__root__c01,True,True,,,0.09731125471190091,0.09485891222401724,0.03966051100584489,0.008970424359061716,-0.11545357859362304,-0.4106478904094121,1.0,0.884546421406377,1.0,0.5893521095905879
31,3,1,33,[mms_issue]bad_wifi_calling|break_apn_mms_setting|break_app_sms_permission|unseat_sim_card[PERSONA:None],repair_all,0.0,0.0,0.0,repair_all,repair_all,True,True,True,True,True,True,mostly_deep_vs_mostly_deep_required,mostly_deep_vs_mostly_deep_required,fast/fast/deep/deep/deep,deep/fast/deep/deep/deep,True,True,stage1_n1__from__root__c01,stage1_n2__from__root__c02,True,True,,,0.09595153473344104,0.11549757673667205,0.005074308215062677,0.00903196568119858,-0.6115008107202917,-0.4723817578186026,1.0,0.38849918927970833,1.0,0.5276182421813974
32,3,2,34,[mms_issue]bad_wifi_calling|break_apn_mms_setting|break_app_sms_permission|user_abroad_roaming_enabled_off[PERSONA:Easy],repair_all,0.0,0.0,0.0,repair_all,repair_all,True,True,True,True,True,True,mostly_deep_vs_mostly_deep_required,mostly_deep_vs_mostly_deep_required,deep/fast/deep/deep/deep,deep/deep/deep/deep/deep,True,False,stage1_n3__from__root__c03,stage1_n3__from__root__c03,True,True,,,0.10403123317178245,0.10526790522347873,0.003250191766142779,0.030198537414186506,-0.7981814150885693,-0.15994931720865468,1.0,0.2018185849114307,1.0,0.8400506827913453
33,3,3,35,[mms_issue]airplane_mode_on|bad_wifi_calling|break_apn_mms_setting|break_app_storage_permission|user_abroad_roaming_enabled_off[PERSONA:None],repair_all,0.0,0.0,0.0,repair_all,repair_all,True,True,True,True,True,True,mostly_deep_vs_mostly_deep_required,mostly_deep_vs_mostly_deep_required,deep/deep/deep/deep/deep,deep/fast/fast/deep/deep,True,False,stage1_n3__from__root__c03,stage1_n3__from__root__c03,True,True,,,0.1278400646203554,0.13217635971997846,0.012183089663898314,0.002991933617102406,-0.4082446095827462,-0.890176258542856,1.0,0.5917553904172538,1.0,0.10982374145714403
34,3,4,36,[mms_issue]bad_wifi_calling|break_apn_mms_setting|break_app_storage_permission|data_mode_off|unseat_sim_card[PERSONA:None],repair_all,0.0,0.0,0.0,repair_all,repair_all,True,True,True,True,True,True,mostly_deep_vs_mostly_deep_required,mostly_deep_vs_mostly_deep_required,fast/fast/deep/deep/deep,fast/deep/deep/deep/deep,True,True,stage1_n1__from__root__c01,stage1_n5__from__root__c05,True,True,,,0.10075175013462574,0.0885764674205708,0.006361511750802205,0.0004793187052261807,-0.5470100226759076,-0.9999029059090158,1.0,0.45298997732409246,1.0,9.709409098427037e-05
35,3,5,2,[mms_issue]airplane_mode_on|bad_network_preference|bad_wifi_calling|break_apn_mms_setting|break_app_storage_permission|unseat_sim_card[PERSONA:Easy],repair_all,10.0,10.0,0.0,repair_subset,repair_subset,False,False,True,True,False,False,mostly_deep_vs_mostly_deep_required,mostly_deep_vs_mostly_deep_required,deep/deep/deep/deep/deep,deep/fast/deep/deep/deep,True,False,stage1_n2__from__root__c02,stage1_n2__from__root__c02,True,True,subset_mismatch_base_plus_linear;local_clear_failure_floor_10,subset_mismatch_base_plus_linear;local_clear_failure_floor_10,0.40494614970382337,0.392587506731287,0.027907244939412018,0.004115579956242836,-0.5159279625909153,-0.9915156192460984,1.0,0.48407203740908467,1.0,0.008484380753901512
36,3,6,9,[mms_issue]airplane_mode_on|bad_network_preference|bad_wifi_calling|break_apn_mms_setting|break_app_both_permissions|data_mode_off|data_usage_exceeded|unseat_sim_card|user_abroad_roaming_disabled_on[PERSONA:Hard],repair_subset,22.5,14.0,8.5,transfer,repair_subset,False,False,False,False,False,False,mostly_deep_vs_mostly_deep_required,mostly_fast_vs_mostly_deep_required,fast/deep/deep/deep/fast,deep/fast/fast/fast/deep,True,True,stage1_n5__from__root__c05,stage1_n3__from__root__c03,True,False,subset_mismatch_base_plus_linear;local_clear_failure_floor_10;local_clear_and_aux_failure_floor_12;invalid_local_transfer_floor_18,subset_mismatch_base_plus_linear;local_clear_failure_floor_10;local_clear_and_aux_failure_floor_12;fast_path_on_deep_required_clear_failure_floor_14,0.7352855411954766,0.5393896068928379,0.008031035584946259,0.0018431040107173937,-0.9897222651683177,,1.0,0.010277734831682308,,
37,3,7,10,[mms_issue]airplane_mode_on|bad_network_preference|bad_wifi_calling|break_apn_mms_setting|break_app_sms_permission|data_mode_off|data_usage_exceeded|unseat_sim_card|user_abroad_roaming_disabled_on[PERSONA:None],repair_subset,23.5,6.0,17.5,transfer,repair_subset,False,True,False,False,False,True,mostly_deep_vs_mostly_deep_required,mostly_deep_vs_mostly_deep_required,deep/fast/fast/deep/deep,fast/deep/deep/deep/deep,True,True,stage1_n2__from__root__c02,stage1_n5__from__root__c05,True,True,subset_mismatch_base_plus_linear;local_clear_failure_floor_10;local_clear_and_aux_failure_floor_12;invalid_local_transfer_floor_18,clear_but_aux_failure_floor_6,0.771686322024771,0.26314647280560044,0.0027033657822631025,0.0048000152630511906,-0.9999993669366257,-0.9355006656615413,1.0,6.330633743080705e-07,1.0,0.06449933433845863
38,3,8,13,[mms_issue]airplane_mode_on|bad_network_preference|bad_wifi_calling|break_apn_mms_setting|break_app_both_permissions|data_mode_off|data_usage_exceeded|unseat_sim_card|user_abroad_roaming_enabled_off[PERSONA:Hard],repair_subset,19.0,19.0,0.0,repair_subset,repair_subset,False,False,False,False,False,False,mostly_fast_vs_mostly_deep_required,mostly_deep_vs_mostly_deep_required,fast/fast/deep/deep/fast,deep/deep/deep/deep/deep,True,True,stage1_n1__from__root__c01,stage1_n2__from__root__c02,True,True,subset_mismatch_base_plus_linear;local_clear_failure_floor_10;local_clear_and_aux_failure_floor_12;fast_path_on_deep_required_clear_failure_floor_14,subset_mismatch_base_plus_linear;local_clear_failure_floor_10;local_clear_and_aux_failure_floor_12,0.6402872913301022,0.6378352180936995,0.0025377574949279583,0.06068067671467764,-0.999996678912311,-0.40877994939201034,1.0,3.321087688916878e-06,1.0,0.5912200506079897
39,3,9,16,[mms_issue]airplane_mode_on|bad_network_preference|bad_wifi_calling|break_apn_mms_setting|break_app_sms_permission|data_mode_off|unseat_sim_card|user_abroad_roaming_enabled_off[PERSONA:None],repair_all,15.0,0.0,15.0,repair_subset,repair_all,False,True,True,True,False,True,mostly_deep_vs_mostly_deep_required,mostly_deep_vs_mostly_deep_required,fast/deep/deep/deep/deep,deep/fast/fast/deep/deep,True,True,stage1_n1__from__root__c01,stage1_n2__from__root__c02,True,True,subset_mismatch_base_plus_linear;local_clear_failure_floor_10,,0.5249474959612278,0.1478730479267636,0.03924183561137895,0.002408803518261186,-0.487708794416878,-0.9535523508024236,1.0,0.512291205583122,1.0,0.046447649197576386
40,4,0,32,[mms_issue]bad_wifi_calling|break_apn_mms_setting|break_app_storage_permission|unseat_sim_card[PERSONA:Easy],repair_all,0.0,0.0,0.0,repair_all,repair_all,True,True,True,True,True,True,mostly_fast_vs_mostly_deep_required,mostly_deep_vs_mostly_deep_required,fast/fast/deep/fast/deep,fast/deep/deep/deep/fast,True,True,stage1_n1__from__root__c01,stage1_n4__from__root__c04,True,True,,,0.11107835218093699,0.10702248249865375,0.002010857592832897,0.010111233371823514,-0.9368324564187411,-0.4109390717100111,1.0,0.06316754358125892,1.0,0.5890609282899889
41,4,1,33,[mms_issue]bad_wifi_calling|break_apn_mms_setting|break_app_sms_permission|unseat_sim_card[PERSONA:None],repair_all,0.0,0.0,0.0,repair_all,repair_all,True,True,True,True,True,True,mostly_deep_vs_mostly_deep_required,mostly_deep_vs_mostly_deep_required,fast/deep/fast/deep/deep,fast/deep/deep/deep/deep,True,True,stage1_n4__from__root__c04,stage1_n1__from__root__c01,True,True,,,0.09876225094238018,0.09645045772751751,0.0036236465466781055,0.015782426376334185,-0.7440432381845492,-0.26329138489319426,1.0,0.25595676181545085,1.0,0.7367086151068057
42,4,2,34,[mms_issue]bad_wifi_calling|break_apn_mms_setting|break_app_sms_permission|user_abroad_roaming_enabled_off[PERSONA:Easy],repair_all,0.0,0.0,0.0,repair_all,repair_all,True,True,True,True,True,True,mostly_deep_vs_mostly_deep_required,mostly_deep_vs_mostly_deep_required,fast/deep/deep/deep/deep,fast/deep/deep/deep/deep,True,False,stage1_n4__from__root__c04,stage1_n4__from__root__c04,True,True,,,0.08575363489499192,0.08146984383414109,0.03464122194990027,0.054521360058668956,-0.11642047075370798,-0.07199085677364536,1.0,0.883579529246292,1.0,0.9280091432263546
43,4,3,35,[mms_issue]airplane_mode_on|bad_wifi_calling|break_apn_mms_setting|break_app_storage_permission|user_abroad_roaming_enabled_off[PERSONA:None],repair_all,0.0,0.0,0.0,repair_all,repair_all,True,True,True,True,True,True,mostly_deep_vs_mostly_deep_required,mostly_deep_vs_mostly_deep_required,fast/fast/deep/deep/deep,fast/deep/deep/deep/deep,True,True,stage1_n4__from__root__c04,stage1_n1__from__root__c01,True,True,,,0.0981836295099623,0.11342972536348948,0.010754700025179479,0.009996292862293822,-0.3664830167019937,-0.432979008897465,1.0,0.6335169832980063,1.0,0.567020991102535
44,4,4,36,[mms_issue]bad_wifi_calling|break_apn_mms_setting|break_app_storage_permission|data_mode_off|unseat_sim_card[PERSONA:None],repair_all,0.0,0.0,0.0,repair_all,repair_all,True,True,True,True,True,True,mostly_deep_vs_mostly_deep_required,mostly_fast_vs_mostly_deep_required,fast/fast/deep/deep/deep,fast/fast/fast/deep/deep,True,False,stage1_n4__from__root__c04,stage1_n4__from__root__c04,True,False,,,0.09757458266020462,0.12506260096930533,0.03257152231506083,0.0008363939567797463,-0.13910704828296416,,1.0,0.8608929517170358,,
45,4,5,2,[mms_issue]airplane_mode_on|bad_network_preference|bad_wifi_calling|break_apn_mms_setting|break_app_storage_permission|unseat_sim_card[PERSONA:Easy],repair_all,14.0,0.0,14.0,repair_subset,repair_all,False,True,False,True,False,True,mostly_fast_vs_mostly_deep_required,mostly_deep_vs_mostly_deep_required,fast/fast/fast/fast/fast,deep/fast/deep/deep/deep,True,True,stage1_n4__from__root__c04,stage1_n2__from__root__c02,True,True,subset_mismatch_base_plus_linear;local_clear_failure_floor_10;local_clear_and_aux_failure_floor_12;fast_path_on_deep_required_clear_failure_floor_14,,0.5360376952073236,0.11166101238556811,0.003357822128787963,0.017498964641856574,-0.999658418791809,-0.27316104071467195,1.0,0.00034158120819102674,1.0,0.726838959285328
46,4,6,9,[mms_issue]airplane_mode_on|bad_network_preference|bad_wifi_calling|break_apn_mms_setting|break_app_both_permissions|data_mode_off|data_usage_exceeded|unseat_sim_card|user_abroad_roaming_disabled_on[PERSONA:Hard],repair_subset,12.0,6.0,6.0,repair_subset,repair_subset,False,True,False,False,False,True,mostly_deep_vs_mostly_deep_required,mostly_deep_vs_mostly_deep_required,deep/fast/deep/deep/fast,fast/deep/deep/deep/deep,True,True,stage1_n3__from__root__c03,stage1_n4__from__root__c04,True,True,subset_mismatch_base_plus_linear;local_clear_failure_floor_10;local_clear_and_aux_failure_floor_12,clear_but_aux_failure_floor_6,0.4892945611200861,0.27669655358104467,0.009228228048804799,0.007512015952555677,-0.9294247220461338,-0.8414512345201538,1.0,0.07057527795386617,1.0,0.1585487654798462
47,4,7,10,[mms_issue]airplane_mode_on|bad_network_preference|bad_wifi_calling|break_apn_mms_setting|break_app_sms_permission|data_mode_off|data_usage_exceeded|unseat_sim_card|user_abroad_roaming_disabled_on[PERSONA:None],repair_subset,22.5,14.0,8.5,transfer,repair_subset,False,False,False,False,False,False,mostly_deep_vs_mostly_deep_required,mostly_fast_vs_mostly_deep_required,deep/deep/deep/deep/deep,fast/fast/fast/fast/deep,True,True,stage1_n3__from__root__c03,stage1_n5__from__root__c05,True,True,subset_mismatch_base_plus_linear;local_clear_failure_floor_10;local_clear_and_aux_failure_floor_12;invalid_local_transfer_floor_18,subset_mismatch_base_plus_linear;local_clear_failure_floor_10;local_clear_and_aux_failure_floor_12;fast_path_on_deep_required_clear_failure_floor_14,0.7379749596122779,0.5298247172859452,0.01209495268807045,0.0040971089370299115,-0.9526768595477532,-0.998444310374377,1.0,0.04732314045224681,1.0,0.0015556896256230543
48,4,8,13,[mms_issue]airplane_mode_on|bad_network_preference|bad_wifi_calling|break_apn_mms_setting|break_app_both_permissions|data_mode_off|data_usage_exceeded|unseat_sim_card|user_abroad_roaming_enabled_off[PERSONA:Hard],repair_subset,15.0,14.0,1.0,repair_subset,repair_subset,False,False,False,False,False,False,mostly_fast_vs_mostly_deep_required,mostly_fast_vs_mostly_deep_required,fast/fast/deep/fast/fast,fast/fast/deep/fast/deep,True,True,stage1_n4__from__root__c04,stage1_n1__from__root__c01,True,False,subset_mismatch_base_plus_linear;local_clear_failure_floor_10;local_clear_and_aux_failure_floor_12;fast_path_on_deep_required_clear_failure_floor_14,subset_mismatch_base_plus_linear;local_clear_failure_floor_10;local_clear_and_aux_failure_floor_12;fast_path_on_deep_required_clear_failure_floor_14,0.5592378836833601,0.521005788906839,0.003906625942357132,0.0023503209248392997,-0.9992210440488353,,1.0,0.0007789559511647761,,
49,4,9,16,[mms_issue]airplane_mode_on|bad_network_preference|bad_wifi_calling|break_apn_mms_setting|break_app_sms_permission|data_mode_off|unseat_sim_card|user_abroad_roaming_enabled_off[PERSONA:None],repair_all,14.0,0.0,14.0,repair_subset,repair_all,False,True,False,True,False,True,mostly_fast_vs_mostly_deep_required,mostly_deep_vs_mostly_deep_required,fast/deep/fast/fast/deep,fast/deep/deep/deep/deep,True,True,stage1_n5__from__root__c05,stage1_n4__from__root__c04,True,True,subset_mismatch_base_plus_linear;local_clear_failure_floor_10;local_clear_and_aux_failure_floor_12;fast_path_on_deep_required_clear_failure_floor_14,,0.5314577275175013,0.12999003769520734,0.0012366117835315026,0.06517848942772686,-0.9999999995347577,-0.09490784391344331,1.0,4.652422610441766e-10,1.0,0.9050921560865567
50,5,0,32,[mms_issue]bad_wifi_calling|break_apn_mms_setting|break_app_storage_permission|unseat_sim_card[PERSONA:Easy],repair_all,0.0,0.0,0.0,repair_all,repair_all,True,True,True,True,True,True,mostly_fast_vs_mostly_deep_required,mostly_deep_vs_mostly_deep_required,fast/fast/fast/deep/fast,fast/fast/deep/deep/deep,True,False,stage1_n4__from__root__c04,stage1_n4__from__root__c04,True,True,,,0.12019049542272484,0.08300592353257943,0.0071019103701853836,0.001993907022422527,-0.570951048281396,-0.8752557106558174,1.0,0.429048951718604,1.0,0.12474428934418261
51,5,1,33,[mms_issue]bad_wifi_calling|break_apn_mms_setting|break_app_sms_permission|unseat_sim_card[PERSONA:None],repair_all,0.0,18.0,-18.0,repair_all,transfer,True,False,True,True,True,False,mostly_deep_vs_mostly_deep_required,mostly_deep_vs_mostly_deep_required,fast/deep/deep/deep/deep,fast/fast/deep/deep/deep,True,False,stage1_n4__from__root__c04,stage1_n4__from__root__c04,True,True,,subset_mismatch_base_plus_linear;local_clear_failure_floor_10;invalid_local_transfer_floor_18,0.08490926225094238,0.5671171243941842,0.04823163488421194,0.005664214256736838,-0.07445007036810869,-0.9933033051206582,0.883579529246292,0.8091294588781833,1.0,0.00669669487934181
52,5,2,34,[mms_issue]bad_wifi_calling|break_apn_mms_setting|break_app_sms_permission|user_abroad_roaming_enabled_off[PERSONA:Easy],repair_all,0.0,0.0,0.0,repair_all,repair_all,True,True,True,True,True,True,mostly_deep_vs_mostly_deep_required,mostly_deep_vs_mostly_deep_required,fast/deep/deep/deep/deep,deep/fast/deep/deep/deep,True,True,stage1_n4__from__root__c04,stage1_n2__from__root__c02,True,False,,,0.09527840603123316,0.11397415185783523,0.008649421615913106,0.0021704714128640253,-0.4234994927259855,,1.0,0.5765005072740145,,
53,5,3,35,[mms_issue]airplane_mode_on|bad_wifi_calling|break_apn_mms_setting|break_app_storage_permission|user_abroad_roaming_enabled_off[PERSONA:None],repair_all,14.0,0.0,14.0,repair_subset,repair_all,False,True,True,True,False,True,mostly_fast_vs_mostly_deep_required,mostly_deep_vs_mostly_deep_required,fast/fast/fast/deep/deep,fast/deep/deep/deep/deep,True,True,stage1_n1__from__root__c01,stage1_n4__from__root__c04,True,True,subset_mismatch_base_plus_linear;local_clear_failure_floor_10;fast_path_on_deep_required_clear_failure_floor_14,,0.49861308562197093,0.1012619816908993,0.003166710900679345,0.006313103507289548,-0.999619006492155,-0.551568090526072,1.0,0.00038099350784504536,1.0,0.4484319094739279
54,5,4,36,[mms_issue]bad_wifi_calling|break_apn_mms_setting|break_app_storage_permission|data_mode_off|unseat_sim_card[PERSONA:None],repair_all,0.0,0.0,0.0,repair_all,repair_all,True,True,True,True,True,True,mostly_deep_vs_mostly_deep_required,mostly_deep_vs_mostly_deep_required,fast/deep/deep/deep/deep,fast/deep/deep/deep/deep,True,False,stage1_n4__from__root__c04,stage1_n4__from__root__c04,True,True,,,0.09950619278406031,0.10241330102315563,0.03640657154316932,0.047617575973865116,-0.12773295582505062,-0.0946169964024024,1.0,0.8722670441749494,0.9280091432263546,0.8333921468239522
55,5,5,2,[mms_issue]airplane_mode_on|bad_network_preference|bad_wifi_calling|break_apn_mms_setting|break_app_storage_permission|unseat_sim_card[PERSONA:Easy],repair_all,10.0,14.0,-4.0,repair_subset,repair_subset,False,False,True,False,False,False,mostly_deep_vs_mostly_deep_required,mostly_fast_vs_mostly_deep_required,fast/fast/deep/deep/deep,fast/deep/fast/fast/deep,True,False,stage1_n4__from__root__c04,stage1_n4__from__root__c04,True,False,subset_mismatch_base_plus_linear;local_clear_failure_floor_10,subset_mismatch_base_plus_linear;local_clear_failure_floor_10;local_clear_and_aux_failure_floor_12;fast_path_on_deep_required_clear_failure_floor_14,0.37289203015616584,0.5162780021540119,0.016822369614288867,0.0012986792304344335,-0.6698875585165147,,1.0,0.3301124414834853,,
56,5,6,9,[mms_issue]airplane_mode_on|bad_network_preference|bad_wifi_calling|break_apn_mms_setting|break_app_both_permissions|data_mode_off|data_usage_exceeded|unseat_sim_card|user_abroad_roaming_disabled_on[PERSONA:Hard],repair_subset,6.0,17.0,-11.0,repair_subset,repair_subset,True,False,False,False,True,False,mostly_deep_vs_mostly_deep_required,mostly_deep_vs_mostly_deep_required,fast/deep/deep/deep/fast,deep/fast/deep/deep/deep,True,True,stage1_n4__from__root__c04,stage1_n2__from__root__c02,True,True,clear_but_aux_failure_floor_6,subset_mismatch_base_plus_linear;local_clear_failure_floor_10;local_clear_and_aux_failure_floor_12,0.2987474421109316,0.5881147011308563,0.006408807572880788,0.013638002768229688,-0.9027778626502537,-0.8842313404899503,1.0,0.09722213734974625,1.0,0.11576865951004967
57,5,7,10,[mms_issue]airplane_mode_on|bad_network_preference|bad_wifi_calling|break_apn_mms_setting|break_app_sms_permission|data_mode_off|data_usage_exceeded|unseat_sim_card|user_abroad_roaming_disabled_on[PERSONA:None],repair_subset,22.5,6.0,16.5,transfer,repair_subset,False,True,False,False,False,True,mostly_deep_vs_mostly_deep_required,mostly_deep_vs_mostly_deep_required,fast/deep/deep/deep/deep,fast/deep/fast/deep/deep,True,True,stage1_n4__from__root__c04,stage1_n5__from__root__c05,True,True,subset_mismatch_base_plus_linear;local_clear_failure_floor_10;local_clear_and_aux_failure_floor_12;invalid_local_transfer_floor_18,clear_but_aux_failure_floor_6,0.7180805061927841,0.288010366182014,0.040703697951367614,0.002351017226042311,-0.47421461956519895,-0.9978130092172769,0.8091294588781833,0.3349148393129844,1.0,0.002186990782723151
58,5,8,13,[mms_issue]airplane_mode_on|bad_network_preference|bad_wifi_calling|break_apn_mms_setting|break_app_both_permissions|data_mode_off|data_usage_exceeded|unseat_sim_card|user_abroad_roaming_enabled_off[PERSONA:Hard],repair_subset,6.0,17.0,-11.0,repair_subset,repair_subset,True,False,False,False,True,False,mostly_deep_vs_mostly_deep_required,mostly_deep_vs_mostly_deep_required,fast/deep/fast/deep/deep,fast/fast/deep/deep/deep,True,False,stage1_n5__from__root__c05,stage1_n5__from__root__c05,True,True,clear_but_aux_failure_floor_6,subset_mismatch_base_plus_linear;local_clear_failure_floor_10;local_clear_and_aux_failure_floor_12,0.2794093968766828,0.5815008077544427,0.004419115741031827,0.021789890654634828,-0.9576324374337427,-0.7366670881169051,1.0,0.042367562566257295,1.0,0.2633329118830949
59,5,9,16,[mms_issue]airplane_mode_on|bad_network_preference|bad_wifi_calling|break_apn_mms_setting|break_app_sms_permission|data_mode_off|unseat_sim_card|user_abroad_roaming_enabled_off[PERSONA:None],repair_all,21.0,0.0,21.0,repair_subset,repair_all,False,True,False,True,False,True,mostly_fast_vs_mostly_deep_required,mostly_deep_vs_mostly_deep_required,fast/fast/fast/fast/deep,deep/fast/deep/deep/deep,True,True,stage1_n4__from__root__c04,stage1_n2__from__root__c02,True,True,subset_mismatch_base_plus_linear;local_clear_failure_floor_10;local_clear_and_aux_failure_floor_12;fast_path_on_deep_required_clear_failure_floor_14,,0.675235056542811,0.11777732902530964,0.004661356513608934,0.014093457352732108,-0.9992847675380537,-0.341535052382987,1.0,0.0007152324619463167,1.0,0.658464947617013
60,6,0,32,[mms_issue]bad_wifi_calling|break_apn_mms_setting|break_app_storage_permission|unseat_sim_card[PERSONA:Easy],repair_all,0.0,0.0,0.0,repair_all,repair_all,True,True,True,True,True,True,mostly_deep_vs_mostly_deep_required,mostly_deep_vs_mostly_deep_required,deep/fast/fast/deep/deep,fast/deep/deep/deep/fast,True,True,stage1_n3__from__root__c03,stage1_n4__from__root__c04,False,True,,,0.11731340872374796,0.10754644588045234,0.0033518250530118394,0.003523635153158024,,-0.7826121911081761,,,1.0,0.21738780889182382
61,6,1,33,[mms_issue]bad_wifi_calling|break_apn_mms_setting|break_app_sms_permission|unseat_sim_card[PERSONA:None],repair_all,0.0,0.0,0.0,repair_all,repair_all,True,True,True,True,True,True,mostly_deep_vs_mostly_deep_required,mostly_deep_vs_mostly_deep_required,fast/deep/deep/deep/deep,fast/deep/deep/deep/deep,True,True,stage1_n4__from__root__c04,stage1_n5__from__root__c05,True,True,,,0.0962749057619817,0.09210904684975767,0.026290630421458787,0.0005001524313199882,-0.1673129270231245,-0.9998997754590929,1.0,0.8326870729768755,1.0,0.00010022454090709605
62,6,2,34,[mms_issue]bad_wifi_calling|break_apn_mms_setting|break_app_sms_permission|user_abroad_roaming_enabled_off[PERSONA:Easy],repair_all,0.0,18.0,-18.0,repair_all,transfer,True,False,True,True,True,False,mostly_deep_vs_mostly_deep_required,mostly_deep_vs_mostly_deep_required,deep/fast/fast/deep/deep,deep/deep/deep/deep/deep,True,True,stage1_n3__from__root__c03,stage1_n2__from__root__c02,True,True,,subset_mismatch_base_plus_linear;local_clear_failure_floor_10;invalid_local_transfer_floor_18,0.12752544426494347,0.5850105008077544,0.003907493794339186,0.05459593930602548,-0.8044239751051785,-0.306385132688129,1.0,0.1955760248948215,0.7386728539180059,0.43228772122987685
63,6,3,35,[mms_issue]airplane_mode_on|bad_wifi_calling|break_apn_mms_setting|break_app_storage_permission|user_abroad_roaming_enabled_off[PERSONA:None],repair_all,0.0,0.0,0.0,repair_all,repair_all,True,True,True,True,True,True,mostly_fast_vs_mostly_deep_required,mostly_deep_vs_mostly_deep_required,fast/deep/fast/fast/fast,deep/deep/deep/deep/deep,True,True,stage1_n4__from__root__c04,stage1_n3__from__root__c03,True,True,,,0.15122186322024772,0.1318497576736672,0.008017441244239063,0.07737739931211458,-0.6105736743987085,-0.05841942963235225,1.0,0.3894263256012916,0.7153054156067419,0.6568859859743896
64,6,4,36,[mms_issue]bad_wifi_calling|break_apn_mms_setting|break_app_storage_permission|data_mode_off|unseat_sim_card[PERSONA:None],repair_all,0.0,0.0,0.0,repair_all,repair_all,True,True,True,True,True,True,mostly_deep_vs_mostly_deep_required,mostly_deep_vs_mostly_deep_required,fast/deep/deep/deep/deep,deep/fast/deep/deep/deep,True,True,stage1_n4__from__root__c04,stage1_n3__from__root__c03,True,True,,,0.09398761443187938,0.10750942380183091,0.024300656018052567,0.006506061856546113,-0.17583533461988943,-0.5623015323746194,1.0,0.8241646653801106,1.0,0.4376984676253805
65,6,5,2,[mms_issue]airplane_mode_on|bad_network_preference|bad_wifi_calling|break_apn_mms_setting|break_app_storage_permission|unseat_sim_card[PERSONA:Easy],repair_all,10.0,0.0,10.0,repair_subset,repair_all,False,True,True,True,False,True,mostly_deep_vs_mostly_deep_required,mostly_deep_vs_mostly_deep_required,fast/deep/deep/deep/deep,deep/deep/deep/deep/deep,True,True,stage1_n4__from__root__c04,stage1_n2__from__root__c02,True,True,subset_mismatch_base_plus_linear;local_clear_failure_floor_10,,0.3692250942380183,0.11282229402261712,0.013378483329994915,0.046931912842898424,-0.47006229541617195,-0.11325501710654329,0.6280882601216906,0.1580259647055187,1.0,0.8867449828934567
66,6,6,9,[mms_issue]airplane_mode_on|bad_network_preference|bad_wifi_calling|break_apn_mms_setting|break_app_both_permissions|data_mode_off|data_usage_exceeded|unseat_sim_card|user_abroad_roaming_disabled_on[PERSONA:Hard],repair_subset,14.0,22.5,-8.5,repair_subset,transfer,False,False,False,False,False,False,mostly_fast_vs_mostly_deep_required,mostly_deep_vs_mostly_deep_required,deep/fast/deep/fast/fast,deep/deep/deep/deep/deep,True,False,stage1_n3__from__root__c03,stage1_n3__from__root__c03,True,True,subset_mismatch_base_plus_linear;local_clear_failure_floor_10;local_clear_and_aux_failure_floor_12;fast_path_on_deep_required_clear_failure_floor_14,subset_mismatch_base_plus_linear;local_clear_failure_floor_10;local_clear_and_aux_failure_floor_12;invalid_local_transfer_floor_18,0.5595896607431341,0.7394655358104468,0.010173422058769713,0.09061826187381937,-0.9360883010715251,-0.28144104599954745,1.0,0.06391169892847492,0.8400506827913453,0.5586096367917979
67,6,7,10,[mms_issue]airplane_mode_on|bad_network_preference|bad_wifi_calling|break_apn_mms_setting|break_app_sms_permission|data_mode_off|data_usage_exceeded|unseat_sim_card|user_abroad_roaming_disabled_on[PERSONA:None],repair_subset,22.5,6.0,16.5,transfer,repair_subset,False,True,False,False,False,True,mostly_deep_vs_mostly_deep_required,mostly_deep_vs_mostly_deep_required,fast/deep/fast/deep/deep,deep/deep/deep/deep/deep,True,True,stage1_n4__from__root__c04,stage1_n3__from__root__c03,True,True,subset_mismatch_base_plus_linear;local_clear_failure_floor_10;local_clear_and_aux_failure_floor_12;invalid_local_transfer_floor_18,clear_but_aux_failure_floor_6,0.7320453688745288,0.29450511577813676,0.014681752950299668,0.07676894744510639,-0.9173420971156805,-0.17453850160664985,1.0,0.0826579028843195,1.0,0.8254614983933501
68,6,8,13,[mms_issue]airplane_mode_on|bad_network_preference|bad_wifi_calling|break_apn_mms_setting|break_app_both_permissions|data_mode_off|data_usage_exceeded|unseat_sim_card|user_abroad_roaming_enabled_off[PERSONA:Hard],repair_subset,25.5,22.5,3.0,transfer,transfer,False,False,False,True,False,False,mostly_deep_vs_mostly_deep_required,mostly_deep_vs_mostly_deep_required,fast/deep/deep/deep/deep,fast/deep/deep/deep/deep,False,False,stage1_n1__from__root__c01,stage1_n1__from__root__c01,True,True,subset_mismatch_base_plus_linear;local_clear_failure_floor_10;local_clear_and_aux_failure_floor_12;invalid_local_transfer_floor_18,subset_mismatch_base_plus_linear;local_clear_failure_floor_10;invalid_local_transfer_floor_18,0.789709746903608,0.7379235325794292,0.08088141198449152,0.0029228974538639575,-0.30226815234185156,-0.5670191228559051,0.7825435558665409,0.48027540352468934,0.567020991102535,1.8682466300090888e-06
69,6,9,16,[mms_issue]airplane_mode_on|bad_network_preference|bad_wifi_calling|break_apn_mms_setting|break_app_sms_permission|data_mode_off|unseat_sim_card|user_abroad_roaming_enabled_off[PERSONA:None],repair_all,0.0,0.0,0.0,repair_all,repair_all,True,True,True,True,True,True,mostly_deep_vs_mostly_deep_required,mostly_deep_vs_mostly_deep_required,deep/deep/deep/deep/deep,deep/fast/deep/deep/deep,True,True,stage1_n2__from__root__c02,stage1_n3__from__root__c03,True,True,,,0.13523721055465804,0.11801965535810445,0.06086522731282907,0.006886292361027108,-0.10514682635948447,-0.575531405379407,1.0,0.8948531736405155,1.0,0.424468594620593
70,7,0,32,[mms_issue]bad_wifi_calling|break_apn_mms_setting|break_app_storage_permission|unseat_sim_card[PERSONA:Easy],repair_all,0.0,0.0,0.0,repair_all,repair_all,True,True,True,True,True,True,mostly_deep_vs_mostly_deep_required,mostly_deep_vs_mostly_deep_required,deep/fast/deep/deep/deep,deep/deep/deep/deep/deep,True,False,stage1_n2__from__root__c02,stage1_n2__from__root__c02,True,True,,,0.11482983306408186,0.10461900915455036,0.001087950369607588,0.048526099723505405,-0.9948940412108429,-0.09061633025582816,1.0,0.005105958789157057,0.8867449828934567,0.7961286526376286
71,7,1,33,[mms_issue]bad_wifi_calling|break_apn_mms_setting|break_app_sms_permission|unseat_sim_card[PERSONA:None],repair_all,0.0,0.0,0.0,repair_all,repair_all,True,True,True,True,True,True,mostly_deep_vs_mostly_deep_required,mostly_deep_vs_mostly_deep_required,fast/fast/deep/deep/deep,deep/deep/deep/deep/deep,True,True,stage1_n4__from__root__c04,stage1_n3__from__root__c03,True,True,,,0.0826357027463651,0.11682687129779212,0.0038187244732450346,0.04266316566031846,-0.6610763530833088,-0.084053836164931,1.0,0.33892364691669125,0.6568859859743896,0.5728321498094586
72,7,2,34,[mms_issue]bad_wifi_calling|break_apn_mms_setting|break_app_sms_permission|user_abroad_roaming_enabled_off[PERSONA:Easy],repair_all,0.0,0.0,0.0,repair_all,repair_all,True,True,True,True,True,True,mostly_deep_vs_mostly_deep_required,mostly_deep_vs_mostly_deep_required,fast/fast/deep/deep/deep,fast/deep/deep/deep/deep,True,False,stage1_n4__from__root__c04,stage1_n4__from__root__c04,True,True,,,0.08401023155627356,0.08522751750134626,0.0014999106707833064,0.09260454956770732,-0.9392208107083898,-0.04497419415656401,1.0,0.060779189291610226,1.0,0.955025805843436
73,7,3,35,[mms_issue]airplane_mode_on|bad_wifi_calling|break_apn_mms_setting|break_app_storage_permission|user_abroad_roaming_enabled_off[PERSONA:None],repair_all,0.0,0.0,0.0,repair_all,repair_all,True,True,True,True,True,True,mostly_deep_vs_mostly_deep_required,mostly_deep_vs_mostly_deep_required,fast/deep/deep/deep/deep,fast/deep/deep/deep/deep,True,False,stage1_n4__from__root__c04,stage1_n4__from__root__c04,True,True,,,0.09736295099623048,0.1128034464189553,0.015270443230676604,0.08522623164519033,-0.2729757401611276,-0.06115653799951526,1.0,0.7270242598388724,0.955025805843436,0.8938692678439207
74,7,4,36,[mms_issue]bad_wifi_calling|break_apn_mms_setting|break_app_storage_permission|data_mode_off|unseat_sim_card[PERSONA:None],repair_all,0.0,0.0,0.0,repair_all,repair_all,True,True,True,True,True,True,mostly_deep_vs_mostly_deep_required,mostly_deep_vs_mostly_deep_required,fast/deep/deep/deep/deep,deep/deep/deep/deep/deep,True,True,stage1_n1__from__root__c01,stage1_n3__from__root__c03,True,True,,,0.1022985998922994,0.10892864835756597,0.07493391363909747,0.06108635091137924,-0.06598166778021242,-0.0853003912628979,1.0,0.9340183322197876,1.0,0.9146996087371021
75,7,5,2,[mms_issue]airplane_mode_on|bad_network_preference|bad_wifi_calling|break_apn_mms_setting|break_app_storage_permission|unseat_sim_card[PERSONA:Easy],repair_all,10.0,0.0,10.0,repair_subset,repair_all,False,True,True,True,False,True,mostly_deep_vs_mostly_deep_required,mostly_deep_vs_mostly_deep_required,fast/deep/fast/deep/deep,deep/deep/deep/deep/deep,True,True,stage1_n4__from__root__c04,stage1_n3__from__root__c03,True,True,subset_mismatch_base_plus_linear;local_clear_failure_floor_10,,0.39600296176628974,0.11975282714054926,0.0016957613181204341,0.04935283477646556,-0.9999915069200042,-0.10450654844434193,1.0,8.493079995866137e-06,0.9146996087371021,0.8101930602927602
76,7,6,9,[mms_issue]airplane_mode_on|bad_network_preference|bad_wifi_calling|break_apn_mms_setting|break_app_both_permissions|data_mode_off|data_usage_exceeded|unseat_sim_card|user_abroad_roaming_disabled_on[PERSONA:Hard],repair_subset,22.5,22.5,0.0,transfer,transfer,False,False,False,False,False,False,mostly_deep_vs_mostly_deep_required,mostly_deep_vs_mostly_deep_required,deep/deep/deep/deep/deep,fast/deep/deep/deep/deep,True,True,stage1_n2__from__root__c02,stage1_n4__from__root__c04,True,True,subset_mismatch_base_plus_linear;local_clear_failure_floor_10;local_clear_and_aux_failure_floor_12;invalid_local_transfer_floor_18,subset_mismatch_base_plus_linear;local_clear_failure_floor_10;local_clear_and_aux_failure_floor_12;invalid_local_transfer_floor_18,0.7389684975767367,0.7192016693591814,0.053588642683321086,0.08071003609374228,-0.44578384913744046,-0.3213691647355992,0.8948531736405155,0.4490693245030751,0.8938692678439207,0.5725001031083216
77,7,7,10,[mms_issue]airplane_mode_on|bad_network_preference|bad_wifi_calling|break_apn_mms_setting|break_app_sms_permission|data_mode_off|data_usage_exceeded|unseat_sim_card|user_abroad_roaming_disabled_on[PERSONA:None],repair_subset,23.5,22.5,1.0,transfer,transfer,False,False,False,False,False,False,mostly_deep_vs_mostly_deep_required,mostly_deep_vs_mostly_deep_required,deep/fast/deep/deep/deep,deep/deep/deep/deep/deep,True,False,stage1_n3__from__root__c03,stage1_n3__from__root__c03,False,True,subset_mismatch_base_plus_linear;local_clear_failure_floor_10;local_clear_and_aux_failure_floor_12;invalid_local_transfer_floor_18,subset_mismatch_base_plus_linear;local_clear_failure_floor_10;local_clear_and_aux_failure_floor_12;invalid_local_transfer_floor_18,0.7602277867528272,0.7379927302100162,0.013483354298071537,0.04437377959743399,,-0.45746104993762143,,,0.8101930602927602,0.35273201035513874
78,7,8,13,[mms_issue]airplane_mode_on|bad_network_preference|bad_wifi_calling|break_apn_mms_setting|break_app_both_permissions|data_mode_off|data_usage_exceeded|unseat_sim_card|user_abroad_roaming_enabled_off[PERSONA:Hard],repair_subset,18.0,6.0,12.0,repair_subset,repair_subset,False,True,False,False,False,True,mostly_deep_vs_mostly_deep_required,mostly_deep_vs_mostly_deep_required,fast/deep/deep/deep/deep,deep/deep/deep/deep/deep,True,True,stage1_n1__from__root__c01,stage1_n2__from__root__c02,True,True,subset_mismatch_base_plus_linear;local_clear_failure_floor_10;local_clear_and_aux_failure_floor_12,clear_but_aux_failure_floor_6,0.5877140549273021,0.2850716208939149,0.052000045551660566,0.04663489756599107,-0.2211570865642527,-0.15569760542429995,0.512291205583122,0.2911341190188693,0.5912200506079897,0.4355224451836897
79,7,9,16,[mms_issue]airplane_mode_on|bad_network_preference|bad_wifi_calling|break_apn_mms_setting|break_app_sms_permission|data_mode_off|unseat_sim_card|user_abroad_roaming_enabled_off[PERSONA:None],repair_all,22.5,0.0,22.5,transfer,repair_all,False,True,True,True,False,True,mostly_deep_vs_mostly_deep_required,mostly_deep_vs_mostly_deep_required,fast/deep/deep/deep/deep,fast/deep/deep/deep/deep,True,True,stage1_n1__from__root__c01,stage1_n4__from__root__c04,True,True,subset_mismatch_base_plus_linear;local_clear_failure_floor_10;invalid_local_transfer_floor_18,,0.7143244480344642,0.11409827679052235,0.05873088996679555,0.043566837029017175,-0.40302944736295027,-0.07026584137382441,0.884546421406377,0.4815169740434267,0.5725001031083216,0.5022342617344971
80,8,0,32,[mms_issue]bad_wifi_calling|break_apn_mms_setting|break_app_storage_permission|unseat_sim_card[PERSONA:Easy],repair_all,0.0,0.0,0.0,repair_all,repair_all,True,True,True,True,True,True,mostly_deep_vs_mostly_deep_required,mostly_deep_vs_mostly_deep_required,fast/fast/deep/deep/deep,fast/deep/deep/deep/deep,True,True,stage1_n1__from__root__c01,stage1_n4__from__root__c04,True,True,,,0.09535056542810987,0.08421782444803447,0.021124460910672802,0.058359557951203504,-0.20203262912022013,-0.05801463154331843,1.0,0.7979673708797799,0.8333921468239522,0.7753775152806338
81,8,1,33,[mms_issue]bad_wifi_calling|break_apn_mms_setting|break_app_sms_permission|unseat_sim_card[PERSONA:None],repair_all,0.0,0.0,0.0,repair_all,repair_all,True,True,True,True,True,True,mostly_deep_vs_mostly_deep_required,mostly_deep_vs_mostly_deep_required,deep/deep/deep/deep/deep,deep/fast/deep/deep/deep,True,False,stage1_n2__from__root__c02,stage1_n2__from__root__c02,True,True,,,0.09954227248249864,0.11566235864297252,0.01839168967807439,0.002638830268323962,-0.10647064077490892,-0.8882561415452185,0.4490693245030751,0.34259868372816615,1.0,0.11174385845478156
82,8,2,34,[mms_issue]bad_wifi_calling|break_apn_mms_setting|break_app_sms_permission|user_abroad_roaming_enabled_off[PERSONA:Easy],repair_all,0.0,0.0,0.0,repair_all,repair_all,True,True,True,True,True,True,mostly_deep_vs_mostly_deep_required,mostly_deep_vs_mostly_deep_required,fast/fast/deep/deep/deep,deep/fast/deep/deep/fast,True,True,stage1_n5__from__root__c05,stage1_n2__from__root__c02,True,True,,,0.2892934841141626,0.14240185783521808,0.0008617562614181625,0.0007202024062806792,-0.9999999486761693,-0.9999491300757104,1.0,5.1323830770781747e-08,1.0,5.086992428960228e-05
83,8,3,35,[mms_issue]airplane_mode_on|bad_wifi_calling|break_apn_mms_setting|break_app_storage_permission|user_abroad_roaming_enabled_off[PERSONA:None],repair_all,0.0,0.0,0.0,repair_all,repair_all,True,True,True,True,True,True,mostly_deep_vs_mostly_deep_required,mostly_deep_vs_mostly_deep_required,fast/deep/deep/deep/deep,deep/deep/deep/deep/deep,True,True,stage1_n4__from__root__c04,stage1_n2__from__root__c02,True,True,,,0.09508992999461496,0.11453796445880453,0.009219028669898712,0.02679307385089381,-0.29294226551716424,-0.08319208440530129,0.7270242598388724,0.4340819943217082,0.43228772122987685,0.34909563682457556
84,8,4,36,[mms_issue]bad_wifi_calling|break_apn_mms_setting|break_app_storage_permission|data_mode_off|unseat_sim_card[PERSONA:None],repair_all,0.0,0.0,0.0,repair_all,repair_all,True,True,True,True,True,True,mostly_deep_vs_mostly_deep_required,mostly_deep_vs_mostly_deep_required,deep/deep/deep/deep/deep,deep/fast/deep/deep/deep,True,False,stage1_n2__from__root__c02,stage1_n2__from__root__c02,True,True,,,0.12177194399569195,0.1074329563812601,0.01800695915754327,0.04282042257840908,-0.13887718092615658,-0.1178965432942557,0.48407203740908467,0.3451948564829281,1.0,0.8821034567057443
85,8,5,2,[mms_issue]airplane_mode_on|bad_network_preference|bad_wifi_calling|break_apn_mms_setting|break_app_storage_permission|unseat_sim_card[PERSONA:Easy],repair_all,12.0,0.0,12.0,repair_subset,repair_all,False,True,False,True,False,True,mostly_deep_vs_mostly_deep_required,mostly_deep_vs_mostly_deep_required,fast/deep/deep/fast/deep,deep/fast/deep/deep/fast,True,True,stage1_n5__from__root__c05,stage1_n3__from__root__c03,True,True,subset_mismatch_base_plus_linear;local_clear_failure_floor_10;local_clear_and_aux_failure_floor_12,,0.4492882337102854,0.1387285945072698,0.0022584976822676356,0.0009657101282038009,-0.9999521106352421,-0.9992404044406235,1.0,4.788936475787701e-05,1.0,0.0007595955593764975
86,8,6,9,[mms_issue]airplane_mode_on|bad_network_preference|bad_wifi_calling|break_apn_mms_setting|break_app_both_permissions|data_mode_off|data_usage_exceeded|unseat_sim_card|user_abroad_roaming_disabled_on[PERSONA:Hard],repair_subset,12.0,22.5,-10.5,repair_subset,transfer,False,False,False,False,False,False,mostly_deep_vs_mostly_deep_required,mostly_deep_vs_mostly_deep_required,deep/fast/fast/deep/deep,deep/deep/deep/deep/deep,True,True,stage1_n3__from__root__c03,stage1_n2__from__root__c02,True,True,subset_mismatch_base_plus_linear;local_clear_failure_floor_10;local_clear_and_aux_failure_floor_12,subset_mismatch_base_plus_linear;local_clear_failure_floor_10;local_clear_and_aux_failure_floor_12;invalid_local_transfer_floor_18,0.46766249326871295,0.7389981152396339,0.025082855316049948,0.0572295249909534,-0.6063272743110942,-0.47567528977806395,1.0,0.39367272568890577,1.0,0.524324710221936
87,8,7,10,[mms_issue]airplane_mode_on|bad_network_preference|bad_wifi_calling|break_apn_mms_setting|break_app_sms_permission|data_mode_off|data_usage_exceeded|unseat_sim_card|user_abroad_roaming_disabled_on[PERSONA:None],repair_subset,23.5,21.0,2.5,transfer,repair_subset,False,False,False,True,False,False,mostly_fast_vs_mostly_deep_required,mostly_deep_vs_mostly_deep_required,fast/fast/fast/deep/deep,fast/deep/deep/deep/deep,True,True,stage1_n5__from__root__c05,stage1_n4__from__root__c04,True,True,subset_mismatch_base_plus_linear;local_clear_failure_floor_10;local_clear_and_aux_failure_floor_12;fast_path_on_deep_required_clear_failure_floor_14;invalid_local_transfer_floor_18,subset_mismatch_base_plus_linear;local_clear_failure_floor_10,0.752,0.681995153473344,0.01024190875363822,0.007576365838826,-0.9745538464194748,-0.9888999608084046,1.0,0.02544615358052518,1.0,0.011100039191595364
88,8,8,13,[mms_issue]airplane_mode_on|bad_network_preference|bad_wifi_calling|break_apn_mms_setting|break_app_both_permissions|data_mode_off|data_usage_exceeded|unseat_sim_card|user_abroad_roaming_enabled_off[PERSONA:Hard],repair_subset,24.5,6.0,18.5,transfer,repair_subset,False,True,False,False,False,True,mostly_deep_vs_mostly_deep_required,mostly_deep_vs_mostly_deep_required,deep/deep/deep/deep/deep,fast/deep/deep/deep/deep,True,True,stage1_n2__from__root__c02,stage1_n4__from__root__c04,True,True,subset_mismatch_base_plus_linear;local_clear_failure_floor_10;local_clear_and_aux_failure_floor_12;invalid_local_transfer_floor_18,clear_but_aux_failure_floor_6,0.7930934302638664,0.265050619278406,0.03369155669079692,0.08592076121811534,-0.5561373959670526,-0.12936918831615785,0.8039044646720885,0.247767068705036,0.9050921560865567,0.7757229677703988
89,8,9,16,[mms_issue]airplane_mode_on|bad_network_preference|bad_wifi_calling|break_apn_mms_setting|break_app_sms_permission|data_mode_off|unseat_sim_card|user_abroad_roaming_enabled_off[PERSONA:None],repair_all,15.0,0.0,15.0,repair_subset,repair_all,False,True,False,True,False,True,mostly_fast_vs_mostly_deep_required,mostly_deep_vs_mostly_deep_required,fast/fast/fast/fast/fast,deep/fast/deep/deep/deep,True,True,stage1_n1__from__root__c01,stage1_n2__from__root__c02,True,True,subset_mismatch_base_plus_linear;local_clear_failure_floor_10;local_clear_and_aux_failure_floor_12;fast_path_on_deep_required_clear_failure_floor_14,,0.5720013462574044,0.11804873451803985,0.00022812668422328346,0.051686406298062613,-1.0,-0.10791787386850182,1.0,8.75651076269652e-27,1.0,0.8920821261314982
90,9,0,32,[mms_issue]bad_wifi_calling|break_apn_mms_setting|break_app_storage_permission|unseat_sim_card[PERSONA:Easy],repair_all,0.0,0.0,0.0,repair_all,repair_all,True,True,True,True,True,True,mostly_fast_vs_mostly_deep_required,mostly_deep_vs_mostly_deep_required,fast/fast/deep/deep/fast,deep/fast/deep/deep/deep,True,True,stage1_n5__from__root__c05,stage1_n2__from__root__c02,True,True,,,0.11826427032848681,0.10273451803984922,0.037232477895358315,0.04845206468912913,-0.14684897371423167,-0.10059033312404797,1.0,0.8531510262857683,1.0,0.899409666875952
91,9,1,33,[mms_issue]bad_wifi_calling|break_apn_mms_setting|break_app_sms_permission|unseat_sim_card[PERSONA:None],repair_all,0.0,0.0,0.0,repair_all,repair_all,True,True,True,True,True,True,mostly_deep_vs_mostly_deep_required,mostly_deep_vs_mostly_deep_required,fast/fast/deep/deep/deep,deep/fast/deep/deep/deep,True,True,stage1_n1__from__root__c01,stage1_n2__from__root__c02,True,True,,,0.0835446957458266,0.11523694130317716,0.025221094906394025,0.04089204013945727,-0.15263575962953468,-0.11820689776933724,1.0,0.8473642403704653,0.899409666875952,0.7812027691066148
92,9,2,34,[mms_issue]bad_wifi_calling|break_apn_mms_setting|break_app_sms_permission|user_abroad_roaming_enabled_off[PERSONA:Easy],repair_all,0.0,0.0,0.0,repair_all,repair_all,True,True,True,True,True,True,mostly_deep_vs_mostly_deep_required,mostly_deep_vs_mostly_deep_required,fast/fast/deep/deep/deep,deep/fast/deep/deep/deep,True,True,stage1_n4__from__root__c04,stage1_n3__from__root__c03,True,True,,,0.08398169089929994,0.16952154011847065,0.0013205912508842726,0.042574114246526414,-0.9584018844631832,-0.1805237974056425,1.0,0.04159811553681677,1.0,0.8194762025943575
93,9,3,35,[mms_issue]airplane_mode_on|bad_wifi_calling|break_apn_mms_setting|break_app_storage_permission|user_abroad_roaming_enabled_off[PERSONA:None],repair_all,0.0,0.0,0.0,repair_all,repair_all,True,True,True,True,True,True,mostly_fast_vs_mostly_deep_required,mostly_deep_vs_mostly_deep_required,fast/fast/deep/deep/fast,deep/deep/deep/deep/deep,True,True,stage1_n5__from__root__c05,stage1_n2__from__root__c02,True,True,,,0.13298882606354334,0.11772670974690361,0.030108415265470687,0.01800727912339091,-0.16906296202708904,-0.22198803200114503,0.8531510262857683,0.6840880642586793,0.7961286526376286,0.5741406206364835
94,9,4,36,[mms_issue]bad_wifi_calling|break_apn_mms_setting|break_app_storage_permission|data_mode_off|unseat_sim_card[PERSONA:None],repair_all,0.0,0.0,0.0,repair_all,repair_all,True,True,True,True,True,True,mostly_deep_vs_mostly_deep_required,mostly_deep_vs_mostly_deep_required,fast/deep/deep/deep/deep,fast/deep/deep/deep/deep,True,True,stage1_n5__from__root__c05,stage1_n4__from__root__c04,True,True,,,0.10231744749596122,0.08862331717824448,0.004545896276562016,0.07565029535658242,-0.6754717069068095,-0.04413232992289562,1.0,0.3245282930931905,0.7757229677703988,0.7315906378475032
95,9,5,2,[mms_issue]airplane_mode_on|bad_network_preference|bad_wifi_calling|break_apn_mms_setting|break_app_storage_permission|unseat_sim_card[PERSONA:Easy],repair_all,10.0,18.5,-8.5,repair_subset,transfer,False,False,True,True,False,False,mostly_deep_vs_mostly_deep_required,mostly_deep_vs_mostly_deep_required,fast/fast/deep/deep/deep,deep/deep/deep/deep/deep,True,True,stage1_n5__from__root__c05,stage1_n3__from__root__c03,True,True,subset_mismatch_base_plus_linear;local_clear_failure_floor_10,subset_mismatch_base_plus_linear;local_clear_failure_floor_10;invalid_local_transfer_floor_18,0.3723812600969305,0.6282288637587506,0.03011446419629621,0.019642513637998613,-0.4611275706846649,-0.44573306655436495,1.0,0.5388724293153351,0.5586096367917979,0.11287657023743293
96,9,6,9,[mms_issue]airplane_mode_on|bad_network_preference|bad_wifi_calling|break_apn_mms_setting|break_app_both_permissions|data_mode_off|data_usage_exceeded|unseat_sim_card|user_abroad_roaming_disabled_on[PERSONA:Hard],repair_subset,12.0,12.0,0.0,repair_subset,repair_subset,False,False,False,False,False,False,mostly_deep_vs_mostly_deep_required,mostly_deep_vs_mostly_deep_required,deep/fast/deep/deep/deep,deep/fast/deep/deep/fast,True,True,stage1_n3__from__root__c03,stage1_n2__from__root__c02,True,True,subset_mismatch_base_plus_linear;local_clear_failure_floor_10;local_clear_and_aux_failure_floor_12,subset_mismatch_base_plus_linear;local_clear_failure_floor_10;local_clear_and_aux_failure_floor_12,0.45327086698976843,0.4746483575659666,0.011451569668828607,0.05240694430052955,-0.8618033287540131,-0.36418569048263727,1.0,0.13819667124598692,1.0,0.6358143095173627
97,9,7,10,[mms_issue]airplane_mode_on|bad_network_preference|bad_wifi_calling|break_apn_mms_setting|break_app_sms_permission|data_mode_off|data_usage_exceeded|unseat_sim_card|user_abroad_roaming_disabled_on[PERSONA:None],repair_subset,12.0,22.5,-10.5,repair_subset,transfer,False,False,False,False,False,False,mostly_deep_vs_mostly_deep_required,mostly_deep_vs_mostly_deep_required,fast/fast/deep/deep/deep,fast/deep/deep/deep/deep,True,True,stage1_n1__from__root__c01,stage1_n4__from__root__c04,True,True,subset_mismatch_base_plus_linear;local_clear_failure_floor_10;local_clear_and_aux_failure_floor_12,subset_mismatch_base_plus_linear;local_clear_failure_floor_10;local_clear_and_aux_failure_floor_12;invalid_local_transfer_floor_18,0.4314924609585353,0.7163330640818524,0.029543454796956508,0.06102964707480303,-0.5182198735141024,-0.22296018624320318,1.0,0.4817801264858976,0.5022342617344971,0.27927407549129396
98,9,8,13,[mms_issue]airplane_mode_on|bad_network_preference|bad_wifi_calling|break_apn_mms_setting|break_app_both_permissions|data_mode_off|data_usage_exceeded|unseat_sim_card|user_abroad_roaming_enabled_off[PERSONA:Hard],repair_subset,17.0,17.0,0.0,repair_subset,repair_subset,False,False,False,False,False,False,mostly_deep_vs_mostly_deep_required,mostly_deep_vs_mostly_deep_required,deep/fast/deep/deep/deep,deep/fast/deep/deep/deep,True,True,stage1_n3__from__root__c03,stage1_n2__from__root__c02,True,True,subset_mismatch_base_plus_linear;local_clear_failure_floor_10;local_clear_and_aux_failure_floor_12,subset_mismatch_base_plus_linear;local_clear_failure_floor_10;local_clear_and_aux_failure_floor_12,0.6011464728056004,0.6015751211631665,0.018859821103329073,0.04068427925050995,-0.7968321160826187,-0.46095390431974614,1.0,0.2031678839173813,0.8821034567057443,0.42114955238599816
99,9,9,16,[mms_issue]airplane_mode_on|bad_network_preference|bad_wifi_calling|break_apn_mms_setting|break_app_sms_permission|data_mode_off|unseat_sim_card|user_abroad_roaming_enabled_off[PERSONA:None],repair_all,0.0,0.0,0.0,repair_all,repair_all,True,True,True,True,True,True,mostly_deep_vs_mostly_deep_required,mostly_deep_vs_mostly_deep_required,fast/fast/deep/deep/deep,deep/fast/deep/deep/deep,True,True,stage1_n5__from__root__c05,stage1_n2__from__root__c02,True,True,,,0.11362816370490038,0.11766424340333871,0.026967629509632673,0.020260472962235505,-0.1899627990313839,-0.19687859194221002,1.0,0.8100372009686161,0.7812027691066148,0.5843241771644048
