episode_index,repeat_index,position_in_cycle,dataset_index,original_task_id,is_specialist_task,selected_shared_path,selected_unshared_path,cumulative_shared_path_ratio,rolling_shared_path_ratio_last10,shared_branch_triggered,unshared_branch_triggered,shared_update_count,cumulative_shared_update_count,unshared_edge_update_count,cumulative_unshared_edge_update_count,selected_path,selected_shared_path_nodes,selected_unshared_path_nodes,raw_terminal_penalty,total_cost
0,0,0,29,[mms_issue]airplane_mode_on|bad_network_preference|break_app_sms_permission[PERSONA:Hard],False,True,False,1.0,1.0,True,False,5,5,3,3,"['stage1_n4__from__root__c04', 'stage2_n2__from__n0004__c02', 'stage3_n3__from__n0016__c02', 'stage4_n3__from__n0053__c02', 'stage5_n2__from__n0147__c02']","['stage1_n4__from__root__c04', 'stage2_n2__from__n0004__c02', 'stage3_n3__from__n0016__c02', 'stage4_n3__from__n0053__c02', 'stage5_n2__from__n0147__c02']",[],1.5,0.16296469523234763
1,0,1,20,[mms_issue]airplane_mode_on|bad_wifi_calling|break_app_sms_permission[PERSONA:None],False,True,False,1.0,1.0,True,False,2,7,4,7,"['stage1_n3__from__root__c03', 'stage2_n2__from__n0003__c02', 'stage3_n5__from__n0013__c04', 'stage4_n3__from__n0046__c02', 'stage5_n4__from__n0130__c04']","['stage1_n3__from__root__c03', 'stage2_n2__from__n0003__c02', 'stage3_n5__from__n0013__c04', 'stage4_n3__from__n0046__c02', 'stage5_n4__from__n0130__c04']",[],7.0,0.347288624019312
2,0,2,11,[mms_issue]airplane_mode_on|bad_wifi_calling|break_app_storage_permission[PERSONA:Easy],False,True,False,1.0,1.0,True,False,2,9,4,11,"['stage1_n5__from__root__c05', 'stage2_n3__from__n0005__c01', 'stage3_n5__from__n0020__c03', 'stage4_n3__from__n0067__c02', 'stage5_n1__from__n0193__c01']","['stage1_n5__from__root__c05', 'stage2_n3__from__n0005__c01', 'stage3_n5__from__n0020__c03', 'stage4_n3__from__n0067__c02', 'stage5_n1__from__n0193__c01']",[],10.5,0.42890826795413395
3,0,3,38,[mms_issue]airplane_mode_on|break_app_both_permissions|data_usage_exceeded[PERSONA:Hard],False,True,False,1.0,1.0,True,False,1,10,5,16,"['stage1_n3__from__root__c03', 'stage2_n3__from__n0003__c03', 'stage3_n5__from__n0014__c03', 'stage4_n5__from__n0049__c04', 'stage5_n2__from__n0142__c01']","['stage1_n3__from__root__c03', 'stage2_n3__from__n0003__c03', 'stage3_n5__from__n0014__c03', 'stage4_n5__from__n0049__c04', 'stage5_n2__from__n0142__c01']",[],3.5,0.2535055823777912
4,0,4,54,[mms_issue]airplane_mode_on|break_app_storage_permission[PERSONA:Easy],False,True,False,1.0,1.0,True,False,5,15,4,20,"['stage1_n2__from__root__c02', 'stage2_n3__from__n0002__c03', 'stage3_n4__from__n0011__c02', 'stage4_n2__from__n0039__c01', 'stage5_n1__from__n0112__c01']","['stage1_n2__from__root__c02', 'stage2_n3__from__n0002__c03', 'stage3_n4__from__n0011__c02', 'stage4_n2__from__n0039__c01', 'stage5_n1__from__n0112__c01']",[],1.5,0.16360938442969222
5,0,5,27,[mms_issue]bad_network_preference[PERSONA:None],False,True,False,1.0,1.0,True,False,5,20,2,22,"['stage1_n1__from__root__c01', 'stage2_n1__from__n0001__c01', 'stage3_n2__from__n0006__c02', 'stage4_n1__from__n0024__c01', 'stage5_n1__from__n0075__c01']","['stage1_n1__from__root__c01', 'stage2_n1__from__n0001__c01', 'stage3_n2__from__n0006__c02', 'stage4_n1__from__n0024__c01', 'stage5_n1__from__n0075__c01']",[],1.5,0.181829662039831
6,0,6,37,[mms_issue]bad_network_preference|break_app_storage_permission[PERSONA:None],False,True,False,1.0,1.0,True,False,5,25,5,27,"['stage1_n2__from__root__c02', 'stage2_n3__from__n0002__c03', 'stage3_n4__from__n0011__c02', 'stage4_n4__from__n0039__c03', 'stage5_n4__from__n0114__c03']","['stage1_n2__from__root__c02', 'stage2_n3__from__n0002__c03', 'stage3_n4__from__n0011__c02', 'stage4_n4__from__n0039__c03', 'stage5_n4__from__n0114__c03']",[],1.5,0.14662492456246226
7,0,7,36,[mms_issue]bad_wifi_calling[PERSONA:Easy],False,True,False,1.0,1.0,True,False,5,30,4,31,"['stage1_n4__from__root__c04', 'stage2_n3__from__n0004__c03', 'stage3_n4__from__n0017__c02', 'stage4_n3__from__n0057__c02', 'stage5_n1__from__n0159__c01']","['stage1_n4__from__root__c04', 'stage2_n3__from__n0004__c03', 'stage3_n4__from__n0017__c02', 'stage4_n3__from__n0057__c02', 'stage5_n1__from__n0159__c01']",[],0.0,0.0918927278213639
8,0,8,92,[mms_issue]bad_wifi_calling|break_app_storage_permission[PERSONA:Easy],False,False,True,0.8888888888888888,0.8888888888888888,False,True,0,30,5,36,"['stage1_n4__from__root__c04', 'stage2_n3__from__n0004__c03', 'stage3_n5__from__n0017__c03', 'stage4_n5__from__n0058__c04', 'stage5_n5__from__n0165__c03']",[],"['stage1_n4__from__root__c04', 'stage2_n3__from__n0004__c03', 'stage3_n5__from__n0017__c03', 'stage4_n5__from__n0058__c04', 'stage5_n5__from__n0165__c03']",0.0,0.10699441762220879
9,0,9,0,[mms_issue]break_app_both_permissions[PERSONA:Hard],False,False,True,0.8,0.8,False,True,0,30,5,41,"['stage1_n3__from__root__c03', 'stage2_n2__from__n0003__c02', 'stage3_n4__from__n0013__c03', 'stage4_n5__from__n0045__c04', 'stage5_n5__from__n0128__c03']",[],"['stage1_n3__from__root__c03', 'stage2_n2__from__n0003__c02', 'stage3_n4__from__n0013__c03', 'stage4_n5__from__n0045__c04', 'stage5_n5__from__n0128__c03']",1.5,0.15905431502715753
10,0,10,10,[mms_issue]break_app_both_permissions|data_usage_exceeded[PERSONA:Hard],False,True,False,0.8181818181818182,0.8,True,False,2,32,5,46,"['stage1_n2__from__root__c02', 'stage2_n3__from__n0002__c03', 'stage3_n5__from__n0011__c03', 'stage4_n4__from__n0040__c03', 'stage5_n4__from__n0118__c03']","['stage1_n2__from__root__c02', 'stage2_n3__from__n0002__c03', 'stage3_n5__from__n0011__c03', 'stage4_n4__from__n0040__c03', 'stage5_n4__from__n0118__c03']",[],7.5,0.3385469221484611
11,0,11,9,[mms_issue]break_app_sms_permission[PERSONA:None],False,True,False,0.8333333333333334,0.8,True,False,5,37,2,48,"['stage1_n1__from__root__c01', 'stage2_n1__from__n0001__c01', 'stage3_n1__from__n0006__c01', 'stage4_n1__from__n0023__c01', 'stage5_n1__from__n0074__c01']","['stage1_n1__from__root__c01', 'stage2_n1__from__n0001__c01', 'stage3_n1__from__n0006__c01', 'stage4_n1__from__n0023__c01', 'stage5_n1__from__n0074__c01']",[],1.5,0.18062190706095355
12,0,12,1,[mms_issue]break_app_sms_permission|data_usage_exceeded[PERSONA:None],False,True,False,0.8461538461538461,0.8,True,False,5,42,5,53,"['stage1_n1__from__root__c01', 'stage2_n3__from__n0001__c03', 'stage3_n4__from__n0008__c02', 'stage4_n4__from__n0030__c03', 'stage5_n1__from__n0091__c01']","['stage1_n1__from__root__c01', 'stage2_n3__from__n0001__c03', 'stage3_n4__from__n0008__c02', 'stage4_n4__from__n0030__c03', 'stage5_n1__from__n0091__c01']",[],7.5,0.32067637296318646
13,0,13,18,[mms_issue]break_app_storage_permission[PERSONA:Easy],False,True,False,0.8571428571428571,0.8,True,False,2,44,4,57,"['stage1_n4__from__root__c04', 'stage2_n3__from__n0004__c03', 'stage3_n5__from__n0017__c03', 'stage4_n2__from__n0058__c01', 'stage5_n2__from__n0162__c02']","['stage1_n4__from__root__c04', 'stage2_n3__from__n0004__c03', 'stage3_n5__from__n0017__c03', 'stage4_n2__from__n0058__c01', 'stage5_n2__from__n0162__c02']",[],1.5,0.15090102595051297
14,0,14,70,[mms_issue]break_app_storage_permission|data_mode_off[PERSONA:Easy],False,True,False,0.8666666666666667,0.8,True,False,5,49,3,60,"['stage1_n1__from__root__c01', 'stage2_n3__from__n0001__c03', 'stage3_n3__from__n0008__c01', 'stage4_n3__from__n0029__c02', 'stage5_n1__from__n0088__c01']","['stage1_n1__from__root__c01', 'stage2_n3__from__n0001__c03', 'stage3_n3__from__n0008__c01', 'stage4_n3__from__n0029__c02', 'stage5_n1__from__n0088__c01']",[],1.5,0.15837386843693424
15,0,15,85,[mms_issue]break_app_storage_permission|data_usage_exceeded[PERSONA:Easy],False,True,False,0.875,0.8,True,False,5,54,2,62,"['stage1_n2__from__root__c02', 'stage2_n1__from__n0002__c01', 'stage3_n1__from__n0009__c01', 'stage4_n1__from__n0032__c01', 'stage5_n1__from__n0097__c01']","['stage1_n2__from__root__c02', 'stage2_n1__from__n0002__c01', 'stage3_n1__from__n0009__c01', 'stage4_n1__from__n0032__c01', 'stage5_n1__from__n0097__c01']",[],7.5,0.383300694025347
16,1,0,44,[mms_issue]airplane_mode_on|bad_network_preference|bad_wifi_calling|break_apn_mms_setting|break_app_both_permissions|data_mode_off|data_usage_exceeded|unseat_sim_card|user_abroad_roaming_disabled_off[PERSONA:Hard],True,True,False,0.8823529411764706,0.8,True,False,2,56,4,66,"['stage1_n5__from__root__c05', 'stage2_n4__from__n0005__c02', 'stage3_n5__from__n0021__c03', 'stage4_n2__from__n0070__c01', 'stage5_n2__from__n0202__c02']","['stage1_n5__from__root__c05', 'stage2_n4__from__n0005__c02', 'stage3_n5__from__n0021__c03', 'stage4_n2__from__n0070__c01', 'stage5_n2__from__n0202__c02']",[],2.0,0.18556457453228722
17,1,1,53,[mms_issue]airplane_mode_on|bad_network_preference|bad_wifi_calling|break_apn_mms_setting|break_app_both_permissions|data_mode_off|data_usage_exceeded|unseat_sim_card|user_abroad_roaming_disabled_on[PERSONA:Hard],True,True,False,0.8888888888888888,0.8,True,False,5,61,4,70,"['stage1_n1__from__root__c01', 'stage2_n3__from__n0001__c03', 'stage3_n4__from__n0008__c02', 'stage4_n3__from__n0030__c02', 'stage5_n1__from__n0090__c01']","['stage1_n1__from__root__c01', 'stage2_n3__from__n0001__c03', 'stage3_n4__from__n0008__c02', 'stage4_n3__from__n0030__c02', 'stage5_n1__from__n0090__c01']",[],21.0,0.7926247736873867
18,1,2,77,[mms_issue]airplane_mode_on|bad_network_preference|bad_wifi_calling|break_apn_mms_setting|break_app_both_permissions|data_mode_off|data_usage_exceeded|unseat_sim_card|user_abroad_roaming_enabled_off[PERSONA:Hard],True,True,False,0.8947368421052632,0.9,True,False,5,66,2,72,"['stage1_n3__from__root__c03', 'stage2_n1__from__n0003__c01', 'stage3_n1__from__n0012__c01', 'stage4_n1__from__n0041__c01', 'stage5_n2__from__n0120__c02']","['stage1_n3__from__root__c03', 'stage2_n1__from__n0003__c01', 'stage3_n1__from__n0012__c01', 'stage4_n1__from__n0041__c01', 'stage5_n2__from__n0120__c02']",[],16.5,0.6417768557634278
19,1,3,84,[mms_issue]airplane_mode_on|bad_network_preference|bad_wifi_calling|break_apn_mms_setting|break_app_both_permissions|data_mode_off|unseat_sim_card|user_abroad_roaming_disabled_off[PERSONA:Hard],True,True,False,0.9,1.0,True,False,5,71,3,75,"['stage1_n4__from__root__c04', 'stage2_n4__from__n0004__c04', 'stage3_n3__from__n0018__c01', 'stage4_n2__from__n0059__c01', 'stage5_n1__from__n0166__c01']","['stage1_n4__from__root__c04', 'stage2_n4__from__n0004__c04', 'stage3_n3__from__n0018__c01', 'stage4_n2__from__n0059__c01', 'stage5_n1__from__n0166__c01']",[],2.0,0.2018572721786361
20,1,4,68,[mms_issue]airplane_mode_on|bad_network_preference|bad_wifi_calling|break_apn_mms_setting|break_app_both_permissions|data_mode_off|unseat_sim_card|user_abroad_roaming_enabled_off[PERSONA:Hard],True,True,False,0.9047619047619048,1.0,True,False,5,76,3,78,"['stage1_n3__from__root__c03', 'stage2_n2__from__n0003__c02', 'stage3_n3__from__n0013__c02', 'stage4_n3__from__n0044__c02', 'stage5_n3__from__n0124__c03']","['stage1_n3__from__root__c03', 'stage2_n2__from__n0003__c02', 'stage3_n3__from__n0013__c02', 'stage4_n3__from__n0044__c02', 'stage5_n3__from__n0124__c03']",[],13.0,0.5376857272178637
21,1,5,51,[mms_issue]airplane_mode_on|bad_network_preference|bad_wifi_calling|break_apn_mms_setting|break_app_both_permissions|unseat_sim_card|user_abroad_roaming_disabled_off[PERSONA:Hard],False,True,False,0.9090909090909091,1.0,True,False,5,81,2,80,"['stage1_n4__from__root__c04', 'stage2_n1__from__n0004__c01', 'stage3_n1__from__n0015__c01', 'stage4_n1__from__n0050__c01', 'stage5_n1__from__n0143__c01']","['stage1_n4__from__root__c04', 'stage2_n1__from__n0004__c01', 'stage3_n1__from__n0015__c01', 'stage4_n1__from__n0050__c01', 'stage5_n1__from__n0143__c01']",[],2.0,0.18217320458660227
22,1,6,35,[mms_issue]airplane_mode_on|bad_network_preference|bad_wifi_calling|break_apn_mms_setting|break_app_sms_permission|data_mode_off|data_usage_exceeded|unseat_sim_card|user_abroad_roaming_disabled_off[PERSONA:None],True,True,False,0.9130434782608695,1.0,True,False,5,86,3,83,"['stage1_n3__from__root__c03', 'stage2_n3__from__n0003__c03', 'stage3_n3__from__n0014__c01', 'stage4_n3__from__n0047__c02', 'stage5_n2__from__n0134__c02']","['stage1_n3__from__root__c03', 'stage2_n3__from__n0003__c03', 'stage3_n3__from__n0014__c01', 'stage4_n3__from__n0047__c02', 'stage5_n2__from__n0134__c02']",[],2.0,0.23201297525648762
23,1,7,61,[mms_issue]airplane_mode_on|bad_network_preference|bad_wifi_calling|break_apn_mms_setting|break_app_sms_permission|data_mode_off|data_usage_exceeded|unseat_sim_card|user_abroad_roaming_disabled_on[PERSONA:None],True,True,False,0.9166666666666666,1.0,True,False,5,91,2,85,"['stage1_n1__from__root__c01', 'stage2_n1__from__n0001__c01', 'stage3_n1__from__n0006__c01', 'stage4_n1__from__n0023__c01', 'stage5_n2__from__n0074__c02']","['stage1_n1__from__root__c01', 'stage2_n1__from__n0001__c01', 'stage3_n1__from__n0006__c01', 'stage4_n1__from__n0023__c01', 'stage5_n2__from__n0074__c02']",[],21.0,0.7621792395896198
24,1,8,69,[mms_issue]airplane_mode_on|bad_network_preference|bad_wifi_calling|break_apn_mms_setting|break_app_sms_permission|data_mode_off|data_usage_exceeded|unseat_sim_card|user_abroad_roaming_enabled_off[PERSONA:None],True,True,False,0.92,1.0,True,False,1,92,5,90,"['stage1_n5__from__root__c05', 'stage2_n4__from__n0005__c02', 'stage3_n4__from__n0021__c02', 'stage4_n5__from__n0069__c04', 'stage5_n2__from__n0201__c01']","['stage1_n5__from__root__c05', 'stage2_n4__from__n0005__c02', 'stage3_n4__from__n0021__c02', 'stage4_n5__from__n0069__c04', 'stage5_n2__from__n0201__c01']",[],12.0,0.5130876584188292
25,1,9,25,[mms_issue]airplane_mode_on|bad_network_preference|bad_wifi_calling|break_apn_mms_setting|break_app_sms_permission|data_mode_off|data_usage_exceeded|user_abroad_roaming_disabled_on[PERSONA:None],True,True,False,0.9230769230769231,1.0,True,False,3,95,4,94,"['stage1_n4__from__root__c04', 'stage2_n5__from__n0004__c05', 'stage3_n4__from__n0019__c02', 'stage4_n3__from__n0063__c02', 'stage5_n1__from__n0179__c01']","['stage1_n4__from__root__c04', 'stage2_n5__from__n0004__c05', 'stage3_n4__from__n0019__c02', 'stage4_n3__from__n0063__c02', 'stage5_n1__from__n0179__c01']",[],8.0,0.3912750452625226
26,1,10,98,[mms_issue]airplane_mode_on|bad_network_preference|bad_wifi_calling|break_apn_mms_setting|break_app_sms_permission|data_mode_off|unseat_sim_card|user_abroad_roaming_enabled_off[PERSONA:None],True,True,False,0.9259259259259259,1.0,True,False,5,100,3,97,"['stage1_n1__from__root__c01', 'stage2_n2__from__n0001__c02', 'stage3_n2__from__n0007__c01', 'stage4_n1__from__n0025__c01', 'stage5_n2__from__n0076__c02']","['stage1_n1__from__root__c01', 'stage2_n2__from__n0001__c02', 'stage3_n2__from__n0007__c01', 'stage4_n1__from__n0025__c01', 'stage5_n2__from__n0076__c02']",[],0.0,0.12988186481593242
27,1,11,8,[mms_issue]airplane_mode_on|bad_network_preference|bad_wifi_calling|break_apn_mms_setting|break_app_storage_permission|data_mode_off|data_usage_exceeded|unseat_sim_card|user_abroad_roaming_disabled_off[PERSONA:Easy],True,True,False,0.9285714285714286,1.0,True,False,3,103,3,100,"['stage1_n5__from__root__c05', 'stage2_n5__from__n0005__c03', 'stage3_n3__from__n0022__c01', 'stage4_n2__from__n0071__c01', 'stage5_n1__from__n0206__c01']","['stage1_n5__from__root__c05', 'stage2_n5__from__n0005__c03', 'stage3_n3__from__n0022__c01', 'stage4_n2__from__n0071__c01', 'stage5_n1__from__n0206__c01']",[],2.0,0.19356894990947493
28,1,12,17,[mms_issue]airplane_mode_on|bad_network_preference|bad_wifi_calling|break_apn_mms_setting|break_app_storage_permission|data_mode_off|data_usage_exceeded|unseat_sim_card|user_abroad_roaming_disabled_on[PERSONA:Easy],True,True,False,0.9310344827586207,1.0,True,False,3,106,4,104,"['stage1_n5__from__root__c05', 'stage2_n5__from__n0005__c03', 'stage3_n4__from__n0022__c02', 'stage4_n3__from__n0072__c02', 'stage5_n1__from__n0209__c01']","['stage1_n5__from__root__c05', 'stage2_n5__from__n0005__c03', 'stage3_n4__from__n0022__c02', 'stage4_n3__from__n0072__c02', 'stage5_n1__from__n0209__c01']",[],10.0,0.4409757091128546
29,1,13,26,[mms_issue]airplane_mode_on|bad_network_preference|bad_wifi_calling|break_apn_mms_setting|break_app_storage_permission|data_mode_off|data_usage_exceeded|unseat_sim_card|user_abroad_roaming_enabled_off[PERSONA:Easy],True,True,False,0.9333333333333333,1.0,True,False,2,108,5,109,"['stage1_n4__from__root__c04', 'stage2_n5__from__n0004__c05', 'stage3_n5__from__n0019__c03', 'stage4_n4__from__n0064__c03', 'stage5_n4__from__n0184__c03']","['stage1_n4__from__root__c04', 'stage2_n5__from__n0004__c05', 'stage3_n5__from__n0019__c03', 'stage4_n4__from__n0064__c03', 'stage5_n4__from__n0184__c03']",[],14.0,0.5808082377791188
30,1,14,14,[mms_issue]airplane_mode_on|bad_network_preference|bad_wifi_calling|break_apn_mms_setting|break_app_storage_permission|unseat_sim_card[PERSONA:Easy],False,True,False,0.9354838709677419,1.0,True,False,4,112,3,112,"['stage1_n5__from__root__c05', 'stage2_n4__from__n0005__c02', 'stage3_n3__from__n0021__c01', 'stage4_n3__from__n0068__c02', 'stage5_n1__from__n0197__c01']","['stage1_n5__from__root__c05', 'stage2_n4__from__n0005__c02', 'stage3_n3__from__n0021__c01', 'stage4_n3__from__n0068__c02', 'stage5_n1__from__n0197__c01']",[],0.0,0.12907830416415206
31,1,15,87,[mms_issue]airplane_mode_on|break_apn_mms_setting|break_app_both_permissions|user_abroad_roaming_disabled_off[PERSONA:None],False,True,False,0.9375,1.0,True,False,5,117,4,116,"['stage1_n2__from__root__c02', 'stage2_n2__from__n0002__c02', 'stage3_n4__from__n0010__c03', 'stage4_n2__from__n0036__c01', 'stage5_n2__from__n0102__c02']","['stage1_n2__from__root__c02', 'stage2_n2__from__n0002__c02', 'stage3_n4__from__n0010__c03', 'stage4_n2__from__n0036__c01', 'stage5_n2__from__n0102__c02']",[],3.0,0.25273913699456846
32,2,0,44,[mms_issue]airplane_mode_on|bad_network_preference|bad_wifi_calling|break_apn_mms_setting|break_app_both_permissions|data_mode_off|data_usage_exceeded|unseat_sim_card|user_abroad_roaming_disabled_off[PERSONA:Hard],True,True,False,0.9393939393939394,1.0,True,False,5,122,2,118,"['stage1_n2__from__root__c02', 'stage2_n1__from__n0002__c01', 'stage3_n2__from__n0009__c02', 'stage4_n1__from__n0033__c01', 'stage5_n1__from__n0098__c01']","['stage1_n2__from__root__c02', 'stage2_n1__from__n0002__c01', 'stage3_n2__from__n0009__c02', 'stage4_n1__from__n0033__c01', 'stage5_n1__from__n0098__c01']",[],2.0,0.2007929993964997
33,2,1,53,[mms_issue]airplane_mode_on|bad_network_preference|bad_wifi_calling|break_apn_mms_setting|break_app_both_permissions|data_mode_off|data_usage_exceeded|unseat_sim_card|user_abroad_roaming_disabled_on[PERSONA:Hard],True,False,True,0.9117647058823529,0.9,False,True,0,122,5,123,"['stage1_n4__from__root__c04', 'stage2_n2__from__n0004__c02', 'stage3_n4__from__n0016__c03', 'stage4_n5__from__n0054__c04', 'stage5_n5__from__n0151__c03']",[],"['stage1_n4__from__root__c04', 'stage2_n2__from__n0004__c02', 'stage3_n4__from__n0016__c03', 'stage4_n5__from__n0054__c04', 'stage5_n5__from__n0151__c03']",10.0,0.4585292697646349
34,2,2,77,[mms_issue]airplane_mode_on|bad_network_preference|bad_wifi_calling|break_apn_mms_setting|break_app_both_permissions|data_mode_off|data_usage_exceeded|unseat_sim_card|user_abroad_roaming_enabled_off[PERSONA:Hard],True,True,False,0.9142857142857143,0.9,True,False,5,127,3,126,"['stage1_n2__from__root__c02', 'stage2_n2__from__n0002__c02', 'stage3_n3__from__n0010__c02', 'stage4_n3__from__n0035__c02', 'stage5_n4__from__n0101__c04']","['stage1_n2__from__root__c02', 'stage2_n2__from__n0002__c02', 'stage3_n3__from__n0010__c02', 'stage4_n3__from__n0035__c02', 'stage5_n4__from__n0101__c04']",[],14.5,0.6078581774290888
35,2,3,84,[mms_issue]airplane_mode_on|bad_network_preference|bad_wifi_calling|break_apn_mms_setting|break_app_both_permissions|data_mode_off|unseat_sim_card|user_abroad_roaming_disabled_off[PERSONA:Hard],True,True,False,0.9166666666666666,0.9,True,False,3,130,3,129,"['stage1_n4__from__root__c04', 'stage2_n5__from__n0004__c05', 'stage3_n3__from__n0019__c01', 'stage4_n2__from__n0062__c01', 'stage5_n2__from__n0176__c02']","['stage1_n4__from__root__c04', 'stage2_n5__from__n0004__c05', 'stage3_n3__from__n0019__c01', 'stage4_n2__from__n0062__c01', 'stage5_n2__from__n0176__c02']",[],2.0,0.19247601086300542
36,2,4,68,[mms_issue]airplane_mode_on|bad_network_preference|bad_wifi_calling|break_apn_mms_setting|break_app_both_permissions|data_mode_off|unseat_sim_card|user_abroad_roaming_enabled_off[PERSONA:Hard],True,True,False,0.918918918918919,0.9,True,False,5,135,5,134,"['stage1_n1__from__root__c01', 'stage2_n2__from__n0001__c02', 'stage3_n4__from__n0007__c03', 'stage4_n4__from__n0027__c03', 'stage5_n3__from__n0081__c02']","['stage1_n1__from__root__c01', 'stage2_n2__from__n0001__c02', 'stage3_n4__from__n0007__c03', 'stage4_n4__from__n0027__c03', 'stage5_n3__from__n0081__c02']",[],13.0,0.5563652685576342
37,2,5,51,[mms_issue]airplane_mode_on|bad_network_preference|bad_wifi_calling|break_apn_mms_setting|break_app_both_permissions|unseat_sim_card|user_abroad_roaming_disabled_off[PERSONA:Hard],False,True,False,0.9210526315789473,0.9,True,False,5,140,3,137,"['stage1_n2__from__root__c02', 'stage2_n2__from__n0002__c02', 'stage3_n2__from__n0010__c01', 'stage4_n1__from__n0034__c01', 'stage5_n2__from__n0099__c02']","['stage1_n2__from__root__c02', 'stage2_n2__from__n0002__c02', 'stage3_n2__from__n0010__c01', 'stage4_n1__from__n0034__c01', 'stage5_n2__from__n0099__c02']",[],2.0,0.21600452625226316
38,2,6,35,[mms_issue]airplane_mode_on|bad_network_preference|bad_wifi_calling|break_apn_mms_setting|break_app_sms_permission|data_mode_off|data_usage_exceeded|unseat_sim_card|user_abroad_roaming_disabled_off[PERSONA:None],True,True,False,0.9230769230769231,0.9,True,False,5,145,2,139,"['stage1_n4__from__root__c04', 'stage2_n1__from__n0004__c01', 'stage3_n1__from__n0015__c01', 'stage4_n1__from__n0050__c01', 'stage5_n1__from__n0143__c01']","['stage1_n4__from__root__c04', 'stage2_n1__from__n0004__c01', 'stage3_n1__from__n0015__c01', 'stage4_n1__from__n0050__c01', 'stage5_n1__from__n0143__c01']",[],2.0,0.18445850935425467
39,2,7,61,[mms_issue]airplane_mode_on|bad_network_preference|bad_wifi_calling|break_apn_mms_setting|break_app_sms_permission|data_mode_off|data_usage_exceeded|unseat_sim_card|user_abroad_roaming_disabled_on[PERSONA:None],True,True,False,0.925,0.9,True,False,5,150,2,141,"['stage1_n2__from__root__c02', 'stage2_n1__from__n0002__c01', 'stage3_n1__from__n0009__c01', 'stage4_n1__from__n0032__c01', 'stage5_n1__from__n0097__c01']","['stage1_n2__from__root__c02', 'stage2_n1__from__n0002__c01', 'stage3_n1__from__n0009__c01', 'stage4_n1__from__n0032__c01', 'stage5_n1__from__n0097__c01']",[],21.0,0.7767370247435124
40,2,8,69,[mms_issue]airplane_mode_on|bad_network_preference|bad_wifi_calling|break_apn_mms_setting|break_app_sms_permission|data_mode_off|data_usage_exceeded|unseat_sim_card|user_abroad_roaming_enabled_off[PERSONA:None],True,True,False,0.926829268292683,0.9,True,False,1,151,5,146,"['stage1_n5__from__root__c05', 'stage2_n4__from__n0005__c02', 'stage3_n5__from__n0021__c03', 'stage4_n5__from__n0070__c04', 'stage5_n4__from__n0205__c02']","['stage1_n5__from__root__c05', 'stage2_n4__from__n0005__c02', 'stage3_n5__from__n0021__c03', 'stage4_n5__from__n0070__c04', 'stage5_n4__from__n0205__c02']",[],14.0,0.5720728726614362
41,2,9,25,[mms_issue]airplane_mode_on|bad_network_preference|bad_wifi_calling|break_apn_mms_setting|break_app_sms_permission|data_mode_off|data_usage_exceeded|user_abroad_roaming_disabled_on[PERSONA:None],True,True,False,0.9285714285714286,0.9,True,False,1,152,5,151,"['stage1_n5__from__root__c05', 'stage2_n5__from__n0005__c03', 'stage3_n4__from__n0022__c02', 'stage4_n5__from__n0072__c04', 'stage5_n2__from__n0211__c01']","['stage1_n5__from__root__c05', 'stage2_n5__from__n0005__c03', 'stage3_n4__from__n0022__c02', 'stage4_n5__from__n0072__c04', 'stage5_n2__from__n0211__c01']",[],8.0,0.389178636089318
42,2,10,98,[mms_issue]airplane_mode_on|bad_network_preference|bad_wifi_calling|break_apn_mms_setting|break_app_sms_permission|data_mode_off|unseat_sim_card|user_abroad_roaming_enabled_off[PERSONA:None],True,True,False,0.9302325581395349,0.9,True,False,5,157,4,155,"['stage1_n3__from__root__c03', 'stage2_n3__from__n0003__c03', 'stage3_n4__from__n0014__c02', 'stage4_n2__from__n0048__c01', 'stage5_n1__from__n0135__c01']","['stage1_n3__from__root__c03', 'stage2_n3__from__n0003__c03', 'stage3_n4__from__n0014__c02', 'stage4_n2__from__n0048__c01', 'stage5_n1__from__n0135__c01']",[],13.0,0.5629894387447194
43,2,11,8,[mms_issue]airplane_mode_on|bad_network_preference|bad_wifi_calling|break_apn_mms_setting|break_app_storage_permission|data_mode_off|data_usage_exceeded|unseat_sim_card|user_abroad_roaming_disabled_off[PERSONA:Easy],True,True,False,0.9318181818181818,1.0,True,False,5,162,2,157,"['stage1_n2__from__root__c02', 'stage2_n1__from__n0002__c01', 'stage3_n1__from__n0009__c01', 'stage4_n1__from__n0032__c01', 'stage5_n2__from__n0097__c02']","['stage1_n2__from__root__c02', 'stage2_n1__from__n0002__c01', 'stage3_n1__from__n0009__c01', 'stage4_n1__from__n0032__c01', 'stage5_n2__from__n0097__c02']",[],2.0,0.20047163548581773
44,2,12,17,[mms_issue]airplane_mode_on|bad_network_preference|bad_wifi_calling|break_apn_mms_setting|break_app_storage_permission|data_mode_off|data_usage_exceeded|unseat_sim_card|user_abroad_roaming_disabled_on[PERSONA:Easy],True,True,False,0.9333333333333333,1.0,True,False,5,167,3,160,"['stage1_n2__from__root__c02', 'stage2_n3__from__n0002__c03', 'stage3_n3__from__n0011__c01', 'stage4_n3__from__n0038__c02', 'stage5_n3__from__n0111__c03']","['stage1_n2__from__root__c02', 'stage2_n3__from__n0002__c03', 'stage3_n3__from__n0011__c01', 'stage4_n3__from__n0038__c02', 'stage5_n3__from__n0111__c03']",[],21.0,0.790746228123114
45,2,13,26,[mms_issue]airplane_mode_on|bad_network_preference|bad_wifi_calling|break_apn_mms_setting|break_app_storage_permission|data_mode_off|data_usage_exceeded|unseat_sim_card|user_abroad_roaming_enabled_off[PERSONA:Easy],True,False,True,0.9130434782608695,0.9,False,True,0,167,5,165,"['stage1_n5__from__root__c05', 'stage2_n5__from__n0005__c03', 'stage3_n5__from__n0022__c03', 'stage4_n4__from__n0073__c03', 'stage5_n5__from__n0214__c04']",[],"['stage1_n5__from__root__c05', 'stage2_n5__from__n0005__c03', 'stage3_n5__from__n0022__c03', 'stage4_n4__from__n0073__c03', 'stage5_n5__from__n0214__c04']",12.5,0.5131213035606518
46,2,14,14,[mms_issue]airplane_mode_on|bad_network_preference|bad_wifi_calling|break_apn_mms_setting|break_app_storage_permission|unseat_sim_card[PERSONA:Easy],False,True,False,0.9148936170212766,0.9,True,False,4,171,4,169,"['stage1_n5__from__root__c05', 'stage2_n4__from__n0005__c02', 'stage3_n4__from__n0021__c02', 'stage4_n2__from__n0069__c01', 'stage5_n1__from__n0198__c01']","['stage1_n5__from__root__c05', 'stage2_n4__from__n0005__c02', 'stage3_n4__from__n0021__c02', 'stage4_n2__from__n0069__c01', 'stage5_n1__from__n0198__c01']",[],0.0,0.1308826191913096
47,2,15,87,[mms_issue]airplane_mode_on|break_apn_mms_setting|break_app_both_permissions|user_abroad_roaming_disabled_off[PERSONA:None],False,True,False,0.9166666666666666,0.9,True,False,1,172,5,174,"['stage1_n4__from__root__c04', 'stage2_n4__from__n0004__c04', 'stage3_n4__from__n0018__c02', 'stage4_n5__from__n0060__c04', 'stage5_n4__from__n0171__c02']","['stage1_n4__from__root__c04', 'stage2_n4__from__n0004__c04', 'stage3_n4__from__n0018__c02', 'stage4_n5__from__n0060__c04', 'stage5_n4__from__n0171__c02']",[],3.0,0.24989649969824984
48,3,0,44,[mms_issue]airplane_mode_on|bad_network_preference|bad_wifi_calling|break_apn_mms_setting|break_app_both_permissions|data_mode_off|data_usage_exceeded|unseat_sim_card|user_abroad_roaming_disabled_off[PERSONA:Hard],True,True,False,0.9183673469387755,0.9,True,False,5,177,2,176,"['stage1_n4__from__root__c04', 'stage2_n1__from__n0004__c01', 'stage3_n1__from__n0015__c01', 'stage4_n1__from__n0050__c01', 'stage5_n2__from__n0143__c02']","['stage1_n4__from__root__c04', 'stage2_n1__from__n0004__c01', 'stage3_n1__from__n0015__c01', 'stage4_n1__from__n0050__c01', 'stage5_n2__from__n0143__c02']",[],2.0,0.18566671695835846
49,3,1,53,[mms_issue]airplane_mode_on|bad_network_preference|bad_wifi_calling|break_apn_mms_setting|break_app_both_permissions|data_mode_off|data_usage_exceeded|unseat_sim_card|user_abroad_roaming_disabled_on[PERSONA:Hard],True,True,False,0.92,0.9,True,False,4,181,3,179,"['stage1_n5__from__root__c05', 'stage2_n3__from__n0005__c01', 'stage3_n3__from__n0020__c01', 'stage4_n3__from__n0065__c02', 'stage5_n2__from__n0187__c02']","['stage1_n5__from__root__c05', 'stage2_n3__from__n0005__c01', 'stage3_n3__from__n0020__c01', 'stage4_n3__from__n0065__c02', 'stage5_n2__from__n0187__c02']",[],15.0,0.5825556729028364
50,3,2,77,[mms_issue]airplane_mode_on|bad_network_preference|bad_wifi_calling|break_apn_mms_setting|break_app_both_permissions|data_mode_off|data_usage_exceeded|unseat_sim_card|user_abroad_roaming_enabled_off[PERSONA:Hard],True,True,False,0.9215686274509803,0.9,True,False,5,186,2,181,"['stage1_n4__from__root__c04', 'stage2_n1__from__n0004__c01', 'stage3_n2__from__n0015__c02', 'stage4_n1__from__n0051__c01', 'stage5_n1__from__n0144__c01']","['stage1_n4__from__root__c04', 'stage2_n1__from__n0004__c01', 'stage3_n2__from__n0015__c02', 'stage4_n1__from__n0051__c01', 'stage5_n1__from__n0144__c01']",[],16.5,0.6255666867833435
51,3,3,84,[mms_issue]airplane_mode_on|bad_network_preference|bad_wifi_calling|break_apn_mms_setting|break_app_both_permissions|data_mode_off|unseat_sim_card|user_abroad_roaming_disabled_off[PERSONA:Hard],True,True,False,0.9230769230769231,0.9,True,False,2,188,4,185,"['stage1_n4__from__root__c04', 'stage2_n4__from__n0004__c04', 'stage3_n5__from__n0018__c03', 'stage4_n3__from__n0061__c02', 'stage5_n3__from__n0173__c03']","['stage1_n4__from__root__c04', 'stage2_n4__from__n0004__c04', 'stage3_n5__from__n0018__c03', 'stage4_n3__from__n0061__c02', 'stage5_n3__from__n0173__c03']",[],2.0,0.182521726010863
52,3,4,68,[mms_issue]airplane_mode_on|bad_network_preference|bad_wifi_calling|break_apn_mms_setting|break_app_both_permissions|data_mode_off|unseat_sim_card|user_abroad_roaming_enabled_off[PERSONA:Hard],True,True,False,0.9245283018867925,0.9,True,False,5,193,3,188,"['stage1_n2__from__root__c02', 'stage2_n2__from__n0002__c02', 'stage3_n2__from__n0010__c01', 'stage4_n1__from__n0034__c01', 'stage5_n2__from__n0099__c02']","['stage1_n2__from__root__c02', 'stage2_n2__from__n0002__c02', 'stage3_n2__from__n0010__c01', 'stage4_n1__from__n0034__c01', 'stage5_n2__from__n0099__c02']",[],13.0,0.5343177429088715
53,3,5,51,[mms_issue]airplane_mode_on|bad_network_preference|bad_wifi_calling|break_apn_mms_setting|break_app_both_permissions|unseat_sim_card|user_abroad_roaming_disabled_off[PERSONA:Hard],False,False,True,0.9074074074074074,0.8,False,True,0,193,5,193,"['stage1_n5__from__root__c05', 'stage2_n5__from__n0005__c03', 'stage3_n5__from__n0022__c03', 'stage4_n5__from__n0073__c04', 'stage5_n5__from__n0215__c03']",[],"['stage1_n5__from__root__c05', 'stage2_n5__from__n0005__c03', 'stage3_n5__from__n0022__c03', 'stage4_n5__from__n0073__c04', 'stage5_n5__from__n0215__c03']",2.0,0.182541038020519
54,3,6,35,[mms_issue]airplane_mode_on|bad_network_preference|bad_wifi_calling|break_apn_mms_setting|break_app_sms_permission|data_mode_off|data_usage_exceeded|unseat_sim_card|user_abroad_roaming_disabled_off[PERSONA:None],True,True,False,0.9090909090909091,0.8,True,False,1,194,5,198,"['stage1_n5__from__root__c05', 'stage2_n3__from__n0005__c01', 'stage3_n4__from__n0020__c02', 'stage4_n5__from__n0066__c04', 'stage5_n4__from__n0191__c02']","['stage1_n5__from__root__c05', 'stage2_n3__from__n0005__c01', 'stage3_n4__from__n0020__c02', 'stage4_n5__from__n0066__c04', 'stage5_n4__from__n0191__c02']",[],2.0,0.22586240193120097
55,3,7,61,[mms_issue]airplane_mode_on|bad_network_preference|bad_wifi_calling|break_apn_mms_setting|break_app_sms_permission|data_mode_off|data_usage_exceeded|unseat_sim_card|user_abroad_roaming_disabled_on[PERSONA:None],True,True,False,0.9107142857142857,0.9,True,False,2,196,4,202,"['stage1_n2__from__root__c02', 'stage2_n2__from__n0002__c02', 'stage3_n5__from__n0010__c04', 'stage4_n3__from__n0037__c02', 'stage5_n1__from__n0107__c01']","['stage1_n2__from__root__c02', 'stage2_n2__from__n0002__c02', 'stage3_n5__from__n0010__c04', 'stage4_n3__from__n0037__c02', 'stage5_n1__from__n0107__c01']",[],15.0,0.5970033192516595
56,3,8,69,[mms_issue]airplane_mode_on|bad_network_preference|bad_wifi_calling|break_apn_mms_setting|break_app_sms_permission|data_mode_off|data_usage_exceeded|unseat_sim_card|user_abroad_roaming_enabled_off[PERSONA:None],True,True,False,0.9122807017543859,0.9,True,False,3,199,3,205,"['stage1_n5__from__root__c05', 'stage2_n5__from__n0005__c03', 'stage3_n3__from__n0022__c01', 'stage4_n3__from__n0071__c02', 'stage5_n3__from__n0207__c03']","['stage1_n5__from__root__c05', 'stage2_n5__from__n0005__c03', 'stage3_n3__from__n0022__c01', 'stage4_n3__from__n0071__c02', 'stage5_n3__from__n0207__c03']",[],16.5,0.6229909474954738
57,3,9,25,[mms_issue]airplane_mode_on|bad_network_preference|bad_wifi_calling|break_apn_mms_setting|break_app_sms_permission|data_mode_off|data_usage_exceeded|user_abroad_roaming_disabled_on[PERSONA:None],True,True,False,0.9137931034482759,0.9,True,False,5,204,2,207,"['stage1_n4__from__root__c04', 'stage2_n1__from__n0004__c01', 'stage3_n2__from__n0015__c02', 'stage4_n1__from__n0051__c01', 'stage5_n2__from__n0144__c02']","['stage1_n4__from__root__c04', 'stage2_n1__from__n0004__c01', 'stage3_n2__from__n0015__c02', 'stage4_n1__from__n0051__c01', 'stage5_n2__from__n0144__c02']",[],8.0,0.3636926674713337
58,3,10,98,[mms_issue]airplane_mode_on|bad_network_preference|bad_wifi_calling|break_apn_mms_setting|break_app_sms_permission|data_mode_off|unseat_sim_card|user_abroad_roaming_enabled_off[PERSONA:None],True,True,False,0.9152542372881356,0.9,True,False,5,209,2,209,"['stage1_n2__from__root__c02', 'stage2_n1__from__n0002__c01', 'stage3_n2__from__n0009__c02', 'stage4_n1__from__n0033__c01', 'stage5_n2__from__n0098__c02']","['stage1_n2__from__root__c02', 'stage2_n1__from__n0002__c01', 'stage3_n2__from__n0009__c02', 'stage4_n1__from__n0033__c01', 'stage5_n2__from__n0098__c02']",[],0.0,0.14239559444779723
59,3,11,8,[mms_issue]airplane_mode_on|bad_network_preference|bad_wifi_calling|break_apn_mms_setting|break_app_storage_permission|data_mode_off|data_usage_exceeded|unseat_sim_card|user_abroad_roaming_disabled_off[PERSONA:Easy],True,True,False,0.9166666666666666,0.9,True,False,5,214,4,213,"['stage1_n2__from__root__c02', 'stage2_n2__from__n0002__c02', 'stage3_n4__from__n0010__c03', 'stage4_n3__from__n0036__c02', 'stage5_n1__from__n0103__c01']","['stage1_n2__from__root__c02', 'stage2_n2__from__n0002__c02', 'stage3_n4__from__n0010__c03', 'stage4_n3__from__n0036__c02', 'stage5_n1__from__n0103__c01']",[],2.0,0.21787447193723597
60,3,12,17,[mms_issue]airplane_mode_on|bad_network_preference|bad_wifi_calling|break_apn_mms_setting|break_app_storage_permission|data_mode_off|data_usage_exceeded|unseat_sim_card|user_abroad_roaming_disabled_on[PERSONA:Easy],True,True,False,0.9180327868852459,0.9,True,False,5,219,3,216,"['stage1_n1__from__root__c01', 'stage2_n2__from__n0001__c02', 'stage3_n3__from__n0007__c02', 'stage4_n3__from__n0026__c02', 'stage5_n4__from__n0078__c04']","['stage1_n1__from__root__c01', 'stage2_n2__from__n0001__c02', 'stage3_n3__from__n0007__c02', 'stage4_n3__from__n0026__c02', 'stage5_n4__from__n0078__c04']",[],21.0,0.7836425769462885
61,3,13,26,[mms_issue]airplane_mode_on|bad_network_preference|bad_wifi_calling|break_apn_mms_setting|break_app_storage_permission|data_mode_off|data_usage_exceeded|unseat_sim_card|user_abroad_roaming_enabled_off[PERSONA:Easy],True,True,False,0.9193548387096774,0.9,True,False,4,223,3,219,"['stage1_n5__from__root__c05', 'stage2_n4__from__n0005__c02', 'stage3_n3__from__n0021__c01', 'stage4_n3__from__n0068__c02', 'stage5_n3__from__n0197__c03']","['stage1_n5__from__root__c05', 'stage2_n4__from__n0005__c02', 'stage3_n3__from__n0021__c01', 'stage4_n3__from__n0068__c02', 'stage5_n3__from__n0197__c03']",[],12.5,0.5024764634882318
62,3,14,14,[mms_issue]airplane_mode_on|bad_network_preference|bad_wifi_calling|break_apn_mms_setting|break_app_storage_permission|unseat_sim_card[PERSONA:Easy],False,True,False,0.9206349206349206,0.9,True,False,4,227,5,224,"['stage1_n5__from__root__c05', 'stage2_n4__from__n0005__c02', 'stage3_n4__from__n0021__c02', 'stage4_n4__from__n0069__c03', 'stage5_n1__from__n0200__c01']","['stage1_n5__from__root__c05', 'stage2_n4__from__n0005__c02', 'stage3_n4__from__n0021__c02', 'stage4_n4__from__n0069__c03', 'stage5_n1__from__n0200__c01']",[],16.5,0.6403126131563066
63,3,15,87,[mms_issue]airplane_mode_on|break_apn_mms_setting|break_app_both_permissions|user_abroad_roaming_disabled_off[PERSONA:None],False,True,False,0.921875,1.0,True,False,5,232,2,226,"['stage1_n4__from__root__c04', 'stage2_n1__from__n0004__c01', 'stage3_n1__from__n0015__c01', 'stage4_n1__from__n0050__c01', 'stage5_n1__from__n0143__c01']","['stage1_n4__from__root__c04', 'stage2_n1__from__n0004__c01', 'stage3_n1__from__n0015__c01', 'stage4_n1__from__n0050__c01', 'stage5_n1__from__n0143__c01']",[],3.0,0.20453817139408567
64,4,0,44,[mms_issue]airplane_mode_on|bad_network_preference|bad_wifi_calling|break_apn_mms_setting|break_app_both_permissions|data_mode_off|data_usage_exceeded|unseat_sim_card|user_abroad_roaming_disabled_off[PERSONA:Hard],True,True,False,0.9230769230769231,1.0,True,False,5,237,4,230,"['stage1_n4__from__root__c04', 'stage2_n4__from__n0004__c04', 'stage3_n4__from__n0018__c02', 'stage4_n2__from__n0060__c01', 'stage5_n1__from__n0168__c01']","['stage1_n4__from__root__c04', 'stage2_n4__from__n0004__c04', 'stage3_n4__from__n0018__c02', 'stage4_n2__from__n0060__c01', 'stage5_n1__from__n0168__c01']",[],2.0,0.21007407966203984
65,4,1,53,[mms_issue]airplane_mode_on|bad_network_preference|bad_wifi_calling|break_apn_mms_setting|break_app_both_permissions|data_mode_off|data_usage_exceeded|unseat_sim_card|user_abroad_roaming_disabled_on[PERSONA:Hard],True,True,False,0.9242424242424242,1.0,True,False,4,241,4,234,"['stage1_n5__from__root__c05', 'stage2_n3__from__n0005__c01', 'stage3_n4__from__n0020__c02', 'stage4_n2__from__n0066__c01', 'stage5_n1__from__n0188__c01']","['stage1_n5__from__root__c05', 'stage2_n3__from__n0005__c01', 'stage3_n4__from__n0020__c02', 'stage4_n2__from__n0066__c01', 'stage5_n1__from__n0188__c01']",[],21.0,0.7909257694628847
66,4,2,77,[mms_issue]airplane_mode_on|bad_network_preference|bad_wifi_calling|break_apn_mms_setting|break_app_both_permissions|data_mode_off|data_usage_exceeded|unseat_sim_card|user_abroad_roaming_enabled_off[PERSONA:Hard],True,False,True,0.9104477611940298,0.9,False,True,0,241,5,239,"['stage1_n5__from__root__c05', 'stage2_n3__from__n0005__c01', 'stage3_n4__from__n0020__c02', 'stage4_n4__from__n0066__c03', 'stage5_n5__from__n0190__c04']",[],"['stage1_n5__from__root__c05', 'stage2_n3__from__n0005__c01', 'stage3_n4__from__n0020__c02', 'stage4_n4__from__n0066__c03', 'stage5_n5__from__n0190__c04']",16.5,0.6660021122510561
67,4,3,84,[mms_issue]airplane_mode_on|bad_network_preference|bad_wifi_calling|break_apn_mms_setting|break_app_both_permissions|data_mode_off|unseat_sim_card|user_abroad_roaming_disabled_off[PERSONA:Hard],True,True,False,0.9117647058823529,0.9,True,False,2,243,5,244,"['stage1_n4__from__root__c04', 'stage2_n4__from__n0004__c04', 'stage3_n5__from__n0018__c03', 'stage4_n4__from__n0061__c03', 'stage5_n1__from__n0174__c01']","['stage1_n4__from__root__c04', 'stage2_n4__from__n0004__c04', 'stage3_n5__from__n0018__c03', 'stage4_n4__from__n0061__c03', 'stage5_n1__from__n0174__c01']",[],2.0,0.19279646952323476
68,4,4,68,[mms_issue]airplane_mode_on|bad_network_preference|bad_wifi_calling|break_apn_mms_setting|break_app_both_permissions|data_mode_off|unseat_sim_card|user_abroad_roaming_enabled_off[PERSONA:Hard],True,True,False,0.9130434782608695,0.9,True,False,2,245,4,248,"['stage1_n4__from__root__c04', 'stage2_n2__from__n0004__c02', 'stage3_n5__from__n0016__c04', 'stage4_n2__from__n0055__c01', 'stage5_n2__from__n0152__c02']","['stage1_n4__from__root__c04', 'stage2_n2__from__n0004__c02', 'stage3_n5__from__n0016__c04', 'stage4_n2__from__n0055__c01', 'stage5_n2__from__n0152__c02']",[],0.0,0.13096846710923357
69,4,5,51,[mms_issue]airplane_mode_on|bad_network_preference|bad_wifi_calling|break_apn_mms_setting|break_app_both_permissions|unseat_sim_card|user_abroad_roaming_disabled_off[PERSONA:Hard],False,True,False,0.9142857142857143,0.9,True,False,5,250,3,251,"['stage1_n4__from__root__c04', 'stage2_n2__from__n0004__c02', 'stage3_n2__from__n0016__c01', 'stage4_n1__from__n0052__c01', 'stage5_n1__from__n0145__c01']","['stage1_n4__from__root__c04', 'stage2_n2__from__n0004__c02', 'stage3_n2__from__n0016__c01', 'stage4_n1__from__n0052__c01', 'stage5_n1__from__n0145__c01']",[],2.0,0.1860523536511768
70,4,6,35,[mms_issue]airplane_mode_on|bad_network_preference|bad_wifi_calling|break_apn_mms_setting|break_app_sms_permission|data_mode_off|data_usage_exceeded|unseat_sim_card|user_abroad_roaming_disabled_off[PERSONA:None],True,True,False,0.9154929577464789,0.9,True,False,5,255,2,253,"['stage1_n3__from__root__c03', 'stage2_n1__from__n0003__c01', 'stage3_n2__from__n0012__c02', 'stage4_n1__from__n0042__c01', 'stage5_n1__from__n0121__c01']","['stage1_n3__from__root__c03', 'stage2_n1__from__n0003__c01', 'stage3_n2__from__n0012__c02', 'stage4_n1__from__n0042__c01', 'stage5_n1__from__n0121__c01']",[],2.0,0.19868633071816535
71,4,7,61,[mms_issue]airplane_mode_on|bad_network_preference|bad_wifi_calling|break_apn_mms_setting|break_app_sms_permission|data_mode_off|data_usage_exceeded|unseat_sim_card|user_abroad_roaming_disabled_on[PERSONA:None],True,True,False,0.9166666666666666,0.9,True,False,5,260,3,256,"['stage1_n4__from__root__c04', 'stage2_n4__from__n0004__c04', 'stage3_n3__from__n0018__c01', 'stage4_n3__from__n0059__c02', 'stage5_n2__from__n0167__c02']","['stage1_n4__from__root__c04', 'stage2_n4__from__n0004__c04', 'stage3_n3__from__n0018__c01', 'stage4_n3__from__n0059__c02', 'stage5_n2__from__n0167__c02']",[],17.0,0.6472646348823174
72,4,8,69,[mms_issue]airplane_mode_on|bad_network_preference|bad_wifi_calling|break_apn_mms_setting|break_app_sms_permission|data_mode_off|data_usage_exceeded|unseat_sim_card|user_abroad_roaming_enabled_off[PERSONA:None],True,True,False,0.9178082191780822,0.9,True,False,2,262,5,261,"['stage1_n4__from__root__c04', 'stage2_n4__from__n0004__c04', 'stage3_n5__from__n0018__c03', 'stage4_n4__from__n0061__c03', 'stage5_n4__from__n0174__c03']","['stage1_n4__from__root__c04', 'stage2_n4__from__n0004__c04', 'stage3_n5__from__n0018__c03', 'stage4_n4__from__n0061__c03', 'stage5_n4__from__n0174__c03']",[],14.0,0.5823418829209415
73,4,9,25,[mms_issue]airplane_mode_on|bad_network_preference|bad_wifi_calling|break_apn_mms_setting|break_app_sms_permission|data_mode_off|data_usage_exceeded|user_abroad_roaming_disabled_on[PERSONA:None],True,True,False,0.918918918918919,0.9,True,False,5,267,5,266,"['stage1_n4__from__root__c04', 'stage2_n3__from__n0004__c03', 'stage3_n4__from__n0017__c02', 'stage4_n4__from__n0057__c03', 'stage5_n1__from__n0160__c01']","['stage1_n4__from__root__c04', 'stage2_n3__from__n0004__c03', 'stage3_n4__from__n0017__c02', 'stage4_n4__from__n0057__c03', 'stage5_n1__from__n0160__c01']",[],13.0,0.5533780929390465
74,4,10,98,[mms_issue]airplane_mode_on|bad_network_preference|bad_wifi_calling|break_apn_mms_setting|break_app_sms_permission|data_mode_off|unseat_sim_card|user_abroad_roaming_enabled_off[PERSONA:None],True,True,False,0.92,0.9,True,False,5,272,2,268,"['stage1_n4__from__root__c04', 'stage2_n1__from__n0004__c01', 'stage3_n2__from__n0015__c02', 'stage4_n1__from__n0051__c01', 'stage5_n2__from__n0144__c02']","['stage1_n4__from__root__c04', 'stage2_n1__from__n0004__c01', 'stage3_n2__from__n0015__c02', 'stage4_n1__from__n0051__c01', 'stage5_n2__from__n0144__c02']",[],13.0,0.5131621907060954
75,4,11,8,[mms_issue]airplane_mode_on|bad_network_preference|bad_wifi_calling|break_apn_mms_setting|break_app_storage_permission|data_mode_off|data_usage_exceeded|unseat_sim_card|user_abroad_roaming_disabled_off[PERSONA:Easy],True,True,False,0.9210526315789473,0.9,True,False,5,277,3,271,"['stage1_n4__from__root__c04', 'stage2_n2__from__n0004__c02', 'stage3_n2__from__n0016__c01', 'stage4_n1__from__n0052__c01', 'stage5_n2__from__n0145__c02']","['stage1_n4__from__root__c04', 'stage2_n2__from__n0004__c02', 'stage3_n2__from__n0016__c01', 'stage4_n1__from__n0052__c01', 'stage5_n2__from__n0145__c02']",[],2.0,0.20713518406759204
76,4,12,17,[mms_issue]airplane_mode_on|bad_network_preference|bad_wifi_calling|break_apn_mms_setting|break_app_storage_permission|data_mode_off|data_usage_exceeded|unseat_sim_card|user_abroad_roaming_disabled_on[PERSONA:Easy],True,True,False,0.922077922077922,1.0,True,False,5,282,3,274,"['stage1_n4__from__root__c04', 'stage2_n3__from__n0004__c03', 'stage3_n3__from__n0017__c01', 'stage4_n3__from__n0056__c02', 'stage5_n1__from__n0157__c01']","['stage1_n4__from__root__c04', 'stage2_n3__from__n0004__c03', 'stage3_n3__from__n0017__c01', 'stage4_n3__from__n0056__c02', 'stage5_n1__from__n0157__c01']",[],21.0,0.7746991550995775
77,4,13,26,[mms_issue]airplane_mode_on|bad_network_preference|bad_wifi_calling|break_apn_mms_setting|break_app_storage_permission|data_mode_off|data_usage_exceeded|unseat_sim_card|user_abroad_roaming_enabled_off[PERSONA:Easy],True,True,False,0.9230769230769231,1.0,True,False,3,285,3,277,"['stage1_n5__from__root__c05', 'stage2_n5__from__n0005__c03', 'stage3_n3__from__n0022__c01', 'stage4_n3__from__n0071__c02', 'stage5_n4__from__n0207__c04']","['stage1_n5__from__root__c05', 'stage2_n5__from__n0005__c03', 'stage3_n3__from__n0022__c01', 'stage4_n3__from__n0071__c02', 'stage5_n4__from__n0207__c04']",[],14.5,0.582985515992758
78,4,14,14,[mms_issue]airplane_mode_on|bad_network_preference|bad_wifi_calling|break_apn_mms_setting|break_app_storage_permission|unseat_sim_card[PERSONA:Easy],False,True,False,0.9240506329113924,1.0,True,False,2,287,4,281,"['stage1_n5__from__root__c05', 'stage2_n5__from__n0005__c03', 'stage3_n5__from__n0022__c03', 'stage4_n3__from__n0073__c02', 'stage5_n2__from__n0213__c02']","['stage1_n5__from__root__c05', 'stage2_n5__from__n0005__c03', 'stage3_n5__from__n0022__c03', 'stage4_n3__from__n0073__c02', 'stage5_n2__from__n0213__c02']",[],0.0,0.11968678334339168
79,4,15,87,[mms_issue]airplane_mode_on|break_apn_mms_setting|break_app_both_permissions|user_abroad_roaming_disabled_off[PERSONA:None],False,True,False,0.925,1.0,True,False,5,292,3,284,"['stage1_n4__from__root__c04', 'stage2_n3__from__n0004__c03', 'stage3_n3__from__n0017__c01', 'stage4_n3__from__n0056__c02', 'stage5_n2__from__n0157__c02']","['stage1_n4__from__root__c04', 'stage2_n3__from__n0004__c03', 'stage3_n3__from__n0017__c01', 'stage4_n3__from__n0056__c02', 'stage5_n2__from__n0157__c02']",[],3.0,0.2070021122510561
80,5,0,44,[mms_issue]airplane_mode_on|bad_network_preference|bad_wifi_calling|break_apn_mms_setting|break_app_both_permissions|data_mode_off|data_usage_exceeded|unseat_sim_card|user_abroad_roaming_disabled_off[PERSONA:Hard],True,True,False,0.9259259259259259,1.0,True,False,2,294,4,288,"['stage1_n4__from__root__c04', 'stage2_n2__from__n0004__c02', 'stage3_n5__from__n0016__c04', 'stage4_n3__from__n0055__c02', 'stage5_n4__from__n0153__c04']","['stage1_n4__from__root__c04', 'stage2_n2__from__n0004__c02', 'stage3_n5__from__n0016__c04', 'stage4_n3__from__n0055__c02', 'stage5_n4__from__n0153__c04']",[],2.0,0.2136990042245021
81,5,1,53,[mms_issue]airplane_mode_on|bad_network_preference|bad_wifi_calling|break_apn_mms_setting|break_app_both_permissions|data_mode_off|data_usage_exceeded|unseat_sim_card|user_abroad_roaming_disabled_on[PERSONA:Hard],True,True,False,0.926829268292683,1.0,True,False,5,299,2,290,"['stage1_n2__from__root__c02', 'stage2_n1__from__n0002__c01', 'stage3_n1__from__n0009__c01', 'stage4_n1__from__n0032__c01', 'stage5_n1__from__n0097__c01']","['stage1_n2__from__root__c02', 'stage2_n1__from__n0002__c01', 'stage3_n1__from__n0009__c01', 'stage4_n1__from__n0032__c01', 'stage5_n1__from__n0097__c01']",[],21.0,0.7761114966807483
82,5,2,77,[mms_issue]airplane_mode_on|bad_network_preference|bad_wifi_calling|break_apn_mms_setting|break_app_both_permissions|data_mode_off|data_usage_exceeded|unseat_sim_card|user_abroad_roaming_enabled_off[PERSONA:Hard],True,True,False,0.927710843373494,1.0,True,False,5,304,5,295,"['stage1_n4__from__root__c04', 'stage2_n4__from__n0004__c04', 'stage3_n4__from__n0018__c02', 'stage4_n4__from__n0060__c03', 'stage5_n3__from__n0170__c02']","['stage1_n4__from__root__c04', 'stage2_n4__from__n0004__c04', 'stage3_n4__from__n0018__c02', 'stage4_n4__from__n0060__c03', 'stage5_n3__from__n0170__c02']",[],14.0,0.5886575135787567
83,5,3,84,[mms_issue]airplane_mode_on|bad_network_preference|bad_wifi_calling|break_apn_mms_setting|break_app_both_permissions|data_mode_off|unseat_sim_card|user_abroad_roaming_disabled_off[PERSONA:Hard],True,True,False,0.9285714285714286,1.0,True,False,2,306,4,299,"['stage1_n4__from__root__c04', 'stage2_n5__from__n0004__c05', 'stage3_n5__from__n0019__c03', 'stage4_n3__from__n0064__c02', 'stage5_n3__from__n0183__c03']","['stage1_n4__from__root__c04', 'stage2_n5__from__n0004__c05', 'stage3_n5__from__n0019__c03', 'stage4_n3__from__n0064__c02', 'stage5_n3__from__n0183__c03']",[],2.0,0.1827038322269161
84,5,4,68,[mms_issue]airplane_mode_on|bad_network_preference|bad_wifi_calling|break_apn_mms_setting|break_app_both_permissions|data_mode_off|unseat_sim_card|user_abroad_roaming_enabled_off[PERSONA:Hard],True,True,False,0.9294117647058824,1.0,True,False,5,311,2,301,"['stage1_n4__from__root__c04', 'stage2_n1__from__n0004__c01', 'stage3_n1__from__n0015__c01', 'stage4_n1__from__n0050__c01', 'stage5_n1__from__n0143__c01']","['stage1_n4__from__root__c04', 'stage2_n1__from__n0004__c01', 'stage3_n1__from__n0015__c01', 'stage4_n1__from__n0050__c01', 'stage5_n1__from__n0143__c01']",[],0.0,0.12692727821363908
85,5,5,51,[mms_issue]airplane_mode_on|bad_network_preference|bad_wifi_calling|break_apn_mms_setting|break_app_both_permissions|unseat_sim_card|user_abroad_roaming_disabled_off[PERSONA:Hard],False,True,False,0.9302325581395349,1.0,True,False,2,313,4,305,"['stage1_n5__from__root__c05', 'stage2_n5__from__n0005__c03', 'stage3_n5__from__n0022__c03', 'stage4_n2__from__n0073__c01', 'stage5_n2__from__n0212__c02']","['stage1_n5__from__root__c05', 'stage2_n5__from__n0005__c03', 'stage3_n5__from__n0022__c03', 'stage4_n2__from__n0073__c01', 'stage5_n2__from__n0212__c02']",[],2.0,0.1822901327700664
86,5,6,35,[mms_issue]airplane_mode_on|bad_network_preference|bad_wifi_calling|break_apn_mms_setting|break_app_sms_permission|data_mode_off|data_usage_exceeded|unseat_sim_card|user_abroad_roaming_disabled_off[PERSONA:None],True,True,False,0.9310344827586207,1.0,True,False,5,318,3,308,"['stage1_n4__from__root__c04', 'stage2_n2__from__n0004__c02', 'stage3_n2__from__n0016__c01', 'stage4_n1__from__n0052__c01', 'stage5_n1__from__n0145__c01']","['stage1_n4__from__root__c04', 'stage2_n2__from__n0004__c02', 'stage3_n2__from__n0016__c01', 'stage4_n1__from__n0052__c01', 'stage5_n1__from__n0145__c01']",[],2.0,0.1876973445986723
87,5,7,61,[mms_issue]airplane_mode_on|bad_network_preference|bad_wifi_calling|break_apn_mms_setting|break_app_sms_permission|data_mode_off|data_usage_exceeded|unseat_sim_card|user_abroad_roaming_disabled_on[PERSONA:None],True,True,False,0.9318181818181818,1.0,True,False,5,323,4,312,"['stage1_n4__from__root__c04', 'stage2_n4__from__n0004__c04', 'stage3_n4__from__n0018__c02', 'stage4_n3__from__n0060__c02', 'stage5_n2__from__n0169__c02']","['stage1_n4__from__root__c04', 'stage2_n4__from__n0004__c04', 'stage3_n4__from__n0018__c02', 'stage4_n3__from__n0060__c02', 'stage5_n2__from__n0169__c02']",[],21.0,0.782926222088111
88,5,8,69,[mms_issue]airplane_mode_on|bad_network_preference|bad_wifi_calling|break_apn_mms_setting|break_app_sms_permission|data_mode_off|data_usage_exceeded|unseat_sim_card|user_abroad_roaming_enabled_off[PERSONA:None],True,True,False,0.9325842696629213,1.0,True,False,5,328,2,314,"['stage1_n3__from__root__c03', 'stage2_n1__from__n0003__c01', 'stage3_n2__from__n0012__c02', 'stage4_n1__from__n0042__c01', 'stage5_n1__from__n0121__c01']","['stage1_n3__from__root__c03', 'stage2_n1__from__n0003__c01', 'stage3_n2__from__n0012__c02', 'stage4_n1__from__n0042__c01', 'stage5_n1__from__n0121__c01']",[],12.0,0.5101736572118286
89,5,9,25,[mms_issue]airplane_mode_on|bad_network_preference|bad_wifi_calling|break_apn_mms_setting|break_app_sms_permission|data_mode_off|data_usage_exceeded|user_abroad_roaming_disabled_on[PERSONA:None],True,True,False,0.9333333333333333,1.0,True,False,4,332,3,317,"['stage1_n5__from__root__c05', 'stage2_n3__from__n0005__c01', 'stage3_n3__from__n0020__c01', 'stage4_n3__from__n0065__c02', 'stage5_n3__from__n0187__c03']","['stage1_n5__from__root__c05', 'stage2_n3__from__n0005__c01', 'stage3_n3__from__n0020__c01', 'stage4_n3__from__n0065__c02', 'stage5_n3__from__n0187__c03']",[],10.0,0.42929888352444173
90,5,10,98,[mms_issue]airplane_mode_on|bad_network_preference|bad_wifi_calling|break_apn_mms_setting|break_app_sms_permission|data_mode_off|unseat_sim_card|user_abroad_roaming_enabled_off[PERSONA:None],True,True,False,0.9340659340659341,1.0,True,False,2,334,5,322,"['stage1_n4__from__root__c04', 'stage2_n2__from__n0004__c02', 'stage3_n5__from__n0016__c04', 'stage4_n4__from__n0055__c03', 'stage5_n1__from__n0154__c01']","['stage1_n4__from__root__c04', 'stage2_n2__from__n0004__c02', 'stage3_n5__from__n0016__c04', 'stage4_n4__from__n0055__c03', 'stage5_n1__from__n0154__c01']",[],0.0,0.14104692214846107
91,5,11,8,[mms_issue]airplane_mode_on|bad_network_preference|bad_wifi_calling|break_apn_mms_setting|break_app_storage_permission|data_mode_off|data_usage_exceeded|unseat_sim_card|user_abroad_roaming_disabled_off[PERSONA:Easy],True,True,False,0.9347826086956522,1.0,True,False,3,337,4,326,"['stage1_n5__from__root__c05', 'stage2_n5__from__n0005__c03', 'stage3_n4__from__n0022__c02', 'stage4_n2__from__n0072__c01', 'stage5_n1__from__n0208__c01']","['stage1_n5__from__root__c05', 'stage2_n5__from__n0005__c03', 'stage3_n4__from__n0022__c02', 'stage4_n2__from__n0072__c01', 'stage5_n1__from__n0208__c01']",[],2.0,0.20858630054315025
92,5,12,17,[mms_issue]airplane_mode_on|bad_network_preference|bad_wifi_calling|break_apn_mms_setting|break_app_storage_permission|data_mode_off|data_usage_exceeded|unseat_sim_card|user_abroad_roaming_disabled_on[PERSONA:Easy],True,True,False,0.9354838709677419,1.0,True,False,3,340,3,329,"['stage1_n5__from__root__c05', 'stage2_n5__from__n0005__c03', 'stage3_n3__from__n0022__c01', 'stage4_n3__from__n0071__c02', 'stage5_n1__from__n0207__c01']","['stage1_n5__from__root__c05', 'stage2_n5__from__n0005__c03', 'stage3_n3__from__n0022__c01', 'stage4_n3__from__n0071__c02', 'stage5_n1__from__n0207__c01']",[],19.0,0.699600030175015
93,5,13,26,[mms_issue]airplane_mode_on|bad_network_preference|bad_wifi_calling|break_apn_mms_setting|break_app_storage_permission|data_mode_off|data_usage_exceeded|unseat_sim_card|user_abroad_roaming_enabled_off[PERSONA:Easy],True,True,False,0.9361702127659575,1.0,True,False,1,341,5,334,"['stage1_n4__from__root__c04', 'stage2_n4__from__n0004__c04', 'stage3_n5__from__n0018__c03', 'stage4_n5__from__n0061__c04', 'stage5_n4__from__n0175__c02']","['stage1_n4__from__root__c04', 'stage2_n4__from__n0004__c04', 'stage3_n5__from__n0018__c03', 'stage4_n5__from__n0061__c04', 'stage5_n4__from__n0175__c02']",[],14.0,0.5694862703681352
94,5,14,14,[mms_issue]airplane_mode_on|bad_network_preference|bad_wifi_calling|break_apn_mms_setting|break_app_storage_permission|unseat_sim_card[PERSONA:Easy],False,True,False,0.9368421052631579,1.0,True,False,1,342,5,339,"['stage1_n5__from__root__c05', 'stage2_n5__from__n0005__c03', 'stage3_n5__from__n0022__c03', 'stage4_n5__from__n0073__c04', 'stage5_n4__from__n0215__c02']","['stage1_n5__from__root__c05', 'stage2_n5__from__n0005__c03', 'stage3_n5__from__n0022__c03', 'stage4_n5__from__n0073__c04', 'stage5_n4__from__n0215__c02']",[],0.0,0.13867727821363912
95,5,15,87,[mms_issue]airplane_mode_on|break_apn_mms_setting|break_app_both_permissions|user_abroad_roaming_disabled_off[PERSONA:None],False,True,False,0.9375,1.0,True,False,5,347,2,341,"['stage1_n4__from__root__c04', 'stage2_n1__from__n0004__c01', 'stage3_n1__from__n0015__c01', 'stage4_n1__from__n0050__c01', 'stage5_n2__from__n0143__c02']","['stage1_n4__from__root__c04', 'stage2_n1__from__n0004__c01', 'stage3_n1__from__n0015__c01', 'stage4_n1__from__n0050__c01', 'stage5_n2__from__n0143__c02']",[],3.0,0.2055642727821364
96,6,0,44,[mms_issue]airplane_mode_on|bad_network_preference|bad_wifi_calling|break_apn_mms_setting|break_app_both_permissions|data_mode_off|data_usage_exceeded|unseat_sim_card|user_abroad_roaming_disabled_off[PERSONA:Hard],True,True,False,0.9381443298969072,1.0,True,False,2,349,4,345,"['stage1_n5__from__root__c05', 'stage2_n3__from__n0005__c01', 'stage3_n5__from__n0020__c03', 'stage4_n2__from__n0067__c01', 'stage5_n2__from__n0192__c02']","['stage1_n5__from__root__c05', 'stage2_n3__from__n0005__c01', 'stage3_n5__from__n0020__c03', 'stage4_n2__from__n0067__c01', 'stage5_n2__from__n0192__c02']",[],2.0,0.18958539529269763
97,6,1,53,[mms_issue]airplane_mode_on|bad_network_preference|bad_wifi_calling|break_apn_mms_setting|break_app_both_permissions|data_mode_off|data_usage_exceeded|unseat_sim_card|user_abroad_roaming_disabled_on[PERSONA:Hard],True,True,False,0.9387755102040817,1.0,True,False,2,351,4,349,"['stage1_n5__from__root__c05', 'stage2_n5__from__n0005__c03', 'stage3_n5__from__n0022__c03', 'stage4_n3__from__n0073__c02', 'stage5_n2__from__n0213__c02']","['stage1_n5__from__root__c05', 'stage2_n5__from__n0005__c03', 'stage3_n5__from__n0022__c03', 'stage4_n3__from__n0073__c02', 'stage5_n2__from__n0213__c02']",[],21.0,0.7584328605914302
98,6,2,77,[mms_issue]airplane_mode_on|bad_network_preference|bad_wifi_calling|break_apn_mms_setting|break_app_both_permissions|data_mode_off|data_usage_exceeded|unseat_sim_card|user_abroad_roaming_enabled_off[PERSONA:Hard],True,True,False,0.9393939393939394,1.0,True,False,5,356,2,351,"['stage1_n4__from__root__c04', 'stage2_n1__from__n0004__c01', 'stage3_n2__from__n0015__c02', 'stage4_n1__from__n0051__c01', 'stage5_n1__from__n0144__c01']","['stage1_n4__from__root__c04', 'stage2_n1__from__n0004__c01', 'stage3_n2__from__n0015__c02', 'stage4_n1__from__n0051__c01', 'stage5_n1__from__n0144__c01']",[],12.0,0.48929692214846104
99,6,3,84,[mms_issue]airplane_mode_on|bad_network_preference|bad_wifi_calling|break_apn_mms_setting|break_app_both_permissions|data_mode_off|unseat_sim_card|user_abroad_roaming_disabled_off[PERSONA:Hard],True,True,False,0.94,1.0,True,False,5,361,3,354,"['stage1_n2__from__root__c02', 'stage2_n2__from__n0002__c02', 'stage3_n3__from__n0010__c02', 'stage4_n3__from__n0035__c02', 'stage5_n2__from__n0101__c02']","['stage1_n2__from__root__c02', 'stage2_n2__from__n0002__c02', 'stage3_n3__from__n0010__c02', 'stage4_n3__from__n0035__c02', 'stage5_n2__from__n0101__c02']",[],2.0,0.20354843089921543
100,6,4,68,[mms_issue]airplane_mode_on|bad_network_preference|bad_wifi_calling|break_apn_mms_setting|break_app_both_permissions|data_mode_off|unseat_sim_card|user_abroad_roaming_enabled_off[PERSONA:Hard],True,True,False,0.9405940594059405,1.0,True,False,2,363,4,358,"['stage1_n5__from__root__c05', 'stage2_n5__from__n0005__c03', 'stage3_n5__from__n0022__c03', 'stage4_n2__from__n0073__c01', 'stage5_n1__from__n0212__c01']","['stage1_n5__from__root__c05', 'stage2_n5__from__n0005__c03', 'stage3_n5__from__n0022__c03', 'stage4_n2__from__n0073__c01', 'stage5_n1__from__n0212__c01']",[],0.0,0.12702036813518408
101,6,5,51,[mms_issue]airplane_mode_on|bad_network_preference|bad_wifi_calling|break_apn_mms_setting|break_app_both_permissions|unseat_sim_card|user_abroad_roaming_disabled_off[PERSONA:Hard],False,True,False,0.9411764705882353,1.0,True,False,2,365,4,362,"['stage1_n5__from__root__c05', 'stage2_n5__from__n0005__c03', 'stage3_n5__from__n0022__c03', 'stage4_n2__from__n0073__c01', 'stage5_n2__from__n0212__c02']","['stage1_n5__from__root__c05', 'stage2_n5__from__n0005__c03', 'stage3_n5__from__n0022__c03', 'stage4_n2__from__n0073__c01', 'stage5_n2__from__n0212__c02']",[],2.0,0.1822901327700664
102,6,6,35,[mms_issue]airplane_mode_on|bad_network_preference|bad_wifi_calling|break_apn_mms_setting|break_app_sms_permission|data_mode_off|data_usage_exceeded|unseat_sim_card|user_abroad_roaming_disabled_off[PERSONA:None],True,True,False,0.941747572815534,1.0,True,False,5,370,3,365,"['stage1_n4__from__root__c04', 'stage2_n4__from__n0004__c04', 'stage3_n3__from__n0018__c01', 'stage4_n3__from__n0059__c02', 'stage5_n1__from__n0167__c01']","['stage1_n4__from__root__c04', 'stage2_n4__from__n0004__c04', 'stage3_n3__from__n0018__c01', 'stage4_n3__from__n0059__c02', 'stage5_n1__from__n0167__c01']",[],2.0,0.21200829812914906
103,6,7,61,[mms_issue]airplane_mode_on|bad_network_preference|bad_wifi_calling|break_apn_mms_setting|break_app_sms_permission|data_mode_off|data_usage_exceeded|unseat_sim_card|user_abroad_roaming_disabled_on[PERSONA:None],True,True,False,0.9423076923076923,1.0,True,False,5,375,2,367,"['stage1_n4__from__root__c04', 'stage2_n1__from__n0004__c01', 'stage3_n1__from__n0015__c01', 'stage4_n1__from__n0050__c01', 'stage5_n2__from__n0143__c02']","['stage1_n4__from__root__c04', 'stage2_n1__from__n0004__c01', 'stage3_n1__from__n0015__c01', 'stage4_n1__from__n0050__c01', 'stage5_n2__from__n0143__c02']",[],21.0,0.7581686783343391
104,6,8,69,[mms_issue]airplane_mode_on|bad_network_preference|bad_wifi_calling|break_apn_mms_setting|break_app_sms_permission|data_mode_off|data_usage_exceeded|unseat_sim_card|user_abroad_roaming_enabled_off[PERSONA:None],True,True,False,0.9428571428571428,1.0,True,False,5,380,3,370,"['stage1_n4__from__root__c04', 'stage2_n2__from__n0004__c02', 'stage3_n3__from__n0016__c02', 'stage4_n3__from__n0053__c02', 'stage5_n4__from__n0147__c04']","['stage1_n4__from__root__c04', 'stage2_n2__from__n0004__c02', 'stage3_n3__from__n0016__c02', 'stage4_n3__from__n0053__c02', 'stage5_n4__from__n0147__c04']",[],14.0,0.5747242003621001
105,6,9,25,[mms_issue]airplane_mode_on|bad_network_preference|bad_wifi_calling|break_apn_mms_setting|break_app_sms_permission|data_mode_off|data_usage_exceeded|user_abroad_roaming_disabled_on[PERSONA:None],True,True,False,0.9433962264150944,1.0,True,False,2,382,4,374,"['stage1_n4__from__root__c04', 'stage2_n4__from__n0004__c04', 'stage3_n5__from__n0018__c03', 'stage4_n2__from__n0061__c01', 'stage5_n2__from__n0172__c02']","['stage1_n4__from__root__c04', 'stage2_n4__from__n0004__c04', 'stage3_n5__from__n0018__c03', 'stage4_n2__from__n0061__c01', 'stage5_n2__from__n0172__c02']",[],19.0,0.6949394990947495
106,6,10,98,[mms_issue]airplane_mode_on|bad_network_preference|bad_wifi_calling|break_apn_mms_setting|break_app_sms_permission|data_mode_off|unseat_sim_card|user_abroad_roaming_enabled_off[PERSONA:None],True,True,False,0.9439252336448598,1.0,True,False,5,387,2,376,"['stage1_n4__from__root__c04', 'stage2_n1__from__n0004__c01', 'stage3_n2__from__n0015__c02', 'stage4_n1__from__n0051__c01', 'stage5_n2__from__n0144__c02']","['stage1_n4__from__root__c04', 'stage2_n1__from__n0004__c01', 'stage3_n2__from__n0015__c02', 'stage4_n1__from__n0051__c01', 'stage5_n2__from__n0144__c02']",[],0.0,0.12523189499094747
107,6,11,8,[mms_issue]airplane_mode_on|bad_network_preference|bad_wifi_calling|break_apn_mms_setting|break_app_storage_permission|data_mode_off|data_usage_exceeded|unseat_sim_card|user_abroad_roaming_disabled_off[PERSONA:Easy],True,True,False,0.9444444444444444,1.0,True,False,3,390,3,379,"['stage1_n4__from__root__c04', 'stage2_n5__from__n0004__c05', 'stage3_n3__from__n0019__c01', 'stage4_n3__from__n0062__c02', 'stage5_n1__from__n0177__c01']","['stage1_n4__from__root__c04', 'stage2_n5__from__n0004__c05', 'stage3_n3__from__n0019__c01', 'stage4_n3__from__n0062__c02', 'stage5_n1__from__n0177__c01']",[],2.0,0.18584942667471335
108,6,12,17,[mms_issue]airplane_mode_on|bad_network_preference|bad_wifi_calling|break_apn_mms_setting|break_app_storage_permission|data_mode_off|data_usage_exceeded|unseat_sim_card|user_abroad_roaming_disabled_on[PERSONA:Easy],True,True,False,0.944954128440367,1.0,True,False,4,394,3,382,"['stage1_n5__from__root__c05', 'stage2_n3__from__n0005__c01', 'stage3_n3__from__n0020__c01', 'stage4_n3__from__n0065__c02', 'stage5_n2__from__n0187__c02']","['stage1_n5__from__root__c05', 'stage2_n3__from__n0005__c01', 'stage3_n3__from__n0020__c01', 'stage4_n3__from__n0065__c02', 'stage5_n2__from__n0187__c02']",[],21.0,0.7746359384429693
109,6,13,26,[mms_issue]airplane_mode_on|bad_network_preference|bad_wifi_calling|break_apn_mms_setting|break_app_storage_permission|data_mode_off|data_usage_exceeded|unseat_sim_card|user_abroad_roaming_enabled_off[PERSONA:Easy],True,True,False,0.9454545454545454,1.0,True,False,3,397,3,385,"['stage1_n5__from__root__c05', 'stage2_n5__from__n0005__c03', 'stage3_n3__from__n0022__c01', 'stage4_n3__from__n0071__c02', 'stage5_n1__from__n0207__c01']","['stage1_n5__from__root__c05', 'stage2_n5__from__n0005__c03', 'stage3_n3__from__n0022__c01', 'stage4_n3__from__n0071__c02', 'stage5_n1__from__n0207__c01']",[],20.5,0.7427644840072419
110,6,14,14,[mms_issue]airplane_mode_on|bad_network_preference|bad_wifi_calling|break_apn_mms_setting|break_app_storage_permission|unseat_sim_card[PERSONA:Easy],False,True,False,0.9459459459459459,1.0,True,False,5,402,2,387,"['stage1_n3__from__root__c03', 'stage2_n1__from__n0003__c01', 'stage3_n1__from__n0012__c01', 'stage4_n1__from__n0041__c01', 'stage5_n1__from__n0120__c01']","['stage1_n3__from__root__c03', 'stage2_n1__from__n0003__c01', 'stage3_n1__from__n0012__c01', 'stage4_n1__from__n0041__c01', 'stage5_n1__from__n0120__c01']",[],0.0,0.13598370549185274
111,6,15,87,[mms_issue]airplane_mode_on|break_apn_mms_setting|break_app_both_permissions|user_abroad_roaming_disabled_off[PERSONA:None],False,True,False,0.9464285714285714,1.0,True,False,1,403,5,392,"['stage1_n4__from__root__c04', 'stage2_n2__from__n0004__c02', 'stage3_n5__from__n0016__c04', 'stage4_n5__from__n0055__c04', 'stage5_n2__from__n0155__c01']","['stage1_n4__from__root__c04', 'stage2_n2__from__n0004__c02', 'stage3_n5__from__n0016__c04', 'stage4_n5__from__n0055__c04', 'stage5_n2__from__n0155__c01']",[],3.0,0.21058237779118888
112,7,0,44,[mms_issue]airplane_mode_on|bad_network_preference|bad_wifi_calling|break_apn_mms_setting|break_app_both_permissions|data_mode_off|data_usage_exceeded|unseat_sim_card|user_abroad_roaming_disabled_off[PERSONA:Hard],True,True,False,0.9469026548672567,1.0,True,False,5,408,3,395,"['stage1_n4__from__root__c04', 'stage2_n3__from__n0004__c03', 'stage3_n3__from__n0017__c01', 'stage4_n3__from__n0056__c02', 'stage5_n1__from__n0157__c01']","['stage1_n4__from__root__c04', 'stage2_n3__from__n0004__c03', 'stage3_n3__from__n0017__c01', 'stage4_n3__from__n0056__c02', 'stage5_n1__from__n0157__c01']",[],2.0,0.19197238986119491
113,7,1,53,[mms_issue]airplane_mode_on|bad_network_preference|bad_wifi_calling|break_apn_mms_setting|break_app_both_permissions|data_mode_off|data_usage_exceeded|unseat_sim_card|user_abroad_roaming_disabled_on[PERSONA:Hard],True,True,False,0.9473684210526315,1.0,True,False,5,413,3,398,"['stage1_n4__from__root__c04', 'stage2_n2__from__n0004__c02', 'stage3_n2__from__n0016__c01', 'stage4_n1__from__n0052__c01', 'stage5_n1__from__n0145__c01']","['stage1_n4__from__root__c04', 'stage2_n2__from__n0004__c02', 'stage3_n2__from__n0016__c01', 'stage4_n1__from__n0052__c01', 'stage5_n1__from__n0145__c01']",[],10.0,0.4337970730235365
114,7,2,77,[mms_issue]airplane_mode_on|bad_network_preference|bad_wifi_calling|break_apn_mms_setting|break_app_both_permissions|data_mode_off|data_usage_exceeded|unseat_sim_card|user_abroad_roaming_enabled_off[PERSONA:Hard],True,True,False,0.9478260869565217,1.0,True,False,2,415,4,402,"['stage1_n5__from__root__c05', 'stage2_n5__from__n0005__c03', 'stage3_n5__from__n0022__c03', 'stage4_n3__from__n0073__c02', 'stage5_n4__from__n0213__c04']","['stage1_n5__from__root__c05', 'stage2_n5__from__n0005__c03', 'stage3_n5__from__n0022__c03', 'stage4_n3__from__n0073__c02', 'stage5_n4__from__n0213__c04']",[],14.0,0.571652383826192
115,7,3,84,[mms_issue]airplane_mode_on|bad_network_preference|bad_wifi_calling|break_apn_mms_setting|break_app_both_permissions|data_mode_off|unseat_sim_card|user_abroad_roaming_disabled_off[PERSONA:Hard],True,True,False,0.9482758620689655,1.0,True,False,5,420,2,404,"['stage1_n3__from__root__c03', 'stage2_n1__from__n0003__c01', 'stage3_n1__from__n0012__c01', 'stage4_n1__from__n0041__c01', 'stage5_n1__from__n0120__c01']","['stage1_n3__from__root__c03', 'stage2_n1__from__n0003__c01', 'stage3_n1__from__n0012__c01', 'stage4_n1__from__n0041__c01', 'stage5_n1__from__n0120__c01']",[],2.0,0.19924969824984912
116,7,4,68,[mms_issue]airplane_mode_on|bad_network_preference|bad_wifi_calling|break_apn_mms_setting|break_app_both_permissions|data_mode_off|unseat_sim_card|user_abroad_roaming_enabled_off[PERSONA:Hard],True,True,False,0.9487179487179487,1.0,True,False,5,425,3,407,"['stage1_n4__from__root__c04', 'stage2_n3__from__n0004__c03', 'stage3_n3__from__n0017__c01', 'stage4_n3__from__n0056__c02', 'stage5_n3__from__n0157__c03']","['stage1_n4__from__root__c04', 'stage2_n3__from__n0004__c03', 'stage3_n3__from__n0017__c01', 'stage4_n3__from__n0056__c02', 'stage5_n3__from__n0157__c03']",[],0.0,0.14096680748340373
117,7,5,51,[mms_issue]airplane_mode_on|bad_network_preference|bad_wifi_calling|break_apn_mms_setting|break_app_both_permissions|unseat_sim_card|user_abroad_roaming_disabled_off[PERSONA:Hard],False,True,False,0.9491525423728814,1.0,True,False,5,430,2,409,"['stage1_n1__from__root__c01', 'stage2_n1__from__n0001__c01', 'stage3_n1__from__n0006__c01', 'stage4_n1__from__n0023__c01', 'stage5_n2__from__n0074__c02']","['stage1_n1__from__root__c01', 'stage2_n1__from__n0001__c01', 'stage3_n1__from__n0006__c01', 'stage4_n1__from__n0023__c01', 'stage5_n2__from__n0074__c02']",[],2.0,0.18154405552202776
118,7,6,35,[mms_issue]airplane_mode_on|bad_network_preference|bad_wifi_calling|break_apn_mms_setting|break_app_sms_permission|data_mode_off|data_usage_exceeded|unseat_sim_card|user_abroad_roaming_disabled_off[PERSONA:None],True,True,False,0.9495798319327731,1.0,True,False,2,432,4,413,"['stage1_n5__from__root__c05', 'stage2_n5__from__n0005__c03', 'stage3_n5__from__n0022__c03', 'stage4_n2__from__n0073__c01', 'stage5_n2__from__n0212__c02']","['stage1_n5__from__root__c05', 'stage2_n5__from__n0005__c03', 'stage3_n5__from__n0022__c03', 'stage4_n2__from__n0073__c01', 'stage5_n2__from__n0212__c02']",[],2.0,0.182492757996379
119,7,7,61,[mms_issue]airplane_mode_on|bad_network_preference|bad_wifi_calling|break_apn_mms_setting|break_app_sms_permission|data_mode_off|data_usage_exceeded|unseat_sim_card|user_abroad_roaming_disabled_on[PERSONA:None],True,True,False,0.95,1.0,True,False,5,437,2,415,"['stage1_n3__from__root__c03', 'stage2_n1__from__n0003__c01', 'stage3_n1__from__n0012__c01', 'stage4_n1__from__n0041__c01', 'stage5_n2__from__n0120__c02']","['stage1_n3__from__root__c03', 'stage2_n1__from__n0003__c01', 'stage3_n1__from__n0012__c01', 'stage4_n1__from__n0041__c01', 'stage5_n2__from__n0120__c02']",[],21.0,0.7751812009656005
120,7,8,69,[mms_issue]airplane_mode_on|bad_network_preference|bad_wifi_calling|break_apn_mms_setting|break_app_sms_permission|data_mode_off|data_usage_exceeded|unseat_sim_card|user_abroad_roaming_enabled_off[PERSONA:None],True,True,False,0.9504132231404959,1.0,True,False,1,438,5,420,"['stage1_n5__from__root__c05', 'stage2_n5__from__n0005__c03', 'stage3_n5__from__n0022__c03', 'stage4_n5__from__n0073__c04', 'stage5_n2__from__n0215__c01']","['stage1_n5__from__root__c05', 'stage2_n5__from__n0005__c03', 'stage3_n5__from__n0022__c03', 'stage4_n5__from__n0073__c04', 'stage5_n2__from__n0215__c01']",[],20.5,0.7452014182257091
121,7,9,25,[mms_issue]airplane_mode_on|bad_network_preference|bad_wifi_calling|break_apn_mms_setting|break_app_sms_permission|data_mode_off|data_usage_exceeded|user_abroad_roaming_disabled_on[PERSONA:None],True,True,False,0.9508196721311475,1.0,True,False,5,443,2,422,"['stage1_n3__from__root__c03', 'stage2_n1__from__n0003__c01', 'stage3_n2__from__n0012__c02', 'stage4_n1__from__n0042__c01', 'stage5_n1__from__n0121__c01']","['stage1_n3__from__root__c03', 'stage2_n1__from__n0003__c01', 'stage3_n2__from__n0012__c02', 'stage4_n1__from__n0042__c01', 'stage5_n1__from__n0121__c01']",[],8.0,0.3794168678334339
122,7,10,98,[mms_issue]airplane_mode_on|bad_network_preference|bad_wifi_calling|break_apn_mms_setting|break_app_sms_permission|data_mode_off|unseat_sim_card|user_abroad_roaming_enabled_off[PERSONA:None],True,True,False,0.9512195121951219,1.0,True,False,2,445,4,426,"['stage1_n5__from__root__c05', 'stage2_n5__from__n0005__c03', 'stage3_n5__from__n0022__c03', 'stage4_n2__from__n0073__c01', 'stage5_n2__from__n0212__c02']","['stage1_n5__from__root__c05', 'stage2_n5__from__n0005__c03', 'stage3_n5__from__n0022__c03', 'stage4_n2__from__n0073__c01', 'stage5_n2__from__n0212__c02']",[],0.0,0.1260079963789982
123,7,11,8,[mms_issue]airplane_mode_on|bad_network_preference|bad_wifi_calling|break_apn_mms_setting|break_app_storage_permission|data_mode_off|data_usage_exceeded|unseat_sim_card|user_abroad_roaming_disabled_off[PERSONA:Easy],True,True,False,0.9516129032258065,1.0,True,False,2,447,4,430,"['stage1_n2__from__root__c02', 'stage2_n3__from__n0002__c03', 'stage3_n5__from__n0011__c03', 'stage4_n3__from__n0040__c02', 'stage5_n3__from__n0117__c03']","['stage1_n2__from__root__c02', 'stage2_n3__from__n0002__c03', 'stage3_n5__from__n0011__c03', 'stage4_n3__from__n0040__c02', 'stage5_n3__from__n0117__c03']",[],2.0,0.20701825588412795
124,7,12,17,[mms_issue]airplane_mode_on|bad_network_preference|bad_wifi_calling|break_apn_mms_setting|break_app_storage_permission|data_mode_off|data_usage_exceeded|unseat_sim_card|user_abroad_roaming_disabled_on[PERSONA:Easy],True,True,False,0.952,1.0,True,False,3,450,5,435,"['stage1_n5__from__root__c05', 'stage2_n5__from__n0005__c03', 'stage3_n4__from__n0022__c02', 'stage4_n4__from__n0072__c03', 'stage5_n4__from__n0210__c03']","['stage1_n5__from__root__c05', 'stage2_n5__from__n0005__c03', 'stage3_n4__from__n0022__c02', 'stage4_n4__from__n0072__c03', 'stage5_n4__from__n0210__c03']",[],21.0,0.8180209716354858
125,7,13,26,[mms_issue]airplane_mode_on|bad_network_preference|bad_wifi_calling|break_apn_mms_setting|break_app_storage_permission|data_mode_off|data_usage_exceeded|unseat_sim_card|user_abroad_roaming_enabled_off[PERSONA:Easy],True,False,True,0.9444444444444444,0.9,False,True,0,450,5,440,"['stage1_n4__from__root__c04', 'stage2_n2__from__n0004__c02', 'stage3_n5__from__n0016__c04', 'stage4_n5__from__n0055__c04', 'stage5_n5__from__n0155__c03']",[],"['stage1_n4__from__root__c04', 'stage2_n2__from__n0004__c02', 'stage3_n5__from__n0016__c04', 'stage4_n5__from__n0055__c04', 'stage5_n5__from__n0155__c03']",20.5,0.7497414001207
126,7,14,14,[mms_issue]airplane_mode_on|bad_network_preference|bad_wifi_calling|break_apn_mms_setting|break_app_storage_permission|unseat_sim_card[PERSONA:Easy],False,True,False,0.9448818897637795,0.9,True,False,5,455,2,442,"['stage1_n4__from__root__c04', 'stage2_n1__from__n0004__c01', 'stage3_n1__from__n0015__c01', 'stage4_n1__from__n0050__c01', 'stage5_n2__from__n0143__c02']","['stage1_n4__from__root__c04', 'stage2_n1__from__n0004__c01', 'stage3_n1__from__n0015__c01', 'stage4_n1__from__n0050__c01', 'stage5_n2__from__n0143__c02']",[],0.0,0.11955853952926976
127,7,15,87,[mms_issue]airplane_mode_on|break_apn_mms_setting|break_app_both_permissions|user_abroad_roaming_disabled_off[PERSONA:None],False,False,True,0.9375,0.8,False,True,0,455,5,447,"['stage1_n5__from__root__c05', 'stage2_n5__from__n0005__c03', 'stage3_n4__from__n0022__c02', 'stage4_n4__from__n0072__c03', 'stage5_n5__from__n0210__c04']",[],"['stage1_n5__from__root__c05', 'stage2_n5__from__n0005__c03', 'stage3_n4__from__n0022__c02', 'stage4_n4__from__n0072__c03', 'stage5_n5__from__n0210__c04']",3.0,0.24024743512371757
